ISO-10303-21;
HEADER;
/* Generated by software containing ST-Developer
 * from STEP Tools, Inc. (www.steptools.com) 
 */

FILE_DESCRIPTION(
/* description */ (''),
/* implementation_level */ '2;1');

FILE_NAME(
/* name */ 'body.step',
/* time_stamp */ '2026-04-03T17:40:48+09:00',
/* author */ (''),
/* organization */ (''),
/* preprocessor_version */ 'ST-DEVELOPER v20.1',
/* originating_system */ 'Autodesk Translation Framework v14.24.0.0',
/* authorisation */ '');

FILE_SCHEMA (('AUTOMOTIVE_DESIGN { 1 0 10303 214 3 1 1 }'));
ENDSEC;

DATA;
#10=MECHANICAL_DESIGN_GEOMETRIC_PRESENTATION_REPRESENTATION('',(#271,#272,
#273,#274,#275,#276,#277,#278,#279,#280,#281),#19039);
#11=ITEM_DEFINED_TRANSFORMATION($,$,#10701,#11849);
#12=ITEM_DEFINED_TRANSFORMATION($,$,#11760,#11850);
#13=ITEM_DEFINED_TRANSFORMATION($,$,#10798,#11851);
#14=ITEM_DEFINED_TRANSFORMATION($,$,#11015,#11852);
#15=ITEM_DEFINED_TRANSFORMATION($,$,#11396,#11853);
#16=ITEM_DEFINED_TRANSFORMATION($,$,#11776,#11854);
#17=ITEM_DEFINED_TRANSFORMATION($,$,#11792,#11855);
#18=ITEM_DEFINED_TRANSFORMATION($,$,#11806,#11856);
#19=ITEM_DEFINED_TRANSFORMATION($,$,#11408,#11857);
#20=ITEM_DEFINED_TRANSFORMATION($,$,#11681,#11858);
#21=ITEM_DEFINED_TRANSFORMATION($,$,#11816,#11859);
#22=ITEM_DEFINED_TRANSFORMATION($,$,#11760,#11860);
#23=ITEM_DEFINED_TRANSFORMATION($,$,#11760,#11861);
#24=ITEM_DEFINED_TRANSFORMATION($,$,#11760,#11862);
#25=ITEM_DEFINED_TRANSFORMATION($,$,#11776,#11863);
#26=ITEM_DEFINED_TRANSFORMATION($,$,#11776,#11864);
#27=ITEM_DEFINED_TRANSFORMATION($,$,#11776,#11865);
#28=ITEM_DEFINED_TRANSFORMATION($,$,#11792,#11866);
#29=ITEM_DEFINED_TRANSFORMATION($,$,#11792,#11867);
#30=ITEM_DEFINED_TRANSFORMATION($,$,#11792,#11868);
#31=ITEM_DEFINED_TRANSFORMATION($,$,#11806,#11869);
#32=ITEM_DEFINED_TRANSFORMATION($,$,#11806,#11870);
#33=ITEM_DEFINED_TRANSFORMATION($,$,#11806,#11871);
#34=ITEM_DEFINED_TRANSFORMATION($,$,#11816,#11872);
#35=(
REPRESENTATION_RELATIONSHIP($,$,#19093,#19092)
REPRESENTATION_RELATIONSHIP_WITH_TRANSFORMATION(#11)
SHAPE_REPRESENTATION_RELATIONSHIP()
);
#36=(
REPRESENTATION_RELATIONSHIP($,$,#19099,#19092)
REPRESENTATION_RELATIONSHIP_WITH_TRANSFORMATION(#12)
SHAPE_REPRESENTATION_RELATIONSHIP()
);
#37=(
REPRESENTATION_RELATIONSHIP($,$,#19094,#19092)
REPRESENTATION_RELATIONSHIP_WITH_TRANSFORMATION(#13)
SHAPE_REPRESENTATION_RELATIONSHIP()
);
#38=(
REPRESENTATION_RELATIONSHIP($,$,#19095,#19092)
REPRESENTATION_RELATIONSHIP_WITH_TRANSFORMATION(#14)
SHAPE_REPRESENTATION_RELATIONSHIP()
);
#39=(
REPRESENTATION_RELATIONSHIP($,$,#19096,#19092)
REPRESENTATION_RELATIONSHIP_WITH_TRANSFORMATION(#15)
SHAPE_REPRESENTATION_RELATIONSHIP()
);
#40=(
REPRESENTATION_RELATIONSHIP($,$,#19100,#19092)
REPRESENTATION_RELATIONSHIP_WITH_TRANSFORMATION(#16)
SHAPE_REPRESENTATION_RELATIONSHIP()
);
#41=(
REPRESENTATION_RELATIONSHIP($,$,#19101,#19092)
REPRESENTATION_RELATIONSHIP_WITH_TRANSFORMATION(#17)
SHAPE_REPRESENTATION_RELATIONSHIP()
);
#42=(
REPRESENTATION_RELATIONSHIP($,$,#19102,#19092)
REPRESENTATION_RELATIONSHIP_WITH_TRANSFORMATION(#18)
SHAPE_REPRESENTATION_RELATIONSHIP()
);
#43=(
REPRESENTATION_RELATIONSHIP($,$,#19097,#19092)
REPRESENTATION_RELATIONSHIP_WITH_TRANSFORMATION(#19)
SHAPE_REPRESENTATION_RELATIONSHIP()
);
#44=(
REPRESENTATION_RELATIONSHIP($,$,#19098,#19092)
REPRESENTATION_RELATIONSHIP_WITH_TRANSFORMATION(#20)
SHAPE_REPRESENTATION_RELATIONSHIP()
);
#45=(
REPRESENTATION_RELATIONSHIP($,$,#19103,#19092)
REPRESENTATION_RELATIONSHIP_WITH_TRANSFORMATION(#21)
SHAPE_REPRESENTATION_RELATIONSHIP()
);
#46=(
REPRESENTATION_RELATIONSHIP($,$,#19099,#19092)
REPRESENTATION_RELATIONSHIP_WITH_TRANSFORMATION(#22)
SHAPE_REPRESENTATION_RELATIONSHIP()
);
#47=(
REPRESENTATION_RELATIONSHIP($,$,#19099,#19092)
REPRESENTATION_RELATIONSHIP_WITH_TRANSFORMATION(#23)
SHAPE_REPRESENTATION_RELATIONSHIP()
);
#48=(
REPRESENTATION_RELATIONSHIP($,$,#19099,#19092)
REPRESENTATION_RELATIONSHIP_WITH_TRANSFORMATION(#24)
SHAPE_REPRESENTATION_RELATIONSHIP()
);
#49=(
REPRESENTATION_RELATIONSHIP($,$,#19100,#19092)
REPRESENTATION_RELATIONSHIP_WITH_TRANSFORMATION(#25)
SHAPE_REPRESENTATION_RELATIONSHIP()
);
#50=(
REPRESENTATION_RELATIONSHIP($,$,#19100,#19092)
REPRESENTATION_RELATIONSHIP_WITH_TRANSFORMATION(#26)
SHAPE_REPRESENTATION_RELATIONSHIP()
);
#51=(
REPRESENTATION_RELATIONSHIP($,$,#19100,#19092)
REPRESENTATION_RELATIONSHIP_WITH_TRANSFORMATION(#27)
SHAPE_REPRESENTATION_RELATIONSHIP()
);
#52=(
REPRESENTATION_RELATIONSHIP($,$,#19101,#19092)
REPRESENTATION_RELATIONSHIP_WITH_TRANSFORMATION(#28)
SHAPE_REPRESENTATION_RELATIONSHIP()
);
#53=(
REPRESENTATION_RELATIONSHIP($,$,#19101,#19092)
REPRESENTATION_RELATIONSHIP_WITH_TRANSFORMATION(#29)
SHAPE_REPRESENTATION_RELATIONSHIP()
);
#54=(
REPRESENTATION_RELATIONSHIP($,$,#19101,#19092)
REPRESENTATION_RELATIONSHIP_WITH_TRANSFORMATION(#30)
SHAPE_REPRESENTATION_RELATIONSHIP()
);
#55=(
REPRESENTATION_RELATIONSHIP($,$,#19102,#19092)
REPRESENTATION_RELATIONSHIP_WITH_TRANSFORMATION(#31)
SHAPE_REPRESENTATION_RELATIONSHIP()
);
#56=(
REPRESENTATION_RELATIONSHIP($,$,#19102,#19092)
REPRESENTATION_RELATIONSHIP_WITH_TRANSFORMATION(#32)
SHAPE_REPRESENTATION_RELATIONSHIP()
);
#57=(
REPRESENTATION_RELATIONSHIP($,$,#19102,#19092)
REPRESENTATION_RELATIONSHIP_WITH_TRANSFORMATION(#33)
SHAPE_REPRESENTATION_RELATIONSHIP()
);
#58=(
REPRESENTATION_RELATIONSHIP($,$,#19103,#19092)
REPRESENTATION_RELATIONSHIP_WITH_TRANSFORMATION(#34)
SHAPE_REPRESENTATION_RELATIONSHIP()
);
#59=CONTEXT_DEPENDENT_SHAPE_REPRESENTATION(#35,#19068);
#60=CONTEXT_DEPENDENT_SHAPE_REPRESENTATION(#36,#19069);
#61=CONTEXT_DEPENDENT_SHAPE_REPRESENTATION(#37,#19070);
#62=CONTEXT_DEPENDENT_SHAPE_REPRESENTATION(#38,#19071);
#63=CONTEXT_DEPENDENT_SHAPE_REPRESENTATION(#39,#19072);
#64=CONTEXT_DEPENDENT_SHAPE_REPRESENTATION(#40,#19073);
#65=CONTEXT_DEPENDENT_SHAPE_REPRESENTATION(#41,#19074);
#66=CONTEXT_DEPENDENT_SHAPE_REPRESENTATION(#42,#19075);
#67=CONTEXT_DEPENDENT_SHAPE_REPRESENTATION(#43,#19076);
#68=CONTEXT_DEPENDENT_SHAPE_REPRESENTATION(#44,#19077);
#69=CONTEXT_DEPENDENT_SHAPE_REPRESENTATION(#45,#19078);
#70=CONTEXT_DEPENDENT_SHAPE_REPRESENTATION(#46,#19079);
#71=CONTEXT_DEPENDENT_SHAPE_REPRESENTATION(#47,#19080);
#72=CONTEXT_DEPENDENT_SHAPE_REPRESENTATION(#48,#19081);
#73=CONTEXT_DEPENDENT_SHAPE_REPRESENTATION(#49,#19082);
#74=CONTEXT_DEPENDENT_SHAPE_REPRESENTATION(#50,#19083);
#75=CONTEXT_DEPENDENT_SHAPE_REPRESENTATION(#51,#19084);
#76=CONTEXT_DEPENDENT_SHAPE_REPRESENTATION(#52,#19085);
#77=CONTEXT_DEPENDENT_SHAPE_REPRESENTATION(#53,#19086);
#78=CONTEXT_DEPENDENT_SHAPE_REPRESENTATION(#54,#19087);
#79=CONTEXT_DEPENDENT_SHAPE_REPRESENTATION(#55,#19088);
#80=CONTEXT_DEPENDENT_SHAPE_REPRESENTATION(#56,#19089);
#81=CONTEXT_DEPENDENT_SHAPE_REPRESENTATION(#57,#19090);
#82=CONTEXT_DEPENDENT_SHAPE_REPRESENTATION(#58,#19091);
#83=NEXT_ASSEMBLY_USAGE_OCCURRENCE(
'\X\B8\X\B4\X\BC\X\FE \X\B8\X\B4\X\BC\X\FE \X\B8\X\B4\X\BC\X\FE PGE-50
U\X\BC\X\FE\X\C1\X\AC\X\BD\X\D3\X\B0\X\E5^\X\B5\X\E7\X\D7\X\A6\X\D6\X\F7
\X\CC\X\E5_PGEA-100-40-W-\X\D0\X\E9\X\C4\X\E2\X\D7\X\E9\X\BC\X\FE:1',
'\X\B8\X\B4\X\BC\X\FE \X\B8\X\B4\X\BC\X\FE \X\B8\X\B4\X\BC\X\FE PGE-50
U\X\BC\X\FE\X\C1\X\AC\X\BD\X\D3\X\B0\X\E5^\X\B5\X\E7\X\D7\X\A6\X\D6\X\F7
\X\CC\X\E5_PGEA-100-40-W-\X\D0\X\E9\X\C4\X\E2\X\D7\X\E9\X\BC\X\FE:1',
'\X\B8\X\B4\X\BC\X\FE \X\B8\X\B4\X\BC\X\FE \X\B8\X\B4\X\BC\X\FE PGE-50
U\X\BC\X\FE\X\C1\X\AC\X\BD\X\D3\X\B0\X\E5^\X\B5\X\E7\X\D7\X\A6\X\D6\X\F7
\X\CC\X\E5_PGEA-100-40-W-\X\D0\X\E9\X\C4\X\E2\X\D7\X\E9\X\BC\X\FE:1',#19105,
#19106,
'\X\B8\X\B4\X\BC\X\FE \X\B8\X\B4\X\BC\X\FE \X\B8\X\B4\X\BC\X\FE PGE-50
U\X\BC\X\FE\X\C1\X\AC\X\BD\X\D3\X\B0\X\E5^\X\B5\X\E7\X\D7\X\A6\X\D6\X\F7
\X\CC\X\E5_PGEA-100-40-W-\X\D0\X\E9\X\C4\X\E2\X\D7\X\E9\X\BC\X\FE:1');
#84=NEXT_ASSEMBLY_USAGE_OCCURRENCE(
'hexagon socket head cap screws gb._GB_FASTENER_SCREWS_HSHCS M2X8-N:1',
'hexagon socket head cap screws gb._GB_FASTENER_SCREWS_HSHCS M2X8-N:1',
'hexagon socket head cap screws gb._GB_FASTENER_SCREWS_HSHCS M2X8-N:1',
#19105,#19112,
'hexagon socket head cap screws gb._GB_FASTENER_SCREWS_HSHCS M2X8-N:1');
#85=NEXT_ASSEMBLY_USAGE_OCCURRENCE('PGEA\X\B5\X\D7\X\B8\X\C7:1',
'PGEA\X\B5\X\D7\X\B8\X\C7:1','PGEA\X\B5\X\D7\X\B8\X\C7:1',#19105,#19107,
'PGEA\X\B5\X\D7\X\B8\X\C7:1');
#86=NEXT_ASSEMBLY_USAGE_OCCURRENCE('PGE50_Main cover:1',
'PGE50_Main cover:1','PGE50_Main cover:1',#19105,#19108,
'PGE50_Main cover:1');
#87=NEXT_ASSEMBLY_USAGE_OCCURRENCE('LIGHT-PIPE:1','LIGHT-PIPE:1',
'LIGHT-PIPE:1',#19105,#19109,'LIGHT-PIPE:1');
#88=NEXT_ASSEMBLY_USAGE_OCCURRENCE(
'hexagon socket head cap screws gb._GB_FASTENER_SCREWS_HSHCS M2X16-N:1',
'hexagon socket head cap screws gb._GB_FASTENER_SCREWS_HSHCS M2X16-N:1',
'hexagon socket head cap screws gb._GB_FASTENER_SCREWS_HSHCS M2X16-N:1',
#19105,#19113,
'hexagon socket head cap screws gb._GB_FASTENER_SCREWS_HSHCS M2X16-N:1');
#89=NEXT_ASSEMBLY_USAGE_OCCURRENCE(
'\X\B8\X\B4\X\BC\X\FE M2.5x25 \X\CD\X\B7\X\BE\X\B63.8\X\BF\X\ED\X\B6\X\C8
2.5\X\D0\X\A1\X\D4\X\B2\X\D6\X\F9\X\CD\X\B7^\X\B5\X\E7\X\D7\X\A6\X\D6\X\F7
\X\CC\X\E5_PGEA-100-40-W-\X\D0\X\E9\X\C4\X\E2\X\D7\X\E9\X\BC\X\FE:1',
'\X\B8\X\B4\X\BC\X\FE M2.5x25 \X\CD\X\B7\X\BE\X\B63.8\X\BF\X\ED\X\B6\X\C8
2.5\X\D0\X\A1\X\D4\X\B2\X\D6\X\F9\X\CD\X\B7^\X\B5\X\E7\X\D7\X\A6\X\D6\X\F7
\X\CC\X\E5_PGEA-100-40-W-\X\D0\X\E9\X\C4\X\E2\X\D7\X\E9\X\BC\X\FE:1',
'\X\B8\X\B4\X\BC\X\FE M2.5x25 \X\CD\X\B7\X\BE\X\B63.8\X\BF\X\ED\X\B6\X\C8
2.5\X\D0\X\A1\X\D4\X\B2\X\D6\X\F9\X\CD\X\B7^\X\B5\X\E7\X\D7\X\A6\X\D6\X\F7
\X\CC\X\E5_PGEA-100-40-W-\X\D0\X\E9\X\C4\X\E2\X\D7\X\E9\X\BC\X\FE:1',#19105,
#19114,
'\X\B8\X\B4\X\BC\X\FE M2.5x25 \X\CD\X\B7\X\BE\X\B63.8\X\BF\X\ED\X\B6\X\C8
2.5\X\D0\X\A1\X\D4\X\B2\X\D6\X\F9\X\CD\X\B7^\X\B5\X\E7\X\D7\X\A6\X\D6\X\F7
\X\CC\X\E5_PGEA-100-40-W-\X\D0\X\E9\X\C4\X\E2\X\D7\X\E9\X\BC\X\FE:1');
#90=NEXT_ASSEMBLY_USAGE_OCCURRENCE(
'\X\B8\X\B4\X\BC\X\FE M2-4-4\X\CD\X\B7-0.5\X\BA\X\F1^\X\B5\X\E7\X\D7\X\A6
\X\D6\X\F7\X\CC\X\E5_PGEA-100-40-W-\X\D0\X\E9\X\C4\X\E2\X\D7\X\E9\X\BC
\X\FE:1',
'\X\B8\X\B4\X\BC\X\FE M2-4-4\X\CD\X\B7-0.5\X\BA\X\F1^\X\B5\X\E7\X\D7\X\A6
\X\D6\X\F7\X\CC\X\E5_PGEA-100-40-W-\X\D0\X\E9\X\C4\X\E2\X\D7\X\E9\X\BC
\X\FE:1',
'\X\B8\X\B4\X\BC\X\FE M2-4-4\X\CD\X\B7-0.5\X\BA\X\F1^\X\B5\X\E7\X\D7\X\A6
\X\D6\X\F7\X\CC\X\E5_PGEA-100-40-W-\X\D0\X\E9\X\C4\X\E2\X\D7\X\E9\X\BC
\X\FE:1',#19105,#19115,
'\X\B8\X\B4\X\BC\X\FE M2-4-4\X\CD\X\B7-0.5\X\BA\X\F1^\X\B5\X\E7\X\D7\X\A6
\X\D6\X\F7\X\CC\X\E5_PGEA-100-40-W-\X\D0\X\E9\X\C4\X\E2\X\D7\X\E9\X\BC
\X\FE:1');
#91=NEXT_ASSEMBLY_USAGE_OCCURRENCE(
'\X\B8\X\B4\X\BC\X\FE M12-PGEA-\X\C6\X\D5\X\CD\X\A8\X\CD\X\F8\X\CE\X\B2
V2-20241122^\X\B5\X\E7\X\D7\X\A6\X\D6\X\F7\X\CC\X\E5_PGEA-100-40-W-\X\D0
\X\E9\X\C4\X\E2\X\D7\X\E9\X\BC\X\FE:1',
'\X\B8\X\B4\X\BC\X\FE M12-PGEA-\X\C6\X\D5\X\CD\X\A8\X\CD\X\F8\X\CE\X\B2
V2-20241122^\X\B5\X\E7\X\D7\X\A6\X\D6\X\F7\X\CC\X\E5_PGEA-100-40-W-\X\D0
\X\E9\X\C4\X\E2\X\D7\X\E9\X\BC\X\FE:1',
'\X\B8\X\B4\X\BC\X\FE M12-PGEA-\X\C6\X\D5\X\CD\X\A8\X\CD\X\F8\X\CE\X\B2
V2-20241122^\X\B5\X\E7\X\D7\X\A6\X\D6\X\F7\X\CC\X\E5_PGEA-100-40-W-\X\D0
\X\E9\X\C4\X\E2\X\D7\X\E9\X\BC\X\FE:1',#19105,#19110,
'\X\B8\X\B4\X\BC\X\FE M12-PGEA-\X\C6\X\D5\X\CD\X\A8\X\CD\X\F8\X\CE\X\B2
V2-20241122^\X\B5\X\E7\X\D7\X\A6\X\D6\X\F7\X\CC\X\E5_PGEA-100-40-W-\X\D0
\X\E9\X\C4\X\E2\X\D7\X\E9\X\BC\X\FE:1');
#92=NEXT_ASSEMBLY_USAGE_OCCURRENCE(
'\X\B8\X\B4\X\BC\X\FE \X\CD\X\F8\X\CE\X\B2\X\B0\X\B2\X\D7\X\B0\X\BC\X\FE
A-20241119^\X\B5\X\E7\X\D7\X\A6\X\D6\X\F7\X\CC\X\E5_PGEA-100-40-W-\X\D0
\X\E9\X\C4\X\E2\X\D7\X\E9\X\BC\X\FE:1',
'\X\B8\X\B4\X\BC\X\FE \X\CD\X\F8\X\CE\X\B2\X\B0\X\B2\X\D7\X\B0\X\BC\X\FE
A-20241119^\X\B5\X\E7\X\D7\X\A6\X\D6\X\F7\X\CC\X\E5_PGEA-100-40-W-\X\D0
\X\E9\X\C4\X\E2\X\D7\X\E9\X\BC\X\FE:1',
'\X\B8\X\B4\X\BC\X\FE \X\CD\X\F8\X\CE\X\B2\X\B0\X\B2\X\D7\X\B0\X\BC\X\FE
A-20241119^\X\B5\X\E7\X\D7\X\A6\X\D6\X\F7\X\CC\X\E5_PGEA-100-40-W-\X\D0
\X\E9\X\C4\X\E2\X\D7\X\E9\X\BC\X\FE:1',#19105,#19111,
'\X\B8\X\B4\X\BC\X\FE \X\CD\X\F8\X\CE\X\B2\X\B0\X\B2\X\D7\X\B0\X\BC\X\FE
A-20241119^\X\B5\X\E7\X\D7\X\A6\X\D6\X\F7\X\CC\X\E5_PGEA-100-40-W-\X\D0
\X\E9\X\C4\X\E2\X\D7\X\E9\X\BC\X\FE:1');
#93=NEXT_ASSEMBLY_USAGE_OCCURRENCE(
'\X\B8\X\B4\X\BC\X\FE \X\B5\X\B2\X\C6\X\AC\X\D3\X\C5\X\BB\X\AF^\X\B5\X\E7
\X\D7\X\A6\X\D6\X\F7\X\CC\X\E5_PGEA-100-40-W-\X\D0\X\E9\X\C4\X\E2\X\D7
\X\E9\X\BC\X\FE:1',
'\X\B8\X\B4\X\BC\X\FE \X\B5\X\B2\X\C6\X\AC\X\D3\X\C5\X\BB\X\AF^\X\B5\X\E7
\X\D7\X\A6\X\D6\X\F7\X\CC\X\E5_PGEA-100-40-W-\X\D0\X\E9\X\C4\X\E2\X\D7
\X\E9\X\BC\X\FE:1',
'\X\B8\X\B4\X\BC\X\FE \X\B5\X\B2\X\C6\X\AC\X\D3\X\C5\X\BB\X\AF^\X\B5\X\E7
\X\D7\X\A6\X\D6\X\F7\X\CC\X\E5_PGEA-100-40-W-\X\D0\X\E9\X\C4\X\E2\X\D7
\X\E9\X\BC\X\FE:1',#19105,#19116,
'\X\B8\X\B4\X\BC\X\FE \X\B5\X\B2\X\C6\X\AC\X\D3\X\C5\X\BB\X\AF^\X\B5\X\E7
\X\D7\X\A6\X\D6\X\F7\X\CC\X\E5_PGEA-100-40-W-\X\D0\X\E9\X\C4\X\E2\X\D7
\X\E9\X\BC\X\FE:1');
#94=NEXT_ASSEMBLY_USAGE_OCCURRENCE(
'hexagon socket head cap screws gb._GB_FASTENER_SCREWS_HSHCS M2X8-N:2',
'hexagon socket head cap screws gb._GB_FASTENER_SCREWS_HSHCS M2X8-N:2',
'hexagon socket head cap screws gb._GB_FASTENER_SCREWS_HSHCS M2X8-N:2',
#19105,#19112,
'hexagon socket head cap screws gb._GB_FASTENER_SCREWS_HSHCS M2X8-N:2');
#95=NEXT_ASSEMBLY_USAGE_OCCURRENCE(
'hexagon socket head cap screws gb._GB_FASTENER_SCREWS_HSHCS M2X8-N:3',
'hexagon socket head cap screws gb._GB_FASTENER_SCREWS_HSHCS M2X8-N:3',
'hexagon socket head cap screws gb._GB_FASTENER_SCREWS_HSHCS M2X8-N:3',
#19105,#19112,
'hexagon socket head cap screws gb._GB_FASTENER_SCREWS_HSHCS M2X8-N:3');
#96=NEXT_ASSEMBLY_USAGE_OCCURRENCE(
'hexagon socket head cap screws gb._GB_FASTENER_SCREWS_HSHCS M2X8-N:4',
'hexagon socket head cap screws gb._GB_FASTENER_SCREWS_HSHCS M2X8-N:4',
'hexagon socket head cap screws gb._GB_FASTENER_SCREWS_HSHCS M2X8-N:4',
#19105,#19112,
'hexagon socket head cap screws gb._GB_FASTENER_SCREWS_HSHCS M2X8-N:4');
#97=NEXT_ASSEMBLY_USAGE_OCCURRENCE(
'hexagon socket head cap screws gb._GB_FASTENER_SCREWS_HSHCS M2X16-N:2',
'hexagon socket head cap screws gb._GB_FASTENER_SCREWS_HSHCS M2X16-N:2',
'hexagon socket head cap screws gb._GB_FASTENER_SCREWS_HSHCS M2X16-N:2',
#19105,#19113,
'hexagon socket head cap screws gb._GB_FASTENER_SCREWS_HSHCS M2X16-N:2');
#98=NEXT_ASSEMBLY_USAGE_OCCURRENCE(
'hexagon socket head cap screws gb._GB_FASTENER_SCREWS_HSHCS M2X16-N:3',
'hexagon socket head cap screws gb._GB_FASTENER_SCREWS_HSHCS M2X16-N:3',
'hexagon socket head cap screws gb._GB_FASTENER_SCREWS_HSHCS M2X16-N:3',
#19105,#19113,
'hexagon socket head cap screws gb._GB_FASTENER_SCREWS_HSHCS M2X16-N:3');
#99=NEXT_ASSEMBLY_USAGE_OCCURRENCE(
'hexagon socket head cap screws gb._GB_FASTENER_SCREWS_HSHCS M2X16-N:4',
'hexagon socket head cap screws gb._GB_FASTENER_SCREWS_HSHCS M2X16-N:4',
'hexagon socket head cap screws gb._GB_FASTENER_SCREWS_HSHCS M2X16-N:4',
#19105,#19113,
'hexagon socket head cap screws gb._GB_FASTENER_SCREWS_HSHCS M2X16-N:4');
#100=NEXT_ASSEMBLY_USAGE_OCCURRENCE(
'\X\B8\X\B4\X\BC\X\FE M2.5x25 \X\CD\X\B7\X\BE\X\B63.8\X\BF\X\ED\X\B6\X\C8
2.5\X\D0\X\A1\X\D4\X\B2\X\D6\X\F9\X\CD\X\B7^\X\B5\X\E7\X\D7\X\A6\X\D6\X\F7
\X\CC\X\E5_PGEA-100-40-W-\X\D0\X\E9\X\C4\X\E2\X\D7\X\E9\X\BC\X\FE:2',
'\X\B8\X\B4\X\BC\X\FE M2.5x25 \X\CD\X\B7\X\BE\X\B63.8\X\BF\X\ED\X\B6\X\C8
2.5\X\D0\X\A1\X\D4\X\B2\X\D6\X\F9\X\CD\X\B7^\X\B5\X\E7\X\D7\X\A6\X\D6\X\F7
\X\CC\X\E5_PGEA-100-40-W-\X\D0\X\E9\X\C4\X\E2\X\D7\X\E9\X\BC\X\FE:2',
'\X\B8\X\B4\X\BC\X\FE M2.5x25 \X\CD\X\B7\X\BE\X\B63.8\X\BF\X\ED\X\B6\X\C8
2.5\X\D0\X\A1\X\D4\X\B2\X\D6\X\F9\X\CD\X\B7^\X\B5\X\E7\X\D7\X\A6\X\D6\X\F7
\X\CC\X\E5_PGEA-100-40-W-\X\D0\X\E9\X\C4\X\E2\X\D7\X\E9\X\BC\X\FE:2',#19105,
#19114,
'\X\B8\X\B4\X\BC\X\FE M2.5x25 \X\CD\X\B7\X\BE\X\B63.8\X\BF\X\ED\X\B6\X\C8
2.5\X\D0\X\A1\X\D4\X\B2\X\D6\X\F9\X\CD\X\B7^\X\B5\X\E7\X\D7\X\A6\X\D6\X\F7
\X\CC\X\E5_PGEA-100-40-W-\X\D0\X\E9\X\C4\X\E2\X\D7\X\E9\X\BC\X\FE:2');
#101=NEXT_ASSEMBLY_USAGE_OCCURRENCE(
'\X\B8\X\B4\X\BC\X\FE M2.5x25 \X\CD\X\B7\X\BE\X\B63.8\X\BF\X\ED\X\B6\X\C8
2.5\X\D0\X\A1\X\D4\X\B2\X\D6\X\F9\X\CD\X\B7^\X\B5\X\E7\X\D7\X\A6\X\D6\X\F7
\X\CC\X\E5_PGEA-100-40-W-\X\D0\X\E9\X\C4\X\E2\X\D7\X\E9\X\BC\X\FE:3',
'\X\B8\X\B4\X\BC\X\FE M2.5x25 \X\CD\X\B7\X\BE\X\B63.8\X\BF\X\ED\X\B6\X\C8
2.5\X\D0\X\A1\X\D4\X\B2\X\D6\X\F9\X\CD\X\B7^\X\B5\X\E7\X\D7\X\A6\X\D6\X\F7
\X\CC\X\E5_PGEA-100-40-W-\X\D0\X\E9\X\C4\X\E2\X\D7\X\E9\X\BC\X\FE:3',
'\X\B8\X\B4\X\BC\X\FE M2.5x25 \X\CD\X\B7\X\BE\X\B63.8\X\BF\X\ED\X\B6\X\C8
2.5\X\D0\X\A1\X\D4\X\B2\X\D6\X\F9\X\CD\X\B7^\X\B5\X\E7\X\D7\X\A6\X\D6\X\F7
\X\CC\X\E5_PGEA-100-40-W-\X\D0\X\E9\X\C4\X\E2\X\D7\X\E9\X\BC\X\FE:3',#19105,
#19114,
'\X\B8\X\B4\X\BC\X\FE M2.5x25 \X\CD\X\B7\X\BE\X\B63.8\X\BF\X\ED\X\B6\X\C8
2.5\X\D0\X\A1\X\D4\X\B2\X\D6\X\F9\X\CD\X\B7^\X\B5\X\E7\X\D7\X\A6\X\D6\X\F7
\X\CC\X\E5_PGEA-100-40-W-\X\D0\X\E9\X\C4\X\E2\X\D7\X\E9\X\BC\X\FE:3');
#102=NEXT_ASSEMBLY_USAGE_OCCURRENCE(
'\X\B8\X\B4\X\BC\X\FE M2.5x25 \X\CD\X\B7\X\BE\X\B63.8\X\BF\X\ED\X\B6\X\C8
2.5\X\D0\X\A1\X\D4\X\B2\X\D6\X\F9\X\CD\X\B7^\X\B5\X\E7\X\D7\X\A6\X\D6\X\F7
\X\CC\X\E5_PGEA-100-40-W-\X\D0\X\E9\X\C4\X\E2\X\D7\X\E9\X\BC\X\FE:4',
'\X\B8\X\B4\X\BC\X\FE M2.5x25 \X\CD\X\B7\X\BE\X\B63.8\X\BF\X\ED\X\B6\X\C8
2.5\X\D0\X\A1\X\D4\X\B2\X\D6\X\F9\X\CD\X\B7^\X\B5\X\E7\X\D7\X\A6\X\D6\X\F7
\X\CC\X\E5_PGEA-100-40-W-\X\D0\X\E9\X\C4\X\E2\X\D7\X\E9\X\BC\X\FE:4',
'\X\B8\X\B4\X\BC\X\FE M2.5x25 \X\CD\X\B7\X\BE\X\B63.8\X\BF\X\ED\X\B6\X\C8
2.5\X\D0\X\A1\X\D4\X\B2\X\D6\X\F9\X\CD\X\B7^\X\B5\X\E7\X\D7\X\A6\X\D6\X\F7
\X\CC\X\E5_PGEA-100-40-W-\X\D0\X\E9\X\C4\X\E2\X\D7\X\E9\X\BC\X\FE:4',#19105,
#19114,
'\X\B8\X\B4\X\BC\X\FE M2.5x25 \X\CD\X\B7\X\BE\X\B63.8\X\BF\X\ED\X\B6\X\C8
2.5\X\D0\X\A1\X\D4\X\B2\X\D6\X\F9\X\CD\X\B7^\X\B5\X\E7\X\D7\X\A6\X\D6\X\F7
\X\CC\X\E5_PGEA-100-40-W-\X\D0\X\E9\X\C4\X\E2\X\D7\X\E9\X\BC\X\FE:4');
#103=NEXT_ASSEMBLY_USAGE_OCCURRENCE(
'\X\B8\X\B4\X\BC\X\FE M2-4-4\X\CD\X\B7-0.5\X\BA\X\F1^\X\B5\X\E7\X\D7\X\A6
\X\D6\X\F7\X\CC\X\E5_PGEA-100-40-W-\X\D0\X\E9\X\C4\X\E2\X\D7\X\E9\X\BC
\X\FE:2',
'\X\B8\X\B4\X\BC\X\FE M2-4-4\X\CD\X\B7-0.5\X\BA\X\F1^\X\B5\X\E7\X\D7\X\A6
\X\D6\X\F7\X\CC\X\E5_PGEA-100-40-W-\X\D0\X\E9\X\C4\X\E2\X\D7\X\E9\X\BC
\X\FE:2',
'\X\B8\X\B4\X\BC\X\FE M2-4-4\X\CD\X\B7-0.5\X\BA\X\F1^\X\B5\X\E7\X\D7\X\A6
\X\D6\X\F7\X\CC\X\E5_PGEA-100-40-W-\X\D0\X\E9\X\C4\X\E2\X\D7\X\E9\X\BC
\X\FE:2',#19105,#19115,
'\X\B8\X\B4\X\BC\X\FE M2-4-4\X\CD\X\B7-0.5\X\BA\X\F1^\X\B5\X\E7\X\D7\X\A6
\X\D6\X\F7\X\CC\X\E5_PGEA-100-40-W-\X\D0\X\E9\X\C4\X\E2\X\D7\X\E9\X\BC
\X\FE:2');
#104=NEXT_ASSEMBLY_USAGE_OCCURRENCE(
'\X\B8\X\B4\X\BC\X\FE M2-4-4\X\CD\X\B7-0.5\X\BA\X\F1^\X\B5\X\E7\X\D7\X\A6
\X\D6\X\F7\X\CC\X\E5_PGEA-100-40-W-\X\D0\X\E9\X\C4\X\E2\X\D7\X\E9\X\BC
\X\FE:3',
'\X\B8\X\B4\X\BC\X\FE M2-4-4\X\CD\X\B7-0.5\X\BA\X\F1^\X\B5\X\E7\X\D7\X\A6
\X\D6\X\F7\X\CC\X\E5_PGEA-100-40-W-\X\D0\X\E9\X\C4\X\E2\X\D7\X\E9\X\BC
\X\FE:3',
'\X\B8\X\B4\X\BC\X\FE M2-4-4\X\CD\X\B7-0.5\X\BA\X\F1^\X\B5\X\E7\X\D7\X\A6
\X\D6\X\F7\X\CC\X\E5_PGEA-100-40-W-\X\D0\X\E9\X\C4\X\E2\X\D7\X\E9\X\BC
\X\FE:3',#19105,#19115,
'\X\B8\X\B4\X\BC\X\FE M2-4-4\X\CD\X\B7-0.5\X\BA\X\F1^\X\B5\X\E7\X\D7\X\A6
\X\D6\X\F7\X\CC\X\E5_PGEA-100-40-W-\X\D0\X\E9\X\C4\X\E2\X\D7\X\E9\X\BC
\X\FE:3');
#105=NEXT_ASSEMBLY_USAGE_OCCURRENCE(
'\X\B8\X\B4\X\BC\X\FE M2-4-4\X\CD\X\B7-0.5\X\BA\X\F1^\X\B5\X\E7\X\D7\X\A6
\X\D6\X\F7\X\CC\X\E5_PGEA-100-40-W-\X\D0\X\E9\X\C4\X\E2\X\D7\X\E9\X\BC
\X\FE:4',
'\X\B8\X\B4\X\BC\X\FE M2-4-4\X\CD\X\B7-0.5\X\BA\X\F1^\X\B5\X\E7\X\D7\X\A6
\X\D6\X\F7\X\CC\X\E5_PGEA-100-40-W-\X\D0\X\E9\X\C4\X\E2\X\D7\X\E9\X\BC
\X\FE:4',
'\X\B8\X\B4\X\BC\X\FE M2-4-4\X\CD\X\B7-0.5\X\BA\X\F1^\X\B5\X\E7\X\D7\X\A6
\X\D6\X\F7\X\CC\X\E5_PGEA-100-40-W-\X\D0\X\E9\X\C4\X\E2\X\D7\X\E9\X\BC
\X\FE:4',#19105,#19115,
'\X\B8\X\B4\X\BC\X\FE M2-4-4\X\CD\X\B7-0.5\X\BA\X\F1^\X\B5\X\E7\X\D7\X\A6
\X\D6\X\F7\X\CC\X\E5_PGEA-100-40-W-\X\D0\X\E9\X\C4\X\E2\X\D7\X\E9\X\BC
\X\FE:4');
#106=NEXT_ASSEMBLY_USAGE_OCCURRENCE(
'\X\B8\X\B4\X\BC\X\FE \X\B5\X\B2\X\C6\X\AC\X\D3\X\C5\X\BB\X\AF^\X\B5\X\E7
\X\D7\X\A6\X\D6\X\F7\X\CC\X\E5_PGEA-100-40-W-\X\D0\X\E9\X\C4\X\E2\X\D7
\X\E9\X\BC\X\FE:2',
'\X\B8\X\B4\X\BC\X\FE \X\B5\X\B2\X\C6\X\AC\X\D3\X\C5\X\BB\X\AF^\X\B5\X\E7
\X\D7\X\A6\X\D6\X\F7\X\CC\X\E5_PGEA-100-40-W-\X\D0\X\E9\X\C4\X\E2\X\D7
\X\E9\X\BC\X\FE:2',
'\X\B8\X\B4\X\BC\X\FE \X\B5\X\B2\X\C6\X\AC\X\D3\X\C5\X\BB\X\AF^\X\B5\X\E7
\X\D7\X\A6\X\D6\X\F7\X\CC\X\E5_PGEA-100-40-W-\X\D0\X\E9\X\C4\X\E2\X\D7
\X\E9\X\BC\X\FE:2',#19105,#19116,
'\X\B8\X\B4\X\BC\X\FE \X\B5\X\B2\X\C6\X\AC\X\D3\X\C5\X\BB\X\AF^\X\B5\X\E7
\X\D7\X\A6\X\D6\X\F7\X\CC\X\E5_PGEA-100-40-W-\X\D0\X\E9\X\C4\X\E2\X\D7
\X\E9\X\BC\X\FE:2');
#107=(
BOUNDED_SURFACE()
B_SPLINE_SURFACE(3,2,((#17522,#17523,#17524),(#17525,#17526,#17527),(#17528,
#17529,#17530),(#17531,#17532,#17533)),.UNSPECIFIED.,.F.,.F.,.F.)
B_SPLINE_SURFACE_WITH_KNOTS((4,4),(3,3),(0.00885283040860635,0.0102751730050094),
(0.,1.),.UNSPECIFIED.)
GEOMETRIC_REPRESENTATION_ITEM()
RATIONAL_B_SPLINE_SURFACE(((1.,0.759914373447623,1.),(1.,0.759504920897114,
1.),(1.,0.759104997600671,1.),(1.,0.758713966788494,1.)))
REPRESENTATION_ITEM('')
SURFACE()
);
#108=(
BOUNDED_SURFACE()
B_SPLINE_SURFACE(3,2,((#17571,#17572,#17573),(#17574,#17575,#17576),(#17577,
#17578,#17579),(#17580,#17581,#17582)),.UNSPECIFIED.,.F.,.F.,.F.)
B_SPLINE_SURFACE_WITH_KNOTS((4,4),(3,3),(0.0088528304085949,0.0102751730049979),
(0.,1.),.UNSPECIFIED.)
GEOMETRIC_REPRESENTATION_ITEM()
RATIONAL_B_SPLINE_SURFACE(((1.,0.759914373447623,1.),(1.,0.759504920897114,
1.),(1.,0.75910499760067,1.),(1.,0.758713966788494,1.)))
REPRESENTATION_ITEM('')
SURFACE()
);
#109=(
BOUNDED_SURFACE()
B_SPLINE_SURFACE(3,3,((#17584,#17585,#17586,#17587),(#17588,#17589,#17590,
#17591),(#17592,#17593,#17594,#17595),(#17596,#17597,#17598,#17599),(#17600,
#17601,#17602,#17603),(#17604,#17605,#17606,#17607),(#17608,#17609,#17610,
#17611)),.UNSPECIFIED.,.F.,.F.,.F.)
B_SPLINE_SURFACE_WITH_KNOTS((4,3,4),(4,4),(0.,1.,1.03438837838773),(0.,
1.),.UNSPECIFIED.)
GEOMETRIC_REPRESENTATION_ITEM()
RATIONAL_B_SPLINE_SURFACE(((1.,0.410527060803365,0.410527060803365,1.),
(0.999365481052675,0.410266573604895,0.410266573604895,0.999365481052675),
(0.999365481052675,0.410266573604895,0.410266573604895,0.999365481052675),
(1.,0.410527060803365,0.410527060803365,1.),(1.,0.410527060803365,0.410527060803365,
1.),(1.,0.410527060803365,0.410527060803365,1.),(1.,0.410527060803365,0.410527060803365,
1.)))
REPRESENTATION_ITEM('')
SURFACE()
);
#110=(
BOUNDED_SURFACE()
B_SPLINE_SURFACE(3,2,((#17617,#17618,#17619),(#17620,#17621,#17622),(#17623,
#17624,#17625),(#17626,#17627,#17628)),.UNSPECIFIED.,.F.,.F.,.F.)
B_SPLINE_SURFACE_WITH_KNOTS((4,4),(3,3),(0.0104927055379551,0.0119150126340741),
(0.,1.),.UNSPECIFIED.)
GEOMETRIC_REPRESENTATION_ITEM()
RATIONAL_B_SPLINE_SURFACE(((1.,0.751579905949042,1.),(1.,0.751870208170942,
1.),(1.,0.752166197270264,1.),(1.,0.752468221566396,1.)))
REPRESENTATION_ITEM('')
SURFACE()
);
#111=(
BOUNDED_SURFACE()
B_SPLINE_SURFACE(3,2,((#17673,#17674,#17675),(#17676,#17677,#17678),(#17679,
#17680,#17681),(#17682,#17683,#17684)),.UNSPECIFIED.,.F.,.F.,.F.)
B_SPLINE_SURFACE_WITH_KNOTS((4,4),(3,3),(0.0104927055379618,0.0119150126340808),
(0.,1.),.UNSPECIFIED.)
GEOMETRIC_REPRESENTATION_ITEM()
RATIONAL_B_SPLINE_SURFACE(((1.,0.751579905949042,1.),(1.,0.751870208170942,
1.),(1.,0.752166197270264,1.),(1.,0.752468221566396,1.)))
REPRESENTATION_ITEM('')
SURFACE()
);
#112=(
BOUNDED_SURFACE()
B_SPLINE_SURFACE(3,2,((#17729,#17730,#17731),(#17732,#17733,#17734),(#17735,
#17736,#17737),(#17738,#17739,#17740)),.UNSPECIFIED.,.F.,.F.,.F.)
B_SPLINE_SURFACE_WITH_KNOTS((4,4),(3,3),(0.00968778411287852,0.0111101068471121),
(0.,1.),.UNSPECIFIED.)
GEOMETRIC_REPRESENTATION_ITEM()
RATIONAL_B_SPLINE_SURFACE(((1.,0.754881806947339,1.),(1.,0.75521686294075,
1.),(1.,0.755558971111355,1.),(1.,0.755908597067964,1.)))
REPRESENTATION_ITEM('')
SURFACE()
);
#113=(
BOUNDED_SURFACE()
B_SPLINE_SURFACE(3,2,((#17778,#17779,#17780),(#17781,#17782,#17783),(#17784,
#17785,#17786),(#17787,#17788,#17789)),.UNSPECIFIED.,.F.,.F.,.F.)
B_SPLINE_SURFACE_WITH_KNOTS((4,4),(3,3),(0.00968778411288405,0.0111101068471177),
(0.,1.),.UNSPECIFIED.)
GEOMETRIC_REPRESENTATION_ITEM()
RATIONAL_B_SPLINE_SURFACE(((1.,0.754881806947339,1.),(1.,0.75521686294075,
1.),(1.,0.755558971111355,1.),(1.,0.755908597067964,1.)))
REPRESENTATION_ITEM('')
SURFACE()
);
#114=(
BOUNDED_SURFACE()
B_SPLINE_SURFACE(3,2,((#17791,#17792,#17793),(#17794,#17795,#17796),(#17797,
#17798,#17799),(#17800,#17801,#17802)),.UNSPECIFIED.,.F.,.F.,.F.)
B_SPLINE_SURFACE_WITH_KNOTS((4,4),(3,3),(0.00928531428760051,0.0107076463392419),
(0.,1.),.UNSPECIFIED.)
GEOMETRIC_REPRESENTATION_ITEM()
RATIONAL_B_SPLINE_SURFACE(((1.,0.756723921083786,1.),(1.,0.757085342952435,
1.),(1.,0.757454666093198,1.),(1.,0.757832433336582,1.)))
REPRESENTATION_ITEM('')
SURFACE()
);
#115=(
BOUNDED_SURFACE()
B_SPLINE_SURFACE(3,3,((#17840,#17841,#17842,#17843),(#17844,#17845,#17846,
#17847),(#17848,#17849,#17850,#17851),(#17852,#17853,#17854,#17855),(#17856,
#17857,#17858,#17859),(#17860,#17861,#17862,#17863),(#17864,#17865,#17866,
#17867)),.UNSPECIFIED.,.F.,.F.,.F.)
B_SPLINE_SURFACE_WITH_KNOTS((4,3,4),(4,4),(0.,1.,1.03438837839123),(0.,
1.),.UNSPECIFIED.)
GEOMETRIC_REPRESENTATION_ITEM()
RATIONAL_B_SPLINE_SURFACE(((1.,0.834310259066659,0.834310259066659,1.),
(0.999365481052804,0.833780873399441,0.833780873399441,0.999365481052804),
(0.999365481052804,0.833780873399441,0.833780873399441,0.999365481052804),
(1.,0.834310259066659,0.834310259066659,1.),(1.,0.834310259066659,0.834310259066659,
1.),(1.,0.834310259066659,0.834310259066659,1.),(1.,0.834310259066659,0.834310259066659,
1.)))
REPRESENTATION_ITEM('')
SURFACE()
);
#116=(
BOUNDED_SURFACE()
B_SPLINE_SURFACE(3,2,((#17870,#17871,#17872),(#17873,#17874,#17875),(#17876,
#17877,#17878),(#17879,#17880,#17881)),.UNSPECIFIED.,.F.,.F.,.F.)
B_SPLINE_SURFACE_WITH_KNOTS((4,4),(3,3),(0.0100902476589744,0.0115125621256413),
(0.,1.),.UNSPECIFIED.)
GEOMETRIC_REPRESENTATION_ITEM()
RATIONAL_B_SPLINE_SURFACE(((1.,0.75317170584886,1.),(1.,0.753483181752146,
1.),(1.,0.753800978254382,1.),(1.,0.75412549700906,1.)))
REPRESENTATION_ITEM('')
SURFACE()
);
#117=(
BOUNDED_SURFACE()
B_SPLINE_SURFACE(3,2,((#17922,#17923,#17924),(#17925,#17926,#17927),(#17928,
#17929,#17930),(#17931,#17932,#17933)),.UNSPECIFIED.,.F.,.F.,.F.)
B_SPLINE_SURFACE_WITH_KNOTS((4,4),(3,3),(0.0100597687194603,0.0114820831804322),
(0.,1.),.UNSPECIFIED.)
GEOMETRIC_REPRESENTATION_ITEM()
RATIONAL_B_SPLINE_SURFACE(((1.,0.754125497009072,1.),(1.,0.75380097825372,
1.),(1.,0.753483181752014,1.),(1.,0.753171705848864,1.)))
REPRESENTATION_ITEM('')
SURFACE()
);
#118=(
BOUNDED_SURFACE()
B_SPLINE_SURFACE(3,3,((#17944,#17945,#17946,#17947),(#17948,#17949,#17950,
#17951),(#17952,#17953,#17954,#17955),(#17956,#17957,#17958,#17959),(#17960,
#17961,#17962,#17963),(#17964,#17965,#17966,#17967),(#17968,#17969,#17970,
#17971)),.UNSPECIFIED.,.F.,.F.,.F.)
B_SPLINE_SURFACE_WITH_KNOTS((4,3,4),(4,4),(0.,1.,1.03438837839123),(0.,
1.),.UNSPECIFIED.)
GEOMETRIC_REPRESENTATION_ITEM()
RATIONAL_B_SPLINE_SURFACE(((1.,0.413915614686895,0.413915614686895,1.),
(0.999365481052804,0.413652977386835,0.413652977386835,0.999365481052804),
(0.999365481052804,0.413652977386835,0.413652977386835,0.999365481052804),
(1.,0.413915614686895,0.413915614686895,1.),(1.,0.413915614686895,0.413915614686895,
1.),(1.,0.413915614686895,0.413915614686895,1.),(1.,0.413915614686895,0.413915614686895,
1.)))
REPRESENTATION_ITEM('')
SURFACE()
);
#119=(
BOUNDED_SURFACE()
B_SPLINE_SURFACE(3,2,((#17975,#17976,#17977),(#17978,#17979,#17980),(#17981,
#17982,#17983),(#17984,#17985,#17986)),.UNSPECIFIED.,.F.,.F.,.F.)
B_SPLINE_SURFACE_WITH_KNOTS((4,4),(3,3),(0.00925513931268567,0.0106774713563428),
(0.,1.),.UNSPECIFIED.)
GEOMETRIC_REPRESENTATION_ITEM()
RATIONAL_B_SPLINE_SURFACE(((1.,0.757832433336601,1.),(1.,0.757454666092054,
1.),(1.,0.75708534295221,1.),(1.,0.756723921083791,1.)))
REPRESENTATION_ITEM('')
SURFACE()
);
#120=(
BOUNDED_SURFACE()
B_SPLINE_SURFACE(3,2,((#18024,#18025,#18026),(#18027,#18028,#18029),(#18030,
#18031,#18032),(#18033,#18034,#18035)),.UNSPECIFIED.,.F.,.F.,.F.)
B_SPLINE_SURFACE_WITH_KNOTS((4,4),(3,3),(0.00928531428760657,0.010707646339248),
(0.,1.),.UNSPECIFIED.)
GEOMETRIC_REPRESENTATION_ITEM()
RATIONAL_B_SPLINE_SURFACE(((1.,0.756723921083786,1.),(1.,0.757085342952435,
1.),(1.,0.757454666093198,1.),(1.,0.757832433336582,1.)))
REPRESENTATION_ITEM('')
SURFACE()
);
#121=(
BOUNDED_SURFACE()
B_SPLINE_SURFACE(3,2,((#18037,#18038,#18039),(#18040,#18041,#18042),(#18043,
#18044,#18045),(#18046,#18047,#18048)),.UNSPECIFIED.,.F.,.F.,.F.)
B_SPLINE_SURFACE_WITH_KNOTS((4,4),(3,3),(0.0100902476589702,0.0115125621256371),
(0.,1.),.UNSPECIFIED.)
GEOMETRIC_REPRESENTATION_ITEM()
RATIONAL_B_SPLINE_SURFACE(((1.,0.753171705848859,1.),(1.,0.753483181752146,
1.),(1.,0.75380097825438,1.),(1.,0.75412549700906,1.)))
REPRESENTATION_ITEM('')
SURFACE()
);
#122=(
BOUNDED_SURFACE()
B_SPLINE_SURFACE(3,2,((#18057,#18058,#18059),(#18060,#18061,#18062),(#18063,
#18064,#18065),(#18066,#18067,#18068)),.UNSPECIFIED.,.F.,.F.,.F.)
B_SPLINE_SURFACE_WITH_KNOTS((4,4),(3,3),(0.0100597687194572,0.0114820831804292),
(0.,1.),.UNSPECIFIED.)
GEOMETRIC_REPRESENTATION_ITEM()
RATIONAL_B_SPLINE_SURFACE(((1.,0.754125497009072,1.),(1.,0.75380097825372,
1.),(1.,0.753483181752014,1.),(1.,0.753171705848864,1.)))
REPRESENTATION_ITEM('')
SURFACE()
);
#123=(
BOUNDED_SURFACE()
B_SPLINE_SURFACE(3,3,((#18071,#18072,#18073,#18074),(#18075,#18076,#18077,
#18078),(#18079,#18080,#18081,#18082),(#18083,#18084,#18085,#18086),(#18087,
#18088,#18089,#18090),(#18091,#18092,#18093,#18094),(#18095,#18096,#18097,
#18098)),.UNSPECIFIED.,.F.,.F.,.F.)
B_SPLINE_SURFACE_WITH_KNOTS((4,3,4),(4,4),(0.,1.,1.03438837839123),(0.,
1.),.UNSPECIFIED.)
GEOMETRIC_REPRESENTATION_ITEM()
RATIONAL_B_SPLINE_SURFACE(((1.,0.834310259066659,0.834310259066659,1.),
(0.999365481052804,0.833780873399441,0.833780873399441,0.999365481052804),
(0.999365481052804,0.833780873399441,0.833780873399441,0.999365481052804),
(1.,0.834310259066659,0.834310259066659,1.),(1.,0.834310259066659,0.834310259066659,
1.),(1.,0.834310259066659,0.834310259066659,1.),(1.,0.834310259066659,0.834310259066659,
1.)))
REPRESENTATION_ITEM('')
SURFACE()
);
#124=(
BOUNDED_SURFACE()
B_SPLINE_SURFACE(3,2,((#18099,#18100,#18101),(#18102,#18103,#18104),(#18105,
#18106,#18107),(#18108,#18109,#18110)),.UNSPECIFIED.,.F.,.F.,.F.)
B_SPLINE_SURFACE_WITH_KNOTS((4,4),(3,3),(0.00925513931269005,0.0106774713563471),
(0.,1.),.UNSPECIFIED.)
GEOMETRIC_REPRESENTATION_ITEM()
RATIONAL_B_SPLINE_SURFACE(((1.,0.7578324333366,1.),(1.,0.757454666092056,
1.),(1.,0.757085342952209,1.),(1.,0.756723921083791,1.)))
REPRESENTATION_ITEM('')
SURFACE()
);
#125=(
BOUNDED_SURFACE()
B_SPLINE_SURFACE(3,2,((#18148,#18149,#18150),(#18151,#18152,#18153),(#18154,
#18155,#18156),(#18157,#18158,#18159)),.UNSPECIFIED.,.F.,.F.,.F.)
B_SPLINE_SURFACE_WITH_KNOTS((4,4),(3,3),(0.00968778411288036,0.011110106847114),
(0.,1.),.UNSPECIFIED.)
GEOMETRIC_REPRESENTATION_ITEM()
RATIONAL_B_SPLINE_SURFACE(((1.,0.754881806947339,1.),(1.,0.755216862940752,
1.),(1.,0.755558971111353,1.),(1.,0.755908597067964,1.)))
REPRESENTATION_ITEM('')
SURFACE()
);
#126=(
BOUNDED_SURFACE()
B_SPLINE_SURFACE(3,2,((#18161,#18162,#18163),(#18164,#18165,#18166),(#18167,
#18168,#18169),(#18170,#18171,#18172)),.UNSPECIFIED.,.F.,.F.,.F.)
B_SPLINE_SURFACE_WITH_KNOTS((4,4),(3,3),(0.00968778411287194,0.0111101068471056),
(0.,1.),.UNSPECIFIED.)
GEOMETRIC_REPRESENTATION_ITEM()
RATIONAL_B_SPLINE_SURFACE(((1.,0.754881806947339,1.),(1.,0.755216862940752,
1.),(1.,0.755558971111352,1.),(1.,0.755908597067964,1.)))
REPRESENTATION_ITEM('')
SURFACE()
);
#127=(
BOUNDED_SURFACE()
B_SPLINE_SURFACE(3,2,((#18210,#18211,#18212),(#18213,#18214,#18215),(#18216,
#18217,#18218),(#18219,#18220,#18221)),.UNSPECIFIED.,.F.,.F.,.F.)
B_SPLINE_SURFACE_WITH_KNOTS((4,4),(3,3),(0.00885283040859757,0.0102751730050006),
(0.,1.),.UNSPECIFIED.)
GEOMETRIC_REPRESENTATION_ITEM()
RATIONAL_B_SPLINE_SURFACE(((1.,0.759914373447623,1.),(1.,0.759504920897114,
1.),(1.,0.75910499760067,1.),(1.,0.758713966788494,1.)))
REPRESENTATION_ITEM('')
SURFACE()
);
#128=(
BOUNDED_SURFACE()
B_SPLINE_SURFACE(3,2,((#18223,#18224,#18225),(#18226,#18227,#18228),(#18229,
#18230,#18231),(#18232,#18233,#18234)),.UNSPECIFIED.,.F.,.F.,.F.)
B_SPLINE_SURFACE_WITH_KNOTS((4,4),(3,3),(0.00885283040860367,0.0102751730050067),
(0.,1.),.UNSPECIFIED.)
GEOMETRIC_REPRESENTATION_ITEM()
RATIONAL_B_SPLINE_SURFACE(((1.,0.759914373447623,1.),(1.,0.759504920897114,
1.),(1.,0.759104997600671,1.),(1.,0.758713966788494,1.)))
REPRESENTATION_ITEM('')
SURFACE()
);
#129=(
BOUNDED_SURFACE()
B_SPLINE_SURFACE(3,3,((#18236,#18237,#18238,#18239),(#18240,#18241,#18242,
#18243),(#18244,#18245,#18246,#18247),(#18248,#18249,#18250,#18251),(#18252,
#18253,#18254,#18255),(#18256,#18257,#18258,#18259),(#18260,#18261,#18262,
#18263)),.UNSPECIFIED.,.F.,.F.,.F.)
B_SPLINE_SURFACE_WITH_KNOTS((4,3,4),(4,4),(0.,1.,1.03438837838771),(0.,
1.),.UNSPECIFIED.)
GEOMETRIC_REPRESENTATION_ITEM()
RATIONAL_B_SPLINE_SURFACE(((1.,0.410527060803365,0.410527060803365,1.),
(0.999365481052675,0.410266573604896,0.410266573604896,0.999365481052675),
(0.999365481052675,0.410266573604896,0.410266573604896,0.999365481052675),
(1.,0.410527060803365,0.410527060803365,1.),(1.,0.410527060803365,0.410527060803365,
1.),(1.,0.410527060803365,0.410527060803365,1.),(1.,0.410527060803365,0.410527060803365,
1.)))
REPRESENTATION_ITEM('')
SURFACE()
);
#130=(
BOUNDED_SURFACE()
B_SPLINE_SURFACE(3,2,((#18269,#18270,#18271),(#18272,#18273,#18274),(#18275,
#18276,#18277),(#18278,#18279,#18280)),.UNSPECIFIED.,.F.,.F.,.F.)
B_SPLINE_SURFACE_WITH_KNOTS((4,4),(3,3),(0.0104927055379642,0.0119150126340832),
(0.,1.),.UNSPECIFIED.)
GEOMETRIC_REPRESENTATION_ITEM()
RATIONAL_B_SPLINE_SURFACE(((1.,0.751579905949042,1.),(1.,0.751870208170943,
1.),(1.,0.752166197270264,1.),(1.,0.752468221566396,1.)))
REPRESENTATION_ITEM('')
SURFACE()
);
#131=(
BOUNDED_SURFACE()
B_SPLINE_SURFACE(3,2,((#18325,#18326,#18327),(#18328,#18329,#18330),(#18331,
#18332,#18333),(#18334,#18335,#18336)),.UNSPECIFIED.,.F.,.F.,.F.)
B_SPLINE_SURFACE_WITH_KNOTS((4,4),(3,3),(0.0104927055379579,0.0119150126340769),
(0.,1.),.UNSPECIFIED.)
GEOMETRIC_REPRESENTATION_ITEM()
RATIONAL_B_SPLINE_SURFACE(((1.,0.751579905949042,1.),(1.,0.751870208170943,
1.),(1.,0.752166197270264,1.),(1.,0.752468221566396,1.)))
REPRESENTATION_ITEM('')
SURFACE()
);
#132=B_SPLINE_CURVE_WITH_KNOTS('',3,(#17173,#17174,#17175,#17176,#17177,
#17178,#17179,#17180,#17181,#17182,#17183,#17184,#17185,#17186),
 .UNSPECIFIED.,.F.,.F.,(4,2,2,2,2,2,4),(0.,0.00438678987601677,0.00928236192222314,
0.0189457146514238,0.0306599170314485,0.0315336570101815,0.0316681340816025),
 .UNSPECIFIED.);
#133=B_SPLINE_CURVE_WITH_KNOTS('',3,(#17188,#17189,#17190,#17191,#17192,
#17193,#17194,#17195,#17196,#17197,#17198,#17199,#17200,#17201),
 .UNSPECIFIED.,.F.,.F.,(4,2,2,2,2,2,4),(-0.000165496083778627,0.,0.00107494773269208,
0.0154912432975953,0.0273836393252106,0.0334085572819421,0.0388073136907163),
 .UNSPECIFIED.);
#134=B_SPLINE_CURVE_WITH_KNOTS('',3,(#17209,#17210,#17211,#17212,#17213,
#17214,#17215,#17216,#17217,#17218,#17219,#17220,#17221,#17222),
 .UNSPECIFIED.,.F.,.F.,(4,2,2,2,2,2,4),(0.,0.0044505724446265,0.00942421452219478,
0.0190761461103883,0.0307959997075099,0.0316689129920672,0.0318039247085531),
 .UNSPECIFIED.);
#135=B_SPLINE_CURVE_WITH_KNOTS('',3,(#17224,#17225,#17226,#17227,#17228,
#17229,#17230,#17231,#17232,#17233,#17234,#17235,#17236,#17237),
 .UNSPECIFIED.,.F.,.F.,(4,2,2,2,2,2,4),(-0.000166201648223981,0.,0.00107417287928579,
0.0155015649894344,0.0273833192846114,0.0335060907624191,0.0389849287116177),
 .UNSPECIFIED.);
#136=B_SPLINE_CURVE_WITH_KNOTS('',3,(#17245,#17246,#17247,#17248,#17249,
#17250,#17251,#17252,#17253,#17254,#17255,#17256,#17257,#17258),
 .UNSPECIFIED.,.F.,.F.,(4,2,2,2,2,2,4),(-0.0326069881769617,-0.0324594351682586,
-0.0248916890985568,-0.0171772483425889,-0.00809918778199691,-0.00384716939835791,
0.),.UNSPECIFIED.);
#137=B_SPLINE_CURVE_WITH_KNOTS('',3,(#17260,#17261,#17262,#17263,#17264,
#17265,#17266,#17267,#17268,#17269,#17270,#17271,#17272,#17273),
 .UNSPECIFIED.,.F.,.F.,(4,2,2,2,2,2,4),(-0.000169705578030367,0.,0.00870323658638592,
0.0175752267415726,0.0280170284892581,0.032907800203468,0.0373328781885759),
 .UNSPECIFIED.);
#138=B_SPLINE_CURVE_WITH_KNOTS('',3,(#17281,#17282,#17283,#17284,#17285,
#17286,#17287,#17288,#17289,#17290,#17291,#17292,#17293,#17294),
 .UNSPECIFIED.,.F.,.F.,(4,2,2,2,2,2,4),(-0.0324424572757541,-0.0322955885046674,
-0.024772517177336,-0.0171051691183029,-0.00806762476560238,-0.00383226875608143,
0.),.UNSPECIFIED.);
#139=B_SPLINE_CURVE_WITH_KNOTS('',3,(#17296,#17297,#17298,#17299,#17300,
#17301,#17302,#17303,#17304,#17305,#17306,#17307,#17308,#17309),
 .UNSPECIFIED.,.F.,.F.,(4,2,2,2,2,2,4),(-0.000168664717966178,0.,0.00864002600628105,
0.0174457146284355,0.0278238617842082,0.032687478575672,0.0370882349934042),
 .UNSPECIFIED.);
#140=B_SPLINE_CURVE_WITH_KNOTS('',3,(#17317,#17318,#17319,#17320,#17321,
#17322,#17323,#17324,#17325,#17326,#17327,#17328,#17329,#17330),
 .UNSPECIFIED.,.F.,.F.,(4,2,2,2,2,2,4),(-0.0325278806409208,-0.0323806491144448,
-0.0248288309731254,-0.0171317401600497,-0.00807898782401891,-0.00383771227839159,
0.),.UNSPECIFIED.);
#141=B_SPLINE_CURVE_WITH_KNOTS('',3,(#17332,#17333,#17334,#17335,#17336,
#17337,#17338,#17339,#17340,#17341,#17342,#17343,#17344,#17345),
 .UNSPECIFIED.,.F.,.F.,(4,2,2,2,2,2,4),(-0.000169205786678515,0.,0.00867823833734249,
0.0175234667224671,0.0279281744303132,0.0328028488928122,0.0372136641666853),
 .UNSPECIFIED.);
#142=B_SPLINE_CURVE_WITH_KNOTS('',3,(#17353,#17354,#17355,#17356,#17357,
#17358,#17359,#17360,#17361,#17362,#17363,#17364,#17365,#17366),
 .UNSPECIFIED.,.F.,.F.,(4,2,2,2,2,2,4),(-0.0322695830469327,-0.0321237547787632,
-0.0246508803489452,-0.017036156560446,-0.00804168490599503,-0.00382022178902151,
0.),.UNSPECIFIED.);
#143=B_SPLINE_CURVE_WITH_KNOTS('',3,(#17368,#17369,#17370,#17371,#17372,
#17373,#17374,#17375,#17376,#17377,#17378,#17379,#17380,#17381),
 .UNSPECIFIED.,.F.,.F.,(4,2,2,2,2,2,4),(-0.000168077025830923,0.,0.0086134364000318,
0.0173903416052269,0.0277565493646147,0.0326218241152913,0.0370246819175361),
 .UNSPECIFIED.);
#144=B_SPLINE_CURVE_WITH_KNOTS('',3,(#17390,#17391,#17392,#17393,#17394,
#17395),.UNSPECIFIED.,.F.,.F.,(4,2,4),(3.6861893286265E-16,0.000163079878080934,
0.000326159756161499),.UNSPECIFIED.);
#145=B_SPLINE_CURVE_WITH_KNOTS('',3,(#17401,#17402,#17403,#17404,#17405,
#17406),.UNSPECIFIED.,.F.,.F.,(4,2,4),(1.40384691538021E-14,0.000162980934111195,
0.000325961868208351),.UNSPECIFIED.);
#146=B_SPLINE_CURVE_WITH_KNOTS('',3,(#17535,#17536,#17537,#17538,#17539,
#17540,#17541,#17542,#17543,#17544,#17545,#17546,#17547,#17548),
 .UNSPECIFIED.,.F.,.F.,(4,2,2,2,2,2,4),(-0.0322695830439055,-0.0321237547753778,
-0.0246508803469518,-0.0170361565601976,-0.00804168490640604,-0.00382022178912339,
0.),.UNSPECIFIED.);
#147=B_SPLINE_CURVE_WITH_KNOTS('',3,(#17552,#17553,#17554,#17555,#17556,
#17557,#17558,#17559,#17560,#17561,#17562,#17563,#17564,#17565),
 .UNSPECIFIED.,.F.,.F.,(4,2,2,2,2,2,4),(-0.000168077025016695,0.,0.00861343641042426,
0.0173903416272848,0.0277565493991753,0.0326218241551171,0.0370246819620687),
 .UNSPECIFIED.);
#148=B_SPLINE_CURVE_WITH_KNOTS('',3,(#17630,#17631,#17632,#17633,#17634,
#17635),.UNSPECIFIED.,.F.,.F.,(4,2,4),(1.16554545152123E-14,0.000163558284093452,
0.000327116568175249),.UNSPECIFIED.);
#149=B_SPLINE_CURVE_WITH_KNOTS('',3,(#17637,#17638,#17639,#17640,#17641,
#17642,#17643,#17644,#17645,#17646,#17647,#17648,#17649,#17650),
 .UNSPECIFIED.,.F.,.F.,(4,2,2,2,2,2,4),(-0.0326803741910506,-0.0325325234793037,
-0.0249500423607273,-0.0172195420173739,-0.0081179979843569,-0.00385599774156633,
0.),.UNSPECIFIED.);
#150=B_SPLINE_CURVE_WITH_KNOTS('',3,(#17654,#17655,#17656,#17657,#17658,
#17659,#17660,#17661,#17662,#17663,#17664,#17665,#17666,#17667),
 .UNSPECIFIED.,.F.,.F.,(4,2,2,2,2,2,4),(-0.000170168647133605,0.,0.00872638146891799,
0.0176231603896991,0.0280993897068623,0.0330051157109522,0.0374434906088248),
 .UNSPECIFIED.);
#151=B_SPLINE_CURVE_WITH_KNOTS('',3,(#17686,#17687,#17688,#17689,#17690,
#17691),.UNSPECIFIED.,.F.,.F.,(4,2,4),(3.34300444212198E-16,0.000163477048495445,
0.000326954096990555),.UNSPECIFIED.);
#152=B_SPLINE_CURVE_WITH_KNOTS('',3,(#17695,#17696,#17697,#17698,#17699,
#17700,#17701,#17702,#17703,#17704,#17705,#17706,#17707,#17708),
 .UNSPECIFIED.,.F.,.F.,(4,2,2,2,2,2,4),(-0.0319289061279324,-0.0317934029761814,
-0.0309212656805123,-0.019196207000171,-0.00955490494665865,-0.00450929208280409,
0.),.UNSPECIFIED.);
#153=B_SPLINE_CURVE_WITH_KNOTS('',3,(#17710,#17711,#17712,#17713,#17714,
#17715,#17716,#17717,#17718,#17719,#17720,#17721,#17722,#17723),
 .UNSPECIFIED.,.F.,.F.,(4,2,2,2,2,2,4),(-0.000166850323363267,0.,0.00107341961422702,
0.0155110137752962,0.0273828065627226,0.0335958297702976,0.0391484285812419),
 .UNSPECIFIED.);
#154=B_SPLINE_CURVE_WITH_KNOTS('',3,(#17742,#17743,#17744,#17745,#17746,
#17747,#17748,#17749,#17750,#17751,#17752,#17753,#17754,#17755),
 .UNSPECIFIED.,.F.,.F.,(4,2,2,2,2,2,4),(-0.0325278806474449,-0.0323806491201798,
-0.0248288309755615,-0.0171317401612382,-0.00807898782427252,-0.00383771227844984,
0.),.UNSPECIFIED.);
#155=B_SPLINE_CURVE_WITH_KNOTS('',3,(#17759,#17760,#17761,#17762,#17763,
#17764,#17765,#17766,#17767,#17768,#17769,#17770,#17771,#17772),
 .UNSPECIFIED.,.F.,.F.,(4,2,2,2,2,2,4),(-0.000169205787603989,0.,0.0086782383372153,
0.017523466722268,0.0279281744304459,0.032802848893187,0.0372136641671142),
 .UNSPECIFIED.);
#156=B_SPLINE_CURVE_WITH_KNOTS('',3,(#17804,#17805,#17806,#17807,#17808,
#17809,#17810,#17811,#17812,#17813,#17814,#17815,#17816,#17817),
 .UNSPECIFIED.,.F.,.F.,(4,2,2,2,2,2,4),(-0.0324424525674983,-0.0322955832108784,
-0.0247720472760354,-0.0171042561776328,-0.00806720390097556,-0.00383207783407668,
0.),.UNSPECIFIED.);
#157=B_SPLINE_CURVE_WITH_KNOTS('',3,(#17821,#17822,#17823,#17824,#17825,
#17826,#17827,#17828,#17829,#17830,#17831,#17832,#17833,#17834),
 .UNSPECIFIED.,.F.,.F.,(4,2,2,2,2,2,4),(-0.000168664718034584,0.,0.00864002601029674,
0.0174457146369113,0.0278238617983195,0.0326874785926534,0.0370882350129259),
 .UNSPECIFIED.);
#158=B_SPLINE_CURVE_WITH_KNOTS('',3,(#17883,#17884,#17885,#17886,#17887,
#17888,#17889,#17890,#17891,#17892,#17893,#17894,#17895,#17896),
 .UNSPECIFIED.,.F.,.F.,(4,2,2,2,2,2,4),(-0.032606992650735,-0.032459440458601,
-0.0248923254433572,-0.0171784859960733,-0.00809975805348685,-0.00384742799893976,
0.),.UNSPECIFIED.);
#159=B_SPLINE_CURVE_WITH_KNOTS('',3,(#17900,#17901,#17902,#17903,#17904,
#17905,#17906,#17907,#17908,#17909,#17910,#17911,#17912,#17913),
 .UNSPECIFIED.,.F.,.F.,(4,2,2,2,2,2,4),(-0.000169705578028929,0.,0.00870323658839038,
0.0175752267458669,0.0280170284954358,0.0329078002101705,0.0373328781958553),
 .UNSPECIFIED.);
#160=B_SPLINE_CURVE_WITH_KNOTS('',3,(#17937,#17938,#17939,#17940,#17941,
#17942),.UNSPECIFIED.,.F.,.F.,(4,2,4),(1.404707001451E-14,0.000162989480302921,
0.000325978960591796),.UNSPECIFIED.);
#161=B_SPLINE_CURVE_WITH_KNOTS('',3,(#17988,#17989,#17990,#17991,#17992,
#17993,#17994,#17995,#17996,#17997,#17998,#17999,#18000,#18001),
 .UNSPECIFIED.,.F.,.F.,(4,2,2,2,2,2,4),(-0.0318030514898503,-0.0316680444561449,
-0.0307915399343153,-0.0190726311221784,-0.00942164780498459,-0.00444941718028653,
0.),.UNSPECIFIED.);
#162=B_SPLINE_CURVE_WITH_KNOTS('',3,(#18005,#18006,#18007,#18008,#18009,
#18010,#18011,#18012,#18013,#18014,#18015,#18016,#18017,#18018),
 .UNSPECIFIED.,.F.,.F.,(4,2,2,2,2,2,4),(-0.000166201648221133,0.,0.0010741728791873,
0.0155015649897425,0.0273833192847507,0.0335060907623554,0.0389849287114427),
 .UNSPECIFIED.);
#163=B_SPLINE_CURVE_WITH_KNOTS('',3,(#18050,#18051,#18052,#18053,#18054,
#18055),.UNSPECIFIED.,.F.,.F.,(4,2,4),(1.40525865405487E-14,0.000162980934110099,
0.000325961868206146),.UNSPECIFIED.);
#164=B_SPLINE_CURVE_WITH_KNOTS('',3,(#18114,#18115,#18116,#18117,#18118,
#18119,#18120,#18121,#18122,#18123,#18124,#18125,#18126,#18127),
 .UNSPECIFIED.,.F.,.F.,(4,2,2,2,2,2,4),(-0.0319289061283684,-0.0317934029792533,
-0.0309212656832778,-0.0191962070012977,-0.00955490494739056,-0.00450929208305872,
0.),.UNSPECIFIED.);
#165=B_SPLINE_CURVE_WITH_KNOTS('',3,(#18129,#18130,#18131,#18132,#18133,
#18134,#18135,#18136,#18137,#18138,#18139,#18140,#18141,#18142),
 .UNSPECIFIED.,.F.,.F.,(4,2,2,2,2,2,4),(-0.0001668503224437,0.,0.00107341961305295,
0.0155110137615944,0.0273828065386963,0.0335958297407915,0.0391484285467104),
 .UNSPECIFIED.);
#166=B_SPLINE_CURVE_WITH_KNOTS('',3,(#18176,#18177,#18178,#18179,#18180,
#18181,#18182,#18183,#18184,#18185,#18186,#18187,#18188,#18189),
 .UNSPECIFIED.,.F.,.F.,(4,2,2,2,2,2,4),(-0.031668134081744,-0.0315336570127831,
-0.0306599170336395,-0.0189457146523936,-0.0092823619228439,-0.00438678987626926,
0.),.UNSPECIFIED.);
#167=B_SPLINE_CURVE_WITH_KNOTS('',3,(#18191,#18192,#18193,#18194,#18195,
#18196,#18197,#18198,#18199,#18200,#18201,#18202,#18203,#18204),
 .UNSPECIFIED.,.F.,.F.,(4,2,2,2,2,2,4),(-0.000165496083184706,0.,0.00107494773333115,
0.0154912432922182,0.027383639314772,0.0334085572686645,0.0388073136750419),
 .UNSPECIFIED.);
#168=B_SPLINE_CURVE_WITH_KNOTS('',3,(#18282,#18283,#18284,#18285,#18286,
#18287),.UNSPECIFIED.,.F.,.F.,(4,2,4),(1.16673521347427E-14,0.000163558284093547,
0.000327116568175427),.UNSPECIFIED.);
#169=B_SPLINE_CURVE_WITH_KNOTS('',3,(#18289,#18290,#18291,#18292,#18293,
#18294,#18295,#18296,#18297,#18298,#18299,#18300,#18301,#18302),
 .UNSPECIFIED.,.F.,.F.,(4,2,2,2,2,2,4),(-0.0326803741782529,-0.0325325234693259,
-0.0249500423571574,-0.0172195420160924,-0.00811799798448962,-0.00385599774159323,
0.),.UNSPECIFIED.);
#170=B_SPLINE_CURVE_WITH_KNOTS('',3,(#18306,#18307,#18308,#18309,#18310,
#18311,#18312,#18313,#18314,#18315,#18316,#18317,#18318,#18319),
 .UNSPECIFIED.,.F.,.F.,(4,2,2,2,2,2,4),(-0.000170168646262043,0.,0.00872638146564461,
0.0176231603827295,0.028099389695718,0.0330051156980442,0.0374434905942967),
 .UNSPECIFIED.);
#171=B_SPLINE_CURVE_WITH_KNOTS('',3,(#18338,#18339,#18340,#18341,#18342,
#18343),.UNSPECIFIED.,.F.,.F.,(4,2,4),(3.33812591025079E-16,0.000163477048496974,
0.000326954096993614),.UNSPECIFIED.);
#172=ELLIPSE('',#11466,0.203904295079924,0.200019199394259);
#173=ELLIPSE('',#11467,0.203904294422891,0.200019198120822);
#174=ELLIPSE('',#11470,0.203581286434828,0.200013141980844);
#175=ELLIPSE('',#11471,0.203581285304132,0.200013139832065);
#176=ELLIPSE('',#11474,0.202932261180999,0.200027976615783);
#177=ELLIPSE('',#11475,0.202932738743608,0.200028911863222);
#178=ELLIPSE('',#11478,0.203435524746349,0.200039366423898);
#179=ELLIPSE('',#11479,0.203435427471414,0.200039176640058);
#180=ELLIPSE('',#11482,0.203168962920636,0.200033401364169);
#181=ELLIPSE('',#11483,0.203168871251233,0.200033222266245);
#182=ELLIPSE('',#11486,0.203737610126586,0.200046660016046);
#183=ELLIPSE('',#11487,0.203737577102797,0.200046595764103);
#184=ELLIPSE('',#11490,0.203046058861686,0.200005273352727);
#185=ELLIPSE('',#11493,0.203046060360774,0.200005276224978);
#186=ELLIPSE('',#11536,0.203737558108045,0.200046558822667);
#187=ELLIPSE('',#11538,0.203737724076575,0.200046881988454);
#188=ELLIPSE('',#11539,0.278336625332893,0.196277508415487);
#189=ELLIPSE('',#11540,0.282553881562186,0.199269842435517);
#190=ELLIPSE('',#11543,0.2027216414707,0.200024109596869);
#191=ELLIPSE('',#11545,0.202721725640735,0.200024274035038);
#192=ELLIPSE('',#11547,0.203297237952334,0.200008635779472);
#193=ELLIPSE('',#11549,0.203297239276046,0.200008638322938);
#194=ELLIPSE('',#11551,0.203168862950413,0.200033205553549);
#195=ELLIPSE('',#11553,0.203168624739272,0.200032740319598);
#196=ELLIPSE('',#11555,0.203435338268401,0.200039002673957);
#197=ELLIPSE('',#11557,0.203435524540021,0.200039366022287);
#198=ELLIPSE('',#11558,0.281930662150091,0.199082558407109);
#199=ELLIPSE('',#11559,0.200000481279823,0.200000239823596);
#200=ELLIPSE('',#11561,0.202932122067008,0.200027703991084);
#201=ELLIPSE('',#11563,0.202931999272015,0.200027463666869);
#202=ELLIPSE('',#11567,0.354808206863278,0.295389206360167);
#203=ELLIPSE('',#11568,0.282101057146856,0.198937215781356);
#204=ELLIPSE('',#11571,0.203581287941502,0.200013144825316);
#205=ELLIPSE('',#11573,0.203581286826883,0.200013142730484);
#206=ELLIPSE('',#11574,0.36402638655868,0.30219774885398);
#207=ELLIPSE('',#11576,0.203297238336095,0.200008636502846);
#208=ELLIPSE('',#11578,0.203297239819687,0.20000863931857);
#209=ELLIPSE('',#11580,0.203904295736826,0.200019200604115);
#210=ELLIPSE('',#11582,0.203904295161381,0.200019199497052);
#211=ELLIPSE('',#11583,0.278336742066128,0.196277669123164);
#212=ELLIPSE('',#11584,0.282553960882911,0.199269949466771);
#213=ELLIPSE('',#11587,0.202721830542211,0.200024480096185);
#214=ELLIPSE('',#11589,0.202721665269961,0.200024155434352);
#215=ELLIPSE('',#11593,0.202822813197605,0.200002757040786);
#216=ELLIPSE('',#11594,0.202822810275238,0.200002751444156);
#217=ELLIPSE('',#11606,0.203046059535628,0.200005274661925);
#218=ELLIPSE('',#11607,0.203046060770327,0.200005277005644);
#219=ELLIPSE('',#11615,0.202822813680086,0.20000275798835);
#220=ELLIPSE('',#11616,0.202822812844929,0.200002756373183);
#221=TOROIDAL_SURFACE('',#11464,5.14438567382845,0.199999999999997);
#222=TOROIDAL_SURFACE('',#11468,5.36310733275624,0.20000000000082);
#223=TOROIDAL_SURFACE('',#11472,5.92303477961419,0.200000000000001);
#224=TOROIDAL_SURFACE('',#11476,5.48559146175704,0.2);
#225=TOROIDAL_SURFACE('',#11480,5.70431312068563,0.199999999999998);
#226=TOROIDAL_SURFACE('',#11484,5.26686980282844,0.199999999999993);
#227=TOROIDAL_SURFACE('',#11488,5.80055065061415,0.2);
#228=TOROIDAL_SURFACE('',#11531,4.72950445946325,0.500000000604983);
#229=TOROIDAL_SURFACE('',#11534,4.72950445946321,0.500000000605015);
#230=TOROIDAL_SURFACE('',#11535,5.26686980282844,0.199999999999996);
#231=TOROIDAL_SURFACE('',#11542,6.14175643854276,0.200000000000004);
#232=TOROIDAL_SURFACE('',#11546,5.58182899168541,0.200000000000252);
#233=TOROIDAL_SURFACE('',#11550,5.70431312068567,0.199999999999999);
#234=TOROIDAL_SURFACE('',#11554,5.48559146175701,0.200000000000009);
#235=TOROIDAL_SURFACE('',#11560,5.92303477961423,0.199999999999999);
#236=TOROIDAL_SURFACE('',#11564,5.9543457481532,0.500000001219791);
#237=TOROIDAL_SURFACE('',#11570,5.36310733275622,0.200000000000849);
#238=TOROIDAL_SURFACE('',#11575,5.5818289916854,0.20000000000022);
#239=TOROIDAL_SURFACE('',#11579,5.14438567382841,0.200000000000011);
#240=TOROIDAL_SURFACE('',#11586,6.14175643854269,0.2);
#241=TOROIDAL_SURFACE('',#11592,6.01927230954277,0.199999999999995);
#242=TOROIDAL_SURFACE('',#11605,5.80055065061423,0.200000000000001);
#243=TOROIDAL_SURFACE('',#11614,6.01927230954282,0.199999999999998);
#244=TOROIDAL_SURFACE('',#11764,1.35,0.25);
#245=TOROIDAL_SURFACE('',#11780,1.65,0.25);
#246=TOROIDAL_SURFACE('',#11796,1.8,0.1);
#247=SPHERICAL_SURFACE('',#11405,8.0125);
#248=(
BOUNDED_CURVE()
B_SPLINE_CURVE(2,(#16378,#16379,#16380),.UNSPECIFIED.,.F.,.F.)
B_SPLINE_CURVE_WITH_KNOTS((3,3),(-0.368282457760302,-0.144368790055559),
 .UNSPECIFIED.)
CURVE()
GEOMETRIC_REPRESENTATION_ITEM()
RATIONAL_B_SPLINE_CURVE((1.29182295225346,1.42941594249891,1.29182295225346))
REPRESENTATION_ITEM('')
);
#249=SHAPE_REPRESENTATION_RELATIONSHIP('SRR','None',#19093,#260);
#250=SHAPE_REPRESENTATION_RELATIONSHIP('SRR','None',#19094,#261);
#251=SHAPE_REPRESENTATION_RELATIONSHIP('SRR','None',#19095,#262);
#252=SHAPE_REPRESENTATION_RELATIONSHIP('SRR','None',#19096,#263);
#253=SHAPE_REPRESENTATION_RELATIONSHIP('SRR','None',#19097,#264);
#254=SHAPE_REPRESENTATION_RELATIONSHIP('SRR','None',#19098,#265);
#255=SHAPE_REPRESENTATION_RELATIONSHIP('SRR','None',#19099,#266);
#256=SHAPE_REPRESENTATION_RELATIONSHIP('SRR','None',#19100,#267);
#257=SHAPE_REPRESENTATION_RELATIONSHIP('SRR','None',#19101,#268);
#258=SHAPE_REPRESENTATION_RELATIONSHIP('SRR','None',#19102,#269);
#259=SHAPE_REPRESENTATION_RELATIONSHIP('SRR','None',#19103,#270);
#260=ADVANCED_BREP_SHAPE_REPRESENTATION('',(#282),#19028);
#261=ADVANCED_BREP_SHAPE_REPRESENTATION('',(#283),#19029);
#262=ADVANCED_BREP_SHAPE_REPRESENTATION('',(#284),#19030);
#263=ADVANCED_BREP_SHAPE_REPRESENTATION('',(#285),#19031);
#264=ADVANCED_BREP_SHAPE_REPRESENTATION('',(#286),#19032);
#265=ADVANCED_BREP_SHAPE_REPRESENTATION('',(#287),#19033);
#266=ADVANCED_BREP_SHAPE_REPRESENTATION('',(#288),#19034);
#267=ADVANCED_BREP_SHAPE_REPRESENTATION('',(#289),#19035);
#268=ADVANCED_BREP_SHAPE_REPRESENTATION('',(#290),#19036);
#269=ADVANCED_BREP_SHAPE_REPRESENTATION('',(#291),#19037);
#270=ADVANCED_BREP_SHAPE_REPRESENTATION('',(#292),#19038);
#271=STYLED_ITEM('',(#19156),#282);
#272=STYLED_ITEM('',(#19156),#283);
#273=STYLED_ITEM('',(#19156),#284);
#274=STYLED_ITEM('',(#19156),#285);
#275=STYLED_ITEM('',(#19156),#286);
#276=STYLED_ITEM('',(#19156),#287);
#277=STYLED_ITEM('',(#19156),#288);
#278=STYLED_ITEM('',(#19156),#289);
#279=STYLED_ITEM('',(#19156),#290);
#280=STYLED_ITEM('',(#19156),#291);
#281=STYLED_ITEM('',(#19156),#292);
#282=MANIFOLD_SOLID_BREP('\X2\BCF8CCB4\X0\1',#10567);
#283=MANIFOLD_SOLID_BREP('\X2\BCF8CCB4\X0\1',#10568);
#284=MANIFOLD_SOLID_BREP('\X2\BCF8CCB4\X0\1',#10569);
#285=MANIFOLD_SOLID_BREP('\X2\BCF8CCB4\X0\1',#10570);
#286=MANIFOLD_SOLID_BREP('\X2\BCF8CCB4\X0\1',#10571);
#287=MANIFOLD_SOLID_BREP('\X2\BCF8CCB4\X0\1',#10572);
#288=MANIFOLD_SOLID_BREP('\X2\BCF8CCB4\X0\1',#10573);
#289=MANIFOLD_SOLID_BREP('\X2\BCF8CCB4\X0\1',#10574);
#290=MANIFOLD_SOLID_BREP('\X2\BCF8CCB4\X0\1',#10575);
#291=MANIFOLD_SOLID_BREP('\X2\BCF8CCB4\X0\1',#10576);
#292=MANIFOLD_SOLID_BREP('\X2\BCF8CCB4\X0\1',#10577);
#293=FACE_BOUND('',#1433,.T.);
#294=FACE_BOUND('',#1434,.T.);
#295=FACE_BOUND('',#1435,.T.);
#296=FACE_BOUND('',#1436,.T.);
#297=FACE_BOUND('',#1446,.T.);
#298=FACE_BOUND('',#1450,.T.);
#299=FACE_BOUND('',#1454,.T.);
#300=FACE_BOUND('',#1459,.T.);
#301=FACE_BOUND('',#1547,.T.);
#302=FACE_BOUND('',#1548,.T.);
#303=FACE_BOUND('',#1549,.T.);
#304=FACE_BOUND('',#1550,.T.);
#305=FACE_BOUND('',#1552,.T.);
#306=FACE_BOUND('',#1553,.T.);
#307=FACE_BOUND('',#1554,.T.);
#308=FACE_BOUND('',#1555,.T.);
#309=FACE_BOUND('',#1683,.T.);
#310=FACE_BOUND('',#1684,.T.);
#311=FACE_BOUND('',#1685,.T.);
#312=FACE_BOUND('',#1689,.T.);
#313=FACE_BOUND('',#1690,.T.);
#314=FACE_BOUND('',#1691,.T.);
#315=FACE_BOUND('',#1693,.T.);
#316=FACE_BOUND('',#1694,.T.);
#317=FACE_BOUND('',#1695,.T.);
#318=FACE_BOUND('',#1696,.T.);
#319=FACE_BOUND('',#1697,.T.);
#320=FACE_BOUND('',#1698,.T.);
#321=FACE_BOUND('',#1708,.T.);
#322=FACE_BOUND('',#1710,.T.);
#323=FACE_BOUND('',#1711,.T.);
#324=FACE_BOUND('',#1712,.T.);
#325=FACE_BOUND('',#1713,.T.);
#326=FACE_BOUND('',#1714,.T.);
#327=FACE_BOUND('',#1716,.T.);
#328=FACE_BOUND('',#1717,.T.);
#329=FACE_BOUND('',#1718,.T.);
#330=FACE_BOUND('',#1722,.T.);
#331=FACE_BOUND('',#1723,.T.);
#332=FACE_BOUND('',#1724,.T.);
#333=FACE_BOUND('',#1726,.T.);
#334=FACE_BOUND('',#1727,.T.);
#335=FACE_BOUND('',#1728,.T.);
#336=FACE_BOUND('',#1732,.T.);
#337=FACE_BOUND('',#1733,.T.);
#338=FACE_BOUND('',#1734,.T.);
#339=FACE_BOUND('',#1872,.T.);
#340=FACE_BOUND('',#1876,.T.);
#341=FACE_BOUND('',#1877,.T.);
#342=FACE_BOUND('',#1878,.T.);
#343=FACE_BOUND('',#1879,.T.);
#344=FACE_BOUND('',#1880,.T.);
#345=FACE_BOUND('',#1881,.T.);
#346=FACE_BOUND('',#1882,.T.);
#347=FACE_BOUND('',#1883,.T.);
#348=FACE_BOUND('',#1905,.T.);
#349=FACE_BOUND('',#1997,.T.);
#350=FACE_BOUND('',#2018,.T.);
#351=FACE_BOUND('',#2019,.T.);
#352=FACE_BOUND('',#2020,.T.);
#353=FACE_BOUND('',#2021,.T.);
#354=FACE_BOUND('',#2025,.T.);
#355=FACE_BOUND('',#2029,.T.);
#356=FACE_BOUND('',#2033,.T.);
#357=FACE_BOUND('',#2037,.T.);
#358=FACE_BOUND('',#2059,.T.);
#359=FACE_BOUND('',#2067,.T.);
#360=FACE_BOUND('',#2075,.T.);
#361=FACE_BOUND('',#2080,.T.);
#362=FACE_BOUND('',#2090,.T.);
#363=FACE_BOUND('',#2091,.T.);
#364=FACE_BOUND('',#2094,.T.);
#365=FACE_BOUND('',#2095,.T.);
#366=PLANE('',#10726);
#367=PLANE('',#10727);
#368=PLANE('',#10728);
#369=PLANE('',#10729);
#370=PLANE('',#10730);
#371=PLANE('',#10731);
#372=PLANE('',#10732);
#373=PLANE('',#10733);
#374=PLANE('',#10734);
#375=PLANE('',#10735);
#376=PLANE('',#10738);
#377=PLANE('',#10739);
#378=PLANE('',#10740);
#379=PLANE('',#10741);
#380=PLANE('',#10744);
#381=PLANE('',#10745);
#382=PLANE('',#10746);
#383=PLANE('',#10747);
#384=PLANE('',#10748);
#385=PLANE('',#10749);
#386=PLANE('',#10750);
#387=PLANE('',#10751);
#388=PLANE('',#10752);
#389=PLANE('',#10756);
#390=PLANE('',#10757);
#391=PLANE('',#10758);
#392=PLANE('',#10762);
#393=PLANE('',#10763);
#394=PLANE('',#10764);
#395=PLANE('',#10765);
#396=PLANE('',#10766);
#397=PLANE('',#10768);
#398=PLANE('',#10769);
#399=PLANE('',#10770);
#400=PLANE('',#10771);
#401=PLANE('',#10772);
#402=PLANE('',#10773);
#403=PLANE('',#10775);
#404=PLANE('',#10776);
#405=PLANE('',#10777);
#406=PLANE('',#10778);
#407=PLANE('',#10779);
#408=PLANE('',#10780);
#409=PLANE('',#10782);
#410=PLANE('',#10783);
#411=PLANE('',#10784);
#412=PLANE('',#10785);
#413=PLANE('',#10786);
#414=PLANE('',#10787);
#415=PLANE('',#10789);
#416=PLANE('',#10790);
#417=PLANE('',#10791);
#418=PLANE('',#10792);
#419=PLANE('',#10793);
#420=PLANE('',#10794);
#421=PLANE('',#10795);
#422=PLANE('',#10796);
#423=PLANE('',#10797);
#424=PLANE('',#10863);
#425=PLANE('',#10864);
#426=PLANE('',#10874);
#427=PLANE('',#10877);
#428=PLANE('',#10881);
#429=PLANE('',#10885);
#430=PLANE('',#10888);
#431=PLANE('',#10898);
#432=PLANE('',#10901);
#433=PLANE('',#10905);
#434=PLANE('',#10909);
#435=PLANE('',#10912);
#436=PLANE('',#10929);
#437=PLANE('',#10946);
#438=PLANE('',#10947);
#439=PLANE('',#10948);
#440=PLANE('',#10956);
#441=PLANE('',#10959);
#442=PLANE('',#10960);
#443=PLANE('',#10964);
#444=PLANE('',#10965);
#445=PLANE('',#10968);
#446=PLANE('',#10969);
#447=PLANE('',#10970);
#448=PLANE('',#10972);
#449=PLANE('',#10973);
#450=PLANE('',#10976);
#451=PLANE('',#10979);
#452=PLANE('',#10980);
#453=PLANE('',#10984);
#454=PLANE('',#10987);
#455=PLANE('',#10989);
#456=PLANE('',#10991);
#457=PLANE('',#10994);
#458=PLANE('',#10995);
#459=PLANE('',#10998);
#460=PLANE('',#10999);
#461=PLANE('',#11001);
#462=PLANE('',#11002);
#463=PLANE('',#11003);
#464=PLANE('',#11004);
#465=PLANE('',#11008);
#466=PLANE('',#11011);
#467=PLANE('',#11012);
#468=PLANE('',#11164);
#469=PLANE('',#11165);
#470=PLANE('',#11168);
#471=PLANE('',#11170);
#472=PLANE('',#11171);
#473=PLANE('',#11172);
#474=PLANE('',#11173);
#475=PLANE('',#11195);
#476=PLANE('',#11198);
#477=PLANE('',#11199);
#478=PLANE('',#11212);
#479=PLANE('',#11213);
#480=PLANE('',#11214);
#481=PLANE('',#11215);
#482=PLANE('',#11216);
#483=PLANE('',#11217);
#484=PLANE('',#11219);
#485=PLANE('',#11220);
#486=PLANE('',#11221);
#487=PLANE('',#11222);
#488=PLANE('',#11227);
#489=PLANE('',#11228);
#490=PLANE('',#11232);
#491=PLANE('',#11233);
#492=PLANE('',#11234);
#493=PLANE('',#11235);
#494=PLANE('',#11236);
#495=PLANE('',#11237);
#496=PLANE('',#11238);
#497=PLANE('',#11239);
#498=PLANE('',#11240);
#499=PLANE('',#11241);
#500=PLANE('',#11242);
#501=PLANE('',#11243);
#502=PLANE('',#11244);
#503=PLANE('',#11245);
#504=PLANE('',#11246);
#505=PLANE('',#11247);
#506=PLANE('',#11248);
#507=PLANE('',#11250);
#508=PLANE('',#11252);
#509=PLANE('',#11253);
#510=PLANE('',#11254);
#511=PLANE('',#11269);
#512=PLANE('',#11270);
#513=PLANE('',#11271);
#514=PLANE('',#11272);
#515=PLANE('',#11273);
#516=PLANE('',#11274);
#517=PLANE('',#11291);
#518=PLANE('',#11292);
#519=PLANE('',#11302);
#520=PLANE('',#11303);
#521=PLANE('',#11306);
#522=PLANE('',#11309);
#523=PLANE('',#11312);
#524=PLANE('',#11316);
#525=PLANE('',#11319);
#526=PLANE('',#11322);
#527=PLANE('',#11325);
#528=PLANE('',#11326);
#529=PLANE('',#11328);
#530=PLANE('',#11333);
#531=PLANE('',#11338);
#532=PLANE('',#11339);
#533=PLANE('',#11341);
#534=PLANE('',#11342);
#535=PLANE('',#11347);
#536=PLANE('',#11348);
#537=PLANE('',#11349);
#538=PLANE('',#11354);
#539=PLANE('',#11355);
#540=PLANE('',#11356);
#541=PLANE('',#11358);
#542=PLANE('',#11359);
#543=PLANE('',#11360);
#544=PLANE('',#11363);
#545=PLANE('',#11364);
#546=PLANE('',#11365);
#547=PLANE('',#11366);
#548=PLANE('',#11367);
#549=PLANE('',#11368);
#550=PLANE('',#11369);
#551=PLANE('',#11370);
#552=PLANE('',#11371);
#553=PLANE('',#11372);
#554=PLANE('',#11373);
#555=PLANE('',#11374);
#556=PLANE('',#11375);
#557=PLANE('',#11376);
#558=PLANE('',#11377);
#559=PLANE('',#11378);
#560=PLANE('',#11379);
#561=PLANE('',#11380);
#562=PLANE('',#11381);
#563=PLANE('',#11382);
#564=PLANE('',#11383);
#565=PLANE('',#11384);
#566=PLANE('',#11385);
#567=PLANE('',#11386);
#568=PLANE('',#11387);
#569=PLANE('',#11388);
#570=PLANE('',#11389);
#571=PLANE('',#11390);
#572=PLANE('',#11391);
#573=PLANE('',#11392);
#574=PLANE('',#11393);
#575=PLANE('',#11394);
#576=PLANE('',#11395);
#577=PLANE('',#11404);
#578=PLANE('',#11407);
#579=PLANE('',#11506);
#580=PLANE('',#11512);
#581=PLANE('',#11515);
#582=PLANE('',#11522);
#583=PLANE('',#11525);
#584=PLANE('',#11526);
#585=PLANE('',#11527);
#586=PLANE('',#11528);
#587=PLANE('',#11590);
#588=PLANE('',#11596);
#589=PLANE('',#11598);
#590=PLANE('',#11600);
#591=PLANE('',#11602);
#592=PLANE('',#11604);
#593=PLANE('',#11609);
#594=PLANE('',#11610);
#595=PLANE('',#11612);
#596=PLANE('',#11618);
#597=PLANE('',#11620);
#598=PLANE('',#11622);
#599=PLANE('',#11624);
#600=PLANE('',#11625);
#601=PLANE('',#11627);
#602=PLANE('',#11629);
#603=PLANE('',#11630);
#604=PLANE('',#11632);
#605=PLANE('',#11634);
#606=PLANE('',#11635);
#607=PLANE('',#11637);
#608=PLANE('',#11639);
#609=PLANE('',#11640);
#610=PLANE('',#11642);
#611=PLANE('',#11644);
#612=PLANE('',#11646);
#613=PLANE('',#11647);
#614=PLANE('',#11648);
#615=PLANE('',#11649);
#616=PLANE('',#11650);
#617=PLANE('',#11651);
#618=PLANE('',#11652);
#619=PLANE('',#11654);
#620=PLANE('',#11656);
#621=PLANE('',#11657);
#622=PLANE('',#11659);
#623=PLANE('',#11661);
#624=PLANE('',#11662);
#625=PLANE('',#11664);
#626=PLANE('',#11666);
#627=PLANE('',#11667);
#628=PLANE('',#11669);
#629=PLANE('',#11671);
#630=PLANE('',#11672);
#631=PLANE('',#11673);
#632=PLANE('',#11675);
#633=PLANE('',#11676);
#634=PLANE('',#11680);
#635=PLANE('',#11694);
#636=PLANE('',#11695);
#637=PLANE('',#11696);
#638=PLANE('',#11697);
#639=PLANE('',#11698);
#640=PLANE('',#11711);
#641=PLANE('',#11716);
#642=PLANE('',#11717);
#643=PLANE('',#11718);
#644=PLANE('',#11723);
#645=PLANE('',#11724);
#646=PLANE('',#11725);
#647=PLANE('',#11730);
#648=PLANE('',#11731);
#649=PLANE('',#11732);
#650=PLANE('',#11737);
#651=PLANE('',#11738);
#652=PLANE('',#11739);
#653=PLANE('',#11773);
#654=PLANE('',#11774);
#655=PLANE('',#11775);
#656=PLANE('',#11789);
#657=PLANE('',#11790);
#658=PLANE('',#11791);
#659=PLANE('',#11803);
#660=PLANE('',#11804);
#661=PLANE('',#11805);
#662=PLANE('',#11813);
#663=PLANE('',#11814);
#664=PLANE('',#11815);
#665=PLANE('',#11823);
#666=PLANE('',#11824);
#667=PLANE('',#11825);
#668=PLANE('',#11826);
#669=PLANE('',#11827);
#670=PLANE('',#11830);
#671=PLANE('',#11831);
#672=PLANE('',#11834);
#673=PLANE('',#11835);
#674=PLANE('',#11836);
#675=PLANE('',#11837);
#676=PLANE('',#11838);
#677=PLANE('',#11839);
#678=PLANE('',#11840);
#679=PLANE('',#11841);
#680=PLANE('',#11842);
#681=PLANE('',#11843);
#682=PLANE('',#11844);
#683=PLANE('',#11845);
#684=PLANE('',#11848);
#685=CONICAL_SURFACE('',#10708,1.55,0.78539816339748);
#686=CONICAL_SURFACE('',#10712,1.55000000000001,0.785398163397457);
#687=CONICAL_SURFACE('',#10767,2.1,0.78539816339743);
#688=CONICAL_SURFACE('',#10774,2.1,0.785398163397429);
#689=CONICAL_SURFACE('',#10781,2.1,0.785398163397466);
#690=CONICAL_SURFACE('',#10788,2.1,0.785398163397464);
#691=CONICAL_SURFACE('',#10799,1.1,0.785398163397488);
#692=CONICAL_SURFACE('',#10802,1.1,0.785398163397488);
#693=CONICAL_SURFACE('',#10805,1.1,0.785398163397488);
#694=CONICAL_SURFACE('',#10808,1.1,0.785398163397488);
#695=CONICAL_SURFACE('',#10811,3.19999999999999,0.785398163397463);
#696=CONICAL_SURFACE('',#10814,1.8,0.785398163397464);
#697=CONICAL_SURFACE('',#10817,1.8,0.785398163397467);
#698=CONICAL_SURFACE('',#10820,3.19999999999999,0.785398163397466);
#699=CONICAL_SURFACE('',#10823,1.20000000000001,0.785398163397464);
#700=CONICAL_SURFACE('',#10827,1.20000000000001,0.785398163397464);
#701=CONICAL_SURFACE('',#10831,1.20000000000001,0.785398163397464);
#702=CONICAL_SURFACE('',#10835,1.20000000000001,0.785398163397464);
#703=CONICAL_SURFACE('',#10839,3.1,0.785398163397457);
#704=CONICAL_SURFACE('',#10842,1.9,0.785398163397462);
#705=CONICAL_SURFACE('',#10845,1.9,0.785398163397462);
#706=CONICAL_SURFACE('',#10848,3.1,0.785398163397461);
#707=CONICAL_SURFACE('',#10955,3.1,0.785398163397457);
#708=CONICAL_SURFACE('',#10957,11.3,0.785398163397463);
#709=CONICAL_SURFACE('',#10958,3.1,0.785398163397459);
#710=CONICAL_SURFACE('',#10961,3.09999999999999,0.785398163397459);
#711=CONICAL_SURFACE('',#10962,1.9,0.785398163397463);
#712=CONICAL_SURFACE('',#10963,1.9,0.785398163397459);
#713=CONICAL_SURFACE('',#10966,0.850000000000011,0.785398163397458);
#714=CONICAL_SURFACE('',#10967,1.9,0.785398163397463);
#715=CONICAL_SURFACE('',#10971,1.9,0.785398163397463);
#716=CONICAL_SURFACE('',#10974,0.850000000000014,0.785398163397469);
#717=CONICAL_SURFACE('',#10975,1.9,0.785398163397457);
#718=CONICAL_SURFACE('',#10977,3.09999999999999,0.785398163397459);
#719=CONICAL_SURFACE('',#10978,1.9,0.785398163397463);
#720=CONICAL_SURFACE('',#10981,3.1,0.785398163397461);
#721=CONICAL_SURFACE('',#10982,11.3,0.785398163397463);
#722=CONICAL_SURFACE('',#10983,3.1,0.785398163397459);
#723=CONICAL_SURFACE('',#10985,3.2,0.78539816339747);
#724=CONICAL_SURFACE('',#10986,11.2,0.785398163397466);
#725=CONICAL_SURFACE('',#10988,3.2,0.785398163397466);
#726=CONICAL_SURFACE('',#10990,3.2,0.785398163397466);
#727=CONICAL_SURFACE('',#10992,1.8,0.785398163397464);
#728=CONICAL_SURFACE('',#10993,1.8,0.785398163397466);
#729=CONICAL_SURFACE('',#10996,1.8,0.785398163397474);
#730=CONICAL_SURFACE('',#10997,1.79999999999999,0.785398163397474);
#731=CONICAL_SURFACE('',#11000,0.85,0.785398163397464);
#732=CONICAL_SURFACE('',#11005,3.2,0.785398163397466);
#733=CONICAL_SURFACE('',#11006,0.85,0.785398163397452);
#734=CONICAL_SURFACE('',#11007,11.2,0.785398163397466);
#735=CONICAL_SURFACE('',#11009,3.2,0.785398163397468);
#736=CONICAL_SURFACE('',#11010,1.8,0.785398163397466);
#737=CONICAL_SURFACE('',#11013,3.2,0.78539816339747);
#738=CONICAL_SURFACE('',#11014,1.8,0.785398163397464);
#739=CONICAL_SURFACE('',#11016,1.85,0.785398163397443);
#740=CONICAL_SURFACE('',#11019,1.85,0.785398163397462);
#741=CONICAL_SURFACE('',#11022,2.55,0.785398163397469);
#742=CONICAL_SURFACE('',#11029,1.025,0.785398163397448);
#743=CONICAL_SURFACE('',#11034,1.025,0.785398163397448);
#744=CONICAL_SURFACE('',#11039,1.025,0.785398163397448);
#745=CONICAL_SURFACE('',#11044,1.025,0.785398163397448);
#746=CONICAL_SURFACE('',#11051,1.5,0.785398163397438);
#747=CONICAL_SURFACE('',#11058,11.5,0.785398163397457);
#748=CONICAL_SURFACE('',#11061,1.525,0.78539816339747);
#749=CONICAL_SURFACE('',#11066,1.525,0.78539816339747);
#750=CONICAL_SURFACE('',#11071,1.525,0.78539816339747);
#751=CONICAL_SURFACE('',#11076,1.525,0.78539816339747);
#752=CONICAL_SURFACE('',#11081,1.5,0.785398163397454);
#753=CONICAL_SURFACE('',#11084,1.5,0.785398163397453);
#754=CONICAL_SURFACE('',#11087,1.5,0.785398163397454);
#755=CONICAL_SURFACE('',#11090,1.5,0.785398163397448);
#756=CONICAL_SURFACE('',#11093,1.525,0.785398163397467);
#757=CONICAL_SURFACE('',#11098,1.525,0.785398163397467);
#758=CONICAL_SURFACE('',#11103,1.525,0.785398163397467);
#759=CONICAL_SURFACE('',#11108,1.525,0.785398163397467);
#760=CONICAL_SURFACE('',#11117,1.525,0.78539816339747);
#761=CONICAL_SURFACE('',#11122,1.525,0.78539816339747);
#762=CONICAL_SURFACE('',#11127,1.525,0.78539816339747);
#763=CONICAL_SURFACE('',#11132,1.525,0.78539816339747);
#764=CONICAL_SURFACE('',#11141,1.525,0.78539816339747);
#765=CONICAL_SURFACE('',#11146,1.525,0.78539816339747);
#766=CONICAL_SURFACE('',#11151,1.525,0.78539816339747);
#767=CONICAL_SURFACE('',#11156,1.525,0.78539816339747);
#768=CONICAL_SURFACE('',#11166,1.5,0.785398163397448);
#769=CONICAL_SURFACE('',#11249,1.5,0.785398163397448);
#770=CONICAL_SURFACE('',#11251,1.5,0.785398163397453);
#771=CONICAL_SURFACE('',#11301,2.09999999999998,0.785398163397448);
#772=CONICAL_SURFACE('',#11304,2.09999999999998,0.785398163397448);
#773=CONICAL_SURFACE('',#11305,2.09999999999998,0.785398163397442);
#774=CONICAL_SURFACE('',#11307,2.90000000000002,0.785398163397455);
#775=CONICAL_SURFACE('',#11308,2.09999999999998,0.785398163397448);
#776=CONICAL_SURFACE('',#11310,2.90000000000002,0.785398163397453);
#777=CONICAL_SURFACE('',#11311,2.90000000000002,0.785398163397453);
#778=CONICAL_SURFACE('',#11313,2.90000000000002,0.785398163397448);
#779=CONICAL_SURFACE('',#11314,2.90000000000002,0.785398163397448);
#780=CONICAL_SURFACE('',#11315,11.5,0.785398163397457);
#781=CONICAL_SURFACE('',#11317,2.90000000000002,0.785398163397453);
#782=CONICAL_SURFACE('',#11318,2.90000000000002,0.785398163397453);
#783=CONICAL_SURFACE('',#11320,2.09999999999998,0.785398163397448);
#784=CONICAL_SURFACE('',#11321,2.90000000000002,0.785398163397457);
#785=CONICAL_SURFACE('',#11323,2.09999999999998,0.785398163397442);
#786=CONICAL_SURFACE('',#11324,2.09999999999998,0.785398163397448);
#787=CONICAL_SURFACE('',#11327,2.09999999999998,0.785398163397448);
#788=CONICAL_SURFACE('',#11340,1.5,0.785398163397438);
#789=CONICAL_SURFACE('',#11343,1.5,0.785398163397438);
#790=CONICAL_SURFACE('',#11357,1.85,0.785398163397443);
#791=CONICAL_SURFACE('',#11361,0.650000000000011,0.785398163397449);
#792=CONICAL_SURFACE('',#11362,0.649999999999963,0.785398163397428);
#793=CONICAL_SURFACE('',#11415,6.45244309892234,0.0872664626453164);
#794=CONICAL_SURFACE('',#11761,0.899999999999998,0.785398163397444);
#795=CONICAL_SURFACE('',#11777,0.899999999999996,0.785398163397453);
#796=FACE_OUTER_BOUND('',#1417,.T.);
#797=FACE_OUTER_BOUND('',#1418,.T.);
#798=FACE_OUTER_BOUND('',#1419,.T.);
#799=FACE_OUTER_BOUND('',#1420,.T.);
#800=FACE_OUTER_BOUND('',#1421,.T.);
#801=FACE_OUTER_BOUND('',#1422,.T.);
#802=FACE_OUTER_BOUND('',#1423,.T.);
#803=FACE_OUTER_BOUND('',#1424,.T.);
#804=FACE_OUTER_BOUND('',#1425,.T.);
#805=FACE_OUTER_BOUND('',#1426,.T.);
#806=FACE_OUTER_BOUND('',#1427,.T.);
#807=FACE_OUTER_BOUND('',#1428,.T.);
#808=FACE_OUTER_BOUND('',#1429,.T.);
#809=FACE_OUTER_BOUND('',#1430,.T.);
#810=FACE_OUTER_BOUND('',#1431,.T.);
#811=FACE_OUTER_BOUND('',#1432,.T.);
#812=FACE_OUTER_BOUND('',#1437,.T.);
#813=FACE_OUTER_BOUND('',#1438,.T.);
#814=FACE_OUTER_BOUND('',#1439,.T.);
#815=FACE_OUTER_BOUND('',#1440,.T.);
#816=FACE_OUTER_BOUND('',#1441,.T.);
#817=FACE_OUTER_BOUND('',#1442,.T.);
#818=FACE_OUTER_BOUND('',#1443,.T.);
#819=FACE_OUTER_BOUND('',#1444,.T.);
#820=FACE_OUTER_BOUND('',#1445,.T.);
#821=FACE_OUTER_BOUND('',#1447,.T.);
#822=FACE_OUTER_BOUND('',#1448,.T.);
#823=FACE_OUTER_BOUND('',#1449,.T.);
#824=FACE_OUTER_BOUND('',#1451,.T.);
#825=FACE_OUTER_BOUND('',#1452,.T.);
#826=FACE_OUTER_BOUND('',#1453,.T.);
#827=FACE_OUTER_BOUND('',#1455,.T.);
#828=FACE_OUTER_BOUND('',#1456,.T.);
#829=FACE_OUTER_BOUND('',#1457,.T.);
#830=FACE_OUTER_BOUND('',#1458,.T.);
#831=FACE_OUTER_BOUND('',#1460,.T.);
#832=FACE_OUTER_BOUND('',#1461,.T.);
#833=FACE_OUTER_BOUND('',#1462,.T.);
#834=FACE_OUTER_BOUND('',#1463,.T.);
#835=FACE_OUTER_BOUND('',#1464,.T.);
#836=FACE_OUTER_BOUND('',#1465,.T.);
#837=FACE_OUTER_BOUND('',#1466,.T.);
#838=FACE_OUTER_BOUND('',#1467,.T.);
#839=FACE_OUTER_BOUND('',#1468,.T.);
#840=FACE_OUTER_BOUND('',#1469,.T.);
#841=FACE_OUTER_BOUND('',#1470,.T.);
#842=FACE_OUTER_BOUND('',#1471,.T.);
#843=FACE_OUTER_BOUND('',#1472,.T.);
#844=FACE_OUTER_BOUND('',#1473,.T.);
#845=FACE_OUTER_BOUND('',#1474,.T.);
#846=FACE_OUTER_BOUND('',#1475,.T.);
#847=FACE_OUTER_BOUND('',#1476,.T.);
#848=FACE_OUTER_BOUND('',#1477,.T.);
#849=FACE_OUTER_BOUND('',#1478,.T.);
#850=FACE_OUTER_BOUND('',#1479,.T.);
#851=FACE_OUTER_BOUND('',#1480,.T.);
#852=FACE_OUTER_BOUND('',#1481,.T.);
#853=FACE_OUTER_BOUND('',#1482,.T.);
#854=FACE_OUTER_BOUND('',#1483,.T.);
#855=FACE_OUTER_BOUND('',#1484,.T.);
#856=FACE_OUTER_BOUND('',#1485,.T.);
#857=FACE_OUTER_BOUND('',#1486,.T.);
#858=FACE_OUTER_BOUND('',#1487,.T.);
#859=FACE_OUTER_BOUND('',#1488,.T.);
#860=FACE_OUTER_BOUND('',#1489,.T.);
#861=FACE_OUTER_BOUND('',#1490,.T.);
#862=FACE_OUTER_BOUND('',#1491,.T.);
#863=FACE_OUTER_BOUND('',#1492,.T.);
#864=FACE_OUTER_BOUND('',#1493,.T.);
#865=FACE_OUTER_BOUND('',#1494,.T.);
#866=FACE_OUTER_BOUND('',#1495,.T.);
#867=FACE_OUTER_BOUND('',#1496,.T.);
#868=FACE_OUTER_BOUND('',#1497,.T.);
#869=FACE_OUTER_BOUND('',#1498,.T.);
#870=FACE_OUTER_BOUND('',#1499,.T.);
#871=FACE_OUTER_BOUND('',#1500,.T.);
#872=FACE_OUTER_BOUND('',#1501,.T.);
#873=FACE_OUTER_BOUND('',#1502,.T.);
#874=FACE_OUTER_BOUND('',#1503,.T.);
#875=FACE_OUTER_BOUND('',#1504,.T.);
#876=FACE_OUTER_BOUND('',#1505,.T.);
#877=FACE_OUTER_BOUND('',#1506,.T.);
#878=FACE_OUTER_BOUND('',#1507,.T.);
#879=FACE_OUTER_BOUND('',#1508,.T.);
#880=FACE_OUTER_BOUND('',#1509,.T.);
#881=FACE_OUTER_BOUND('',#1510,.T.);
#882=FACE_OUTER_BOUND('',#1511,.T.);
#883=FACE_OUTER_BOUND('',#1512,.T.);
#884=FACE_OUTER_BOUND('',#1513,.T.);
#885=FACE_OUTER_BOUND('',#1514,.T.);
#886=FACE_OUTER_BOUND('',#1515,.T.);
#887=FACE_OUTER_BOUND('',#1516,.T.);
#888=FACE_OUTER_BOUND('',#1517,.T.);
#889=FACE_OUTER_BOUND('',#1518,.T.);
#890=FACE_OUTER_BOUND('',#1519,.T.);
#891=FACE_OUTER_BOUND('',#1520,.T.);
#892=FACE_OUTER_BOUND('',#1521,.T.);
#893=FACE_OUTER_BOUND('',#1522,.T.);
#894=FACE_OUTER_BOUND('',#1523,.T.);
#895=FACE_OUTER_BOUND('',#1524,.T.);
#896=FACE_OUTER_BOUND('',#1525,.T.);
#897=FACE_OUTER_BOUND('',#1526,.T.);
#898=FACE_OUTER_BOUND('',#1527,.T.);
#899=FACE_OUTER_BOUND('',#1528,.T.);
#900=FACE_OUTER_BOUND('',#1529,.T.);
#901=FACE_OUTER_BOUND('',#1530,.T.);
#902=FACE_OUTER_BOUND('',#1531,.T.);
#903=FACE_OUTER_BOUND('',#1532,.T.);
#904=FACE_OUTER_BOUND('',#1533,.T.);
#905=FACE_OUTER_BOUND('',#1534,.T.);
#906=FACE_OUTER_BOUND('',#1535,.T.);
#907=FACE_OUTER_BOUND('',#1536,.T.);
#908=FACE_OUTER_BOUND('',#1537,.T.);
#909=FACE_OUTER_BOUND('',#1538,.T.);
#910=FACE_OUTER_BOUND('',#1539,.T.);
#911=FACE_OUTER_BOUND('',#1540,.T.);
#912=FACE_OUTER_BOUND('',#1541,.T.);
#913=FACE_OUTER_BOUND('',#1542,.T.);
#914=FACE_OUTER_BOUND('',#1543,.T.);
#915=FACE_OUTER_BOUND('',#1544,.T.);
#916=FACE_OUTER_BOUND('',#1545,.T.);
#917=FACE_OUTER_BOUND('',#1546,.T.);
#918=FACE_OUTER_BOUND('',#1551,.T.);
#919=FACE_OUTER_BOUND('',#1556,.T.);
#920=FACE_OUTER_BOUND('',#1557,.T.);
#921=FACE_OUTER_BOUND('',#1558,.T.);
#922=FACE_OUTER_BOUND('',#1559,.T.);
#923=FACE_OUTER_BOUND('',#1560,.T.);
#924=FACE_OUTER_BOUND('',#1561,.T.);
#925=FACE_OUTER_BOUND('',#1562,.T.);
#926=FACE_OUTER_BOUND('',#1563,.T.);
#927=FACE_OUTER_BOUND('',#1564,.T.);
#928=FACE_OUTER_BOUND('',#1565,.T.);
#929=FACE_OUTER_BOUND('',#1566,.T.);
#930=FACE_OUTER_BOUND('',#1567,.T.);
#931=FACE_OUTER_BOUND('',#1568,.T.);
#932=FACE_OUTER_BOUND('',#1569,.T.);
#933=FACE_OUTER_BOUND('',#1570,.T.);
#934=FACE_OUTER_BOUND('',#1571,.T.);
#935=FACE_OUTER_BOUND('',#1572,.T.);
#936=FACE_OUTER_BOUND('',#1573,.T.);
#937=FACE_OUTER_BOUND('',#1574,.T.);
#938=FACE_OUTER_BOUND('',#1575,.T.);
#939=FACE_OUTER_BOUND('',#1576,.T.);
#940=FACE_OUTER_BOUND('',#1577,.T.);
#941=FACE_OUTER_BOUND('',#1578,.T.);
#942=FACE_OUTER_BOUND('',#1579,.T.);
#943=FACE_OUTER_BOUND('',#1580,.T.);
#944=FACE_OUTER_BOUND('',#1581,.T.);
#945=FACE_OUTER_BOUND('',#1582,.T.);
#946=FACE_OUTER_BOUND('',#1583,.T.);
#947=FACE_OUTER_BOUND('',#1584,.T.);
#948=FACE_OUTER_BOUND('',#1585,.T.);
#949=FACE_OUTER_BOUND('',#1586,.T.);
#950=FACE_OUTER_BOUND('',#1587,.T.);
#951=FACE_OUTER_BOUND('',#1588,.T.);
#952=FACE_OUTER_BOUND('',#1589,.T.);
#953=FACE_OUTER_BOUND('',#1590,.T.);
#954=FACE_OUTER_BOUND('',#1591,.T.);
#955=FACE_OUTER_BOUND('',#1592,.T.);
#956=FACE_OUTER_BOUND('',#1593,.T.);
#957=FACE_OUTER_BOUND('',#1594,.T.);
#958=FACE_OUTER_BOUND('',#1595,.T.);
#959=FACE_OUTER_BOUND('',#1596,.T.);
#960=FACE_OUTER_BOUND('',#1597,.T.);
#961=FACE_OUTER_BOUND('',#1598,.T.);
#962=FACE_OUTER_BOUND('',#1599,.T.);
#963=FACE_OUTER_BOUND('',#1600,.T.);
#964=FACE_OUTER_BOUND('',#1601,.T.);
#965=FACE_OUTER_BOUND('',#1602,.T.);
#966=FACE_OUTER_BOUND('',#1603,.T.);
#967=FACE_OUTER_BOUND('',#1604,.T.);
#968=FACE_OUTER_BOUND('',#1605,.T.);
#969=FACE_OUTER_BOUND('',#1606,.T.);
#970=FACE_OUTER_BOUND('',#1607,.T.);
#971=FACE_OUTER_BOUND('',#1608,.T.);
#972=FACE_OUTER_BOUND('',#1609,.T.);
#973=FACE_OUTER_BOUND('',#1610,.T.);
#974=FACE_OUTER_BOUND('',#1611,.T.);
#975=FACE_OUTER_BOUND('',#1612,.T.);
#976=FACE_OUTER_BOUND('',#1613,.T.);
#977=FACE_OUTER_BOUND('',#1614,.T.);
#978=FACE_OUTER_BOUND('',#1615,.T.);
#979=FACE_OUTER_BOUND('',#1616,.T.);
#980=FACE_OUTER_BOUND('',#1617,.T.);
#981=FACE_OUTER_BOUND('',#1618,.T.);
#982=FACE_OUTER_BOUND('',#1619,.T.);
#983=FACE_OUTER_BOUND('',#1620,.T.);
#984=FACE_OUTER_BOUND('',#1621,.T.);
#985=FACE_OUTER_BOUND('',#1622,.T.);
#986=FACE_OUTER_BOUND('',#1623,.T.);
#987=FACE_OUTER_BOUND('',#1624,.T.);
#988=FACE_OUTER_BOUND('',#1625,.T.);
#989=FACE_OUTER_BOUND('',#1626,.T.);
#990=FACE_OUTER_BOUND('',#1627,.T.);
#991=FACE_OUTER_BOUND('',#1628,.T.);
#992=FACE_OUTER_BOUND('',#1629,.T.);
#993=FACE_OUTER_BOUND('',#1630,.T.);
#994=FACE_OUTER_BOUND('',#1631,.T.);
#995=FACE_OUTER_BOUND('',#1632,.T.);
#996=FACE_OUTER_BOUND('',#1633,.T.);
#997=FACE_OUTER_BOUND('',#1634,.T.);
#998=FACE_OUTER_BOUND('',#1635,.T.);
#999=FACE_OUTER_BOUND('',#1636,.T.);
#1000=FACE_OUTER_BOUND('',#1637,.T.);
#1001=FACE_OUTER_BOUND('',#1638,.T.);
#1002=FACE_OUTER_BOUND('',#1639,.T.);
#1003=FACE_OUTER_BOUND('',#1640,.T.);
#1004=FACE_OUTER_BOUND('',#1641,.T.);
#1005=FACE_OUTER_BOUND('',#1642,.T.);
#1006=FACE_OUTER_BOUND('',#1643,.T.);
#1007=FACE_OUTER_BOUND('',#1644,.T.);
#1008=FACE_OUTER_BOUND('',#1645,.T.);
#1009=FACE_OUTER_BOUND('',#1646,.T.);
#1010=FACE_OUTER_BOUND('',#1647,.T.);
#1011=FACE_OUTER_BOUND('',#1648,.T.);
#1012=FACE_OUTER_BOUND('',#1649,.T.);
#1013=FACE_OUTER_BOUND('',#1650,.T.);
#1014=FACE_OUTER_BOUND('',#1651,.T.);
#1015=FACE_OUTER_BOUND('',#1652,.T.);
#1016=FACE_OUTER_BOUND('',#1653,.T.);
#1017=FACE_OUTER_BOUND('',#1654,.T.);
#1018=FACE_OUTER_BOUND('',#1655,.T.);
#1019=FACE_OUTER_BOUND('',#1656,.T.);
#1020=FACE_OUTER_BOUND('',#1657,.T.);
#1021=FACE_OUTER_BOUND('',#1658,.T.);
#1022=FACE_OUTER_BOUND('',#1659,.T.);
#1023=FACE_OUTER_BOUND('',#1660,.T.);
#1024=FACE_OUTER_BOUND('',#1661,.T.);
#1025=FACE_OUTER_BOUND('',#1662,.T.);
#1026=FACE_OUTER_BOUND('',#1663,.T.);
#1027=FACE_OUTER_BOUND('',#1664,.T.);
#1028=FACE_OUTER_BOUND('',#1665,.T.);
#1029=FACE_OUTER_BOUND('',#1666,.T.);
#1030=FACE_OUTER_BOUND('',#1667,.T.);
#1031=FACE_OUTER_BOUND('',#1668,.T.);
#1032=FACE_OUTER_BOUND('',#1669,.T.);
#1033=FACE_OUTER_BOUND('',#1670,.T.);
#1034=FACE_OUTER_BOUND('',#1671,.T.);
#1035=FACE_OUTER_BOUND('',#1672,.T.);
#1036=FACE_OUTER_BOUND('',#1673,.T.);
#1037=FACE_OUTER_BOUND('',#1674,.T.);
#1038=FACE_OUTER_BOUND('',#1675,.T.);
#1039=FACE_OUTER_BOUND('',#1676,.T.);
#1040=FACE_OUTER_BOUND('',#1677,.T.);
#1041=FACE_OUTER_BOUND('',#1678,.T.);
#1042=FACE_OUTER_BOUND('',#1679,.T.);
#1043=FACE_OUTER_BOUND('',#1680,.T.);
#1044=FACE_OUTER_BOUND('',#1681,.T.);
#1045=FACE_OUTER_BOUND('',#1682,.T.);
#1046=FACE_OUTER_BOUND('',#1686,.T.);
#1047=FACE_OUTER_BOUND('',#1687,.T.);
#1048=FACE_OUTER_BOUND('',#1688,.T.);
#1049=FACE_OUTER_BOUND('',#1692,.T.);
#1050=FACE_OUTER_BOUND('',#1699,.T.);
#1051=FACE_OUTER_BOUND('',#1700,.T.);
#1052=FACE_OUTER_BOUND('',#1701,.T.);
#1053=FACE_OUTER_BOUND('',#1702,.T.);
#1054=FACE_OUTER_BOUND('',#1703,.T.);
#1055=FACE_OUTER_BOUND('',#1704,.T.);
#1056=FACE_OUTER_BOUND('',#1705,.T.);
#1057=FACE_OUTER_BOUND('',#1706,.T.);
#1058=FACE_OUTER_BOUND('',#1707,.T.);
#1059=FACE_OUTER_BOUND('',#1709,.T.);
#1060=FACE_OUTER_BOUND('',#1715,.T.);
#1061=FACE_OUTER_BOUND('',#1719,.T.);
#1062=FACE_OUTER_BOUND('',#1720,.T.);
#1063=FACE_OUTER_BOUND('',#1721,.T.);
#1064=FACE_OUTER_BOUND('',#1725,.T.);
#1065=FACE_OUTER_BOUND('',#1729,.T.);
#1066=FACE_OUTER_BOUND('',#1730,.T.);
#1067=FACE_OUTER_BOUND('',#1731,.T.);
#1068=FACE_OUTER_BOUND('',#1735,.T.);
#1069=FACE_OUTER_BOUND('',#1736,.T.);
#1070=FACE_OUTER_BOUND('',#1737,.T.);
#1071=FACE_OUTER_BOUND('',#1738,.T.);
#1072=FACE_OUTER_BOUND('',#1739,.T.);
#1073=FACE_OUTER_BOUND('',#1740,.T.);
#1074=FACE_OUTER_BOUND('',#1741,.T.);
#1075=FACE_OUTER_BOUND('',#1742,.T.);
#1076=FACE_OUTER_BOUND('',#1743,.T.);
#1077=FACE_OUTER_BOUND('',#1744,.T.);
#1078=FACE_OUTER_BOUND('',#1745,.T.);
#1079=FACE_OUTER_BOUND('',#1746,.T.);
#1080=FACE_OUTER_BOUND('',#1747,.T.);
#1081=FACE_OUTER_BOUND('',#1748,.T.);
#1082=FACE_OUTER_BOUND('',#1749,.T.);
#1083=FACE_OUTER_BOUND('',#1750,.T.);
#1084=FACE_OUTER_BOUND('',#1751,.T.);
#1085=FACE_OUTER_BOUND('',#1752,.T.);
#1086=FACE_OUTER_BOUND('',#1753,.T.);
#1087=FACE_OUTER_BOUND('',#1754,.T.);
#1088=FACE_OUTER_BOUND('',#1755,.T.);
#1089=FACE_OUTER_BOUND('',#1756,.T.);
#1090=FACE_OUTER_BOUND('',#1757,.T.);
#1091=FACE_OUTER_BOUND('',#1758,.T.);
#1092=FACE_OUTER_BOUND('',#1759,.T.);
#1093=FACE_OUTER_BOUND('',#1760,.T.);
#1094=FACE_OUTER_BOUND('',#1761,.T.);
#1095=FACE_OUTER_BOUND('',#1762,.T.);
#1096=FACE_OUTER_BOUND('',#1763,.T.);
#1097=FACE_OUTER_BOUND('',#1764,.T.);
#1098=FACE_OUTER_BOUND('',#1765,.T.);
#1099=FACE_OUTER_BOUND('',#1766,.T.);
#1100=FACE_OUTER_BOUND('',#1767,.T.);
#1101=FACE_OUTER_BOUND('',#1768,.T.);
#1102=FACE_OUTER_BOUND('',#1769,.T.);
#1103=FACE_OUTER_BOUND('',#1770,.T.);
#1104=FACE_OUTER_BOUND('',#1771,.T.);
#1105=FACE_OUTER_BOUND('',#1772,.T.);
#1106=FACE_OUTER_BOUND('',#1773,.T.);
#1107=FACE_OUTER_BOUND('',#1774,.T.);
#1108=FACE_OUTER_BOUND('',#1775,.T.);
#1109=FACE_OUTER_BOUND('',#1776,.T.);
#1110=FACE_OUTER_BOUND('',#1777,.T.);
#1111=FACE_OUTER_BOUND('',#1778,.T.);
#1112=FACE_OUTER_BOUND('',#1779,.T.);
#1113=FACE_OUTER_BOUND('',#1780,.T.);
#1114=FACE_OUTER_BOUND('',#1781,.T.);
#1115=FACE_OUTER_BOUND('',#1782,.T.);
#1116=FACE_OUTER_BOUND('',#1783,.T.);
#1117=FACE_OUTER_BOUND('',#1784,.T.);
#1118=FACE_OUTER_BOUND('',#1785,.T.);
#1119=FACE_OUTER_BOUND('',#1786,.T.);
#1120=FACE_OUTER_BOUND('',#1787,.T.);
#1121=FACE_OUTER_BOUND('',#1788,.T.);
#1122=FACE_OUTER_BOUND('',#1789,.T.);
#1123=FACE_OUTER_BOUND('',#1790,.T.);
#1124=FACE_OUTER_BOUND('',#1791,.T.);
#1125=FACE_OUTER_BOUND('',#1792,.T.);
#1126=FACE_OUTER_BOUND('',#1793,.T.);
#1127=FACE_OUTER_BOUND('',#1794,.T.);
#1128=FACE_OUTER_BOUND('',#1795,.T.);
#1129=FACE_OUTER_BOUND('',#1796,.T.);
#1130=FACE_OUTER_BOUND('',#1797,.T.);
#1131=FACE_OUTER_BOUND('',#1798,.T.);
#1132=FACE_OUTER_BOUND('',#1799,.T.);
#1133=FACE_OUTER_BOUND('',#1800,.T.);
#1134=FACE_OUTER_BOUND('',#1801,.T.);
#1135=FACE_OUTER_BOUND('',#1802,.T.);
#1136=FACE_OUTER_BOUND('',#1803,.T.);
#1137=FACE_OUTER_BOUND('',#1804,.T.);
#1138=FACE_OUTER_BOUND('',#1805,.T.);
#1139=FACE_OUTER_BOUND('',#1806,.T.);
#1140=FACE_OUTER_BOUND('',#1807,.T.);
#1141=FACE_OUTER_BOUND('',#1808,.T.);
#1142=FACE_OUTER_BOUND('',#1809,.T.);
#1143=FACE_OUTER_BOUND('',#1810,.T.);
#1144=FACE_OUTER_BOUND('',#1811,.T.);
#1145=FACE_OUTER_BOUND('',#1812,.T.);
#1146=FACE_OUTER_BOUND('',#1813,.T.);
#1147=FACE_OUTER_BOUND('',#1814,.T.);
#1148=FACE_OUTER_BOUND('',#1815,.T.);
#1149=FACE_OUTER_BOUND('',#1816,.T.);
#1150=FACE_OUTER_BOUND('',#1817,.T.);
#1151=FACE_OUTER_BOUND('',#1818,.T.);
#1152=FACE_OUTER_BOUND('',#1819,.T.);
#1153=FACE_OUTER_BOUND('',#1820,.T.);
#1154=FACE_OUTER_BOUND('',#1821,.T.);
#1155=FACE_OUTER_BOUND('',#1822,.T.);
#1156=FACE_OUTER_BOUND('',#1823,.T.);
#1157=FACE_OUTER_BOUND('',#1824,.T.);
#1158=FACE_OUTER_BOUND('',#1825,.T.);
#1159=FACE_OUTER_BOUND('',#1826,.T.);
#1160=FACE_OUTER_BOUND('',#1827,.T.);
#1161=FACE_OUTER_BOUND('',#1828,.T.);
#1162=FACE_OUTER_BOUND('',#1829,.T.);
#1163=FACE_OUTER_BOUND('',#1830,.T.);
#1164=FACE_OUTER_BOUND('',#1831,.T.);
#1165=FACE_OUTER_BOUND('',#1832,.T.);
#1166=FACE_OUTER_BOUND('',#1833,.T.);
#1167=FACE_OUTER_BOUND('',#1834,.T.);
#1168=FACE_OUTER_BOUND('',#1835,.T.);
#1169=FACE_OUTER_BOUND('',#1836,.T.);
#1170=FACE_OUTER_BOUND('',#1837,.T.);
#1171=FACE_OUTER_BOUND('',#1838,.T.);
#1172=FACE_OUTER_BOUND('',#1839,.T.);
#1173=FACE_OUTER_BOUND('',#1840,.T.);
#1174=FACE_OUTER_BOUND('',#1841,.T.);
#1175=FACE_OUTER_BOUND('',#1842,.T.);
#1176=FACE_OUTER_BOUND('',#1843,.T.);
#1177=FACE_OUTER_BOUND('',#1844,.T.);
#1178=FACE_OUTER_BOUND('',#1845,.T.);
#1179=FACE_OUTER_BOUND('',#1846,.T.);
#1180=FACE_OUTER_BOUND('',#1847,.T.);
#1181=FACE_OUTER_BOUND('',#1848,.T.);
#1182=FACE_OUTER_BOUND('',#1849,.T.);
#1183=FACE_OUTER_BOUND('',#1850,.T.);
#1184=FACE_OUTER_BOUND('',#1851,.T.);
#1185=FACE_OUTER_BOUND('',#1852,.T.);
#1186=FACE_OUTER_BOUND('',#1853,.T.);
#1187=FACE_OUTER_BOUND('',#1854,.T.);
#1188=FACE_OUTER_BOUND('',#1855,.T.);
#1189=FACE_OUTER_BOUND('',#1856,.T.);
#1190=FACE_OUTER_BOUND('',#1857,.T.);
#1191=FACE_OUTER_BOUND('',#1858,.T.);
#1192=FACE_OUTER_BOUND('',#1859,.T.);
#1193=FACE_OUTER_BOUND('',#1860,.T.);
#1194=FACE_OUTER_BOUND('',#1861,.T.);
#1195=FACE_OUTER_BOUND('',#1862,.T.);
#1196=FACE_OUTER_BOUND('',#1863,.T.);
#1197=FACE_OUTER_BOUND('',#1864,.T.);
#1198=FACE_OUTER_BOUND('',#1865,.T.);
#1199=FACE_OUTER_BOUND('',#1866,.T.);
#1200=FACE_OUTER_BOUND('',#1867,.T.);
#1201=FACE_OUTER_BOUND('',#1868,.T.);
#1202=FACE_OUTER_BOUND('',#1869,.T.);
#1203=FACE_OUTER_BOUND('',#1870,.T.);
#1204=FACE_OUTER_BOUND('',#1871,.T.);
#1205=FACE_OUTER_BOUND('',#1873,.T.);
#1206=FACE_OUTER_BOUND('',#1874,.T.);
#1207=FACE_OUTER_BOUND('',#1875,.T.);
#1208=FACE_OUTER_BOUND('',#1884,.T.);
#1209=FACE_OUTER_BOUND('',#1885,.T.);
#1210=FACE_OUTER_BOUND('',#1886,.T.);
#1211=FACE_OUTER_BOUND('',#1887,.T.);
#1212=FACE_OUTER_BOUND('',#1888,.T.);
#1213=FACE_OUTER_BOUND('',#1889,.T.);
#1214=FACE_OUTER_BOUND('',#1890,.T.);
#1215=FACE_OUTER_BOUND('',#1891,.T.);
#1216=FACE_OUTER_BOUND('',#1892,.T.);
#1217=FACE_OUTER_BOUND('',#1893,.T.);
#1218=FACE_OUTER_BOUND('',#1894,.T.);
#1219=FACE_OUTER_BOUND('',#1895,.T.);
#1220=FACE_OUTER_BOUND('',#1896,.T.);
#1221=FACE_OUTER_BOUND('',#1897,.T.);
#1222=FACE_OUTER_BOUND('',#1898,.T.);
#1223=FACE_OUTER_BOUND('',#1899,.T.);
#1224=FACE_OUTER_BOUND('',#1900,.T.);
#1225=FACE_OUTER_BOUND('',#1901,.T.);
#1226=FACE_OUTER_BOUND('',#1902,.T.);
#1227=FACE_OUTER_BOUND('',#1903,.T.);
#1228=FACE_OUTER_BOUND('',#1904,.T.);
#1229=FACE_OUTER_BOUND('',#1906,.T.);
#1230=FACE_OUTER_BOUND('',#1907,.T.);
#1231=FACE_OUTER_BOUND('',#1908,.T.);
#1232=FACE_OUTER_BOUND('',#1909,.T.);
#1233=FACE_OUTER_BOUND('',#1910,.T.);
#1234=FACE_OUTER_BOUND('',#1911,.T.);
#1235=FACE_OUTER_BOUND('',#1912,.T.);
#1236=FACE_OUTER_BOUND('',#1913,.T.);
#1237=FACE_OUTER_BOUND('',#1914,.T.);
#1238=FACE_OUTER_BOUND('',#1915,.T.);
#1239=FACE_OUTER_BOUND('',#1916,.T.);
#1240=FACE_OUTER_BOUND('',#1917,.T.);
#1241=FACE_OUTER_BOUND('',#1918,.T.);
#1242=FACE_OUTER_BOUND('',#1919,.T.);
#1243=FACE_OUTER_BOUND('',#1920,.T.);
#1244=FACE_OUTER_BOUND('',#1921,.T.);
#1245=FACE_OUTER_BOUND('',#1922,.T.);
#1246=FACE_OUTER_BOUND('',#1923,.T.);
#1247=FACE_OUTER_BOUND('',#1924,.T.);
#1248=FACE_OUTER_BOUND('',#1925,.T.);
#1249=FACE_OUTER_BOUND('',#1926,.T.);
#1250=FACE_OUTER_BOUND('',#1927,.T.);
#1251=FACE_OUTER_BOUND('',#1928,.T.);
#1252=FACE_OUTER_BOUND('',#1929,.T.);
#1253=FACE_OUTER_BOUND('',#1930,.T.);
#1254=FACE_OUTER_BOUND('',#1931,.T.);
#1255=FACE_OUTER_BOUND('',#1932,.T.);
#1256=FACE_OUTER_BOUND('',#1933,.T.);
#1257=FACE_OUTER_BOUND('',#1934,.T.);
#1258=FACE_OUTER_BOUND('',#1935,.T.);
#1259=FACE_OUTER_BOUND('',#1936,.T.);
#1260=FACE_OUTER_BOUND('',#1937,.T.);
#1261=FACE_OUTER_BOUND('',#1938,.T.);
#1262=FACE_OUTER_BOUND('',#1939,.T.);
#1263=FACE_OUTER_BOUND('',#1940,.T.);
#1264=FACE_OUTER_BOUND('',#1941,.T.);
#1265=FACE_OUTER_BOUND('',#1942,.T.);
#1266=FACE_OUTER_BOUND('',#1943,.T.);
#1267=FACE_OUTER_BOUND('',#1944,.T.);
#1268=FACE_OUTER_BOUND('',#1945,.T.);
#1269=FACE_OUTER_BOUND('',#1946,.T.);
#1270=FACE_OUTER_BOUND('',#1947,.T.);
#1271=FACE_OUTER_BOUND('',#1948,.T.);
#1272=FACE_OUTER_BOUND('',#1949,.T.);
#1273=FACE_OUTER_BOUND('',#1950,.T.);
#1274=FACE_OUTER_BOUND('',#1951,.T.);
#1275=FACE_OUTER_BOUND('',#1952,.T.);
#1276=FACE_OUTER_BOUND('',#1953,.T.);
#1277=FACE_OUTER_BOUND('',#1954,.T.);
#1278=FACE_OUTER_BOUND('',#1955,.T.);
#1279=FACE_OUTER_BOUND('',#1956,.T.);
#1280=FACE_OUTER_BOUND('',#1957,.T.);
#1281=FACE_OUTER_BOUND('',#1958,.T.);
#1282=FACE_OUTER_BOUND('',#1959,.T.);
#1283=FACE_OUTER_BOUND('',#1960,.T.);
#1284=FACE_OUTER_BOUND('',#1961,.T.);
#1285=FACE_OUTER_BOUND('',#1962,.T.);
#1286=FACE_OUTER_BOUND('',#1963,.T.);
#1287=FACE_OUTER_BOUND('',#1964,.T.);
#1288=FACE_OUTER_BOUND('',#1965,.T.);
#1289=FACE_OUTER_BOUND('',#1966,.T.);
#1290=FACE_OUTER_BOUND('',#1967,.T.);
#1291=FACE_OUTER_BOUND('',#1968,.T.);
#1292=FACE_OUTER_BOUND('',#1969,.T.);
#1293=FACE_OUTER_BOUND('',#1970,.T.);
#1294=FACE_OUTER_BOUND('',#1971,.T.);
#1295=FACE_OUTER_BOUND('',#1972,.T.);
#1296=FACE_OUTER_BOUND('',#1973,.T.);
#1297=FACE_OUTER_BOUND('',#1974,.T.);
#1298=FACE_OUTER_BOUND('',#1975,.T.);
#1299=FACE_OUTER_BOUND('',#1976,.T.);
#1300=FACE_OUTER_BOUND('',#1977,.T.);
#1301=FACE_OUTER_BOUND('',#1978,.T.);
#1302=FACE_OUTER_BOUND('',#1979,.T.);
#1303=FACE_OUTER_BOUND('',#1980,.T.);
#1304=FACE_OUTER_BOUND('',#1981,.T.);
#1305=FACE_OUTER_BOUND('',#1982,.T.);
#1306=FACE_OUTER_BOUND('',#1983,.T.);
#1307=FACE_OUTER_BOUND('',#1984,.T.);
#1308=FACE_OUTER_BOUND('',#1985,.T.);
#1309=FACE_OUTER_BOUND('',#1986,.T.);
#1310=FACE_OUTER_BOUND('',#1987,.T.);
#1311=FACE_OUTER_BOUND('',#1988,.T.);
#1312=FACE_OUTER_BOUND('',#1989,.T.);
#1313=FACE_OUTER_BOUND('',#1990,.T.);
#1314=FACE_OUTER_BOUND('',#1991,.T.);
#1315=FACE_OUTER_BOUND('',#1992,.T.);
#1316=FACE_OUTER_BOUND('',#1993,.T.);
#1317=FACE_OUTER_BOUND('',#1994,.T.);
#1318=FACE_OUTER_BOUND('',#1995,.T.);
#1319=FACE_OUTER_BOUND('',#1996,.T.);
#1320=FACE_OUTER_BOUND('',#1998,.T.);
#1321=FACE_OUTER_BOUND('',#1999,.T.);
#1322=FACE_OUTER_BOUND('',#2000,.T.);
#1323=FACE_OUTER_BOUND('',#2001,.T.);
#1324=FACE_OUTER_BOUND('',#2002,.T.);
#1325=FACE_OUTER_BOUND('',#2003,.T.);
#1326=FACE_OUTER_BOUND('',#2004,.T.);
#1327=FACE_OUTER_BOUND('',#2005,.T.);
#1328=FACE_OUTER_BOUND('',#2006,.T.);
#1329=FACE_OUTER_BOUND('',#2007,.T.);
#1330=FACE_OUTER_BOUND('',#2008,.T.);
#1331=FACE_OUTER_BOUND('',#2009,.T.);
#1332=FACE_OUTER_BOUND('',#2010,.T.);
#1333=FACE_OUTER_BOUND('',#2011,.T.);
#1334=FACE_OUTER_BOUND('',#2012,.T.);
#1335=FACE_OUTER_BOUND('',#2013,.T.);
#1336=FACE_OUTER_BOUND('',#2014,.T.);
#1337=FACE_OUTER_BOUND('',#2015,.T.);
#1338=FACE_OUTER_BOUND('',#2016,.T.);
#1339=FACE_OUTER_BOUND('',#2017,.T.);
#1340=FACE_OUTER_BOUND('',#2022,.T.);
#1341=FACE_OUTER_BOUND('',#2023,.T.);
#1342=FACE_OUTER_BOUND('',#2024,.T.);
#1343=FACE_OUTER_BOUND('',#2026,.T.);
#1344=FACE_OUTER_BOUND('',#2027,.T.);
#1345=FACE_OUTER_BOUND('',#2028,.T.);
#1346=FACE_OUTER_BOUND('',#2030,.T.);
#1347=FACE_OUTER_BOUND('',#2031,.T.);
#1348=FACE_OUTER_BOUND('',#2032,.T.);
#1349=FACE_OUTER_BOUND('',#2034,.T.);
#1350=FACE_OUTER_BOUND('',#2035,.T.);
#1351=FACE_OUTER_BOUND('',#2036,.T.);
#1352=FACE_OUTER_BOUND('',#2038,.T.);
#1353=FACE_OUTER_BOUND('',#2039,.T.);
#1354=FACE_OUTER_BOUND('',#2040,.T.);
#1355=FACE_OUTER_BOUND('',#2041,.T.);
#1356=FACE_OUTER_BOUND('',#2042,.T.);
#1357=FACE_OUTER_BOUND('',#2043,.T.);
#1358=FACE_OUTER_BOUND('',#2044,.T.);
#1359=FACE_OUTER_BOUND('',#2045,.T.);
#1360=FACE_OUTER_BOUND('',#2046,.T.);
#1361=FACE_OUTER_BOUND('',#2047,.T.);
#1362=FACE_OUTER_BOUND('',#2048,.T.);
#1363=FACE_OUTER_BOUND('',#2049,.T.);
#1364=FACE_OUTER_BOUND('',#2050,.T.);
#1365=FACE_OUTER_BOUND('',#2051,.T.);
#1366=FACE_OUTER_BOUND('',#2052,.T.);
#1367=FACE_OUTER_BOUND('',#2053,.T.);
#1368=FACE_OUTER_BOUND('',#2054,.T.);
#1369=FACE_OUTER_BOUND('',#2055,.T.);
#1370=FACE_OUTER_BOUND('',#2056,.T.);
#1371=FACE_OUTER_BOUND('',#2057,.T.);
#1372=FACE_OUTER_BOUND('',#2058,.T.);
#1373=FACE_OUTER_BOUND('',#2060,.T.);
#1374=FACE_OUTER_BOUND('',#2061,.T.);
#1375=FACE_OUTER_BOUND('',#2062,.T.);
#1376=FACE_OUTER_BOUND('',#2063,.T.);
#1377=FACE_OUTER_BOUND('',#2064,.T.);
#1378=FACE_OUTER_BOUND('',#2065,.T.);
#1379=FACE_OUTER_BOUND('',#2066,.T.);
#1380=FACE_OUTER_BOUND('',#2068,.T.);
#1381=FACE_OUTER_BOUND('',#2069,.T.);
#1382=FACE_OUTER_BOUND('',#2070,.T.);
#1383=FACE_OUTER_BOUND('',#2071,.T.);
#1384=FACE_OUTER_BOUND('',#2072,.T.);
#1385=FACE_OUTER_BOUND('',#2073,.T.);
#1386=FACE_OUTER_BOUND('',#2074,.T.);
#1387=FACE_OUTER_BOUND('',#2076,.T.);
#1388=FACE_OUTER_BOUND('',#2077,.T.);
#1389=FACE_OUTER_BOUND('',#2078,.T.);
#1390=FACE_OUTER_BOUND('',#2079,.T.);
#1391=FACE_OUTER_BOUND('',#2081,.T.);
#1392=FACE_OUTER_BOUND('',#2082,.T.);
#1393=FACE_OUTER_BOUND('',#2083,.T.);
#1394=FACE_OUTER_BOUND('',#2084,.T.);
#1395=FACE_OUTER_BOUND('',#2085,.T.);
#1396=FACE_OUTER_BOUND('',#2086,.T.);
#1397=FACE_OUTER_BOUND('',#2087,.T.);
#1398=FACE_OUTER_BOUND('',#2088,.T.);
#1399=FACE_OUTER_BOUND('',#2089,.T.);
#1400=FACE_OUTER_BOUND('',#2092,.T.);
#1401=FACE_OUTER_BOUND('',#2093,.T.);
#1402=FACE_OUTER_BOUND('',#2096,.T.);
#1403=FACE_OUTER_BOUND('',#2097,.T.);
#1404=FACE_OUTER_BOUND('',#2098,.T.);
#1405=FACE_OUTER_BOUND('',#2099,.T.);
#1406=FACE_OUTER_BOUND('',#2100,.T.);
#1407=FACE_OUTER_BOUND('',#2101,.T.);
#1408=FACE_OUTER_BOUND('',#2102,.T.);
#1409=FACE_OUTER_BOUND('',#2103,.T.);
#1410=FACE_OUTER_BOUND('',#2104,.T.);
#1411=FACE_OUTER_BOUND('',#2105,.T.);
#1412=FACE_OUTER_BOUND('',#2106,.T.);
#1413=FACE_OUTER_BOUND('',#2107,.T.);
#1414=FACE_OUTER_BOUND('',#2108,.T.);
#1415=FACE_OUTER_BOUND('',#2109,.T.);
#1416=FACE_OUTER_BOUND('',#2110,.T.);
#1417=EDGE_LOOP('',(#6833,#6834,#6835,#6836));
#1418=EDGE_LOOP('',(#6837,#6838,#6839,#6840));
#1419=EDGE_LOOP('',(#6841,#6842,#6843,#6844,#6845));
#1420=EDGE_LOOP('',(#6846,#6847,#6848,#6849,#6850));
#1421=EDGE_LOOP('',(#6851,#6852,#6853,#6854,#6855));
#1422=EDGE_LOOP('',(#6856,#6857,#6858,#6859,#6860));
#1423=EDGE_LOOP('',(#6861,#6862,#6863,#6864));
#1424=EDGE_LOOP('',(#6865,#6866,#6867,#6868));
#1425=EDGE_LOOP('',(#6869,#6870,#6871,#6872));
#1426=EDGE_LOOP('',(#6873,#6874,#6875,#6876));
#1427=EDGE_LOOP('',(#6877,#6878,#6879,#6880));
#1428=EDGE_LOOP('',(#6881,#6882,#6883,#6884));
#1429=EDGE_LOOP('',(#6885,#6886,#6887,#6888,#6889,#6890,#6891,#6892,#6893,
#6894));
#1430=EDGE_LOOP('',(#6895,#6896,#6897,#6898,#6899,#6900,#6901,#6902,#6903,
#6904));
#1431=EDGE_LOOP('',(#6905,#6906,#6907,#6908,#6909,#6910,#6911,#6912,#6913,
#6914,#6915,#6916));
#1432=EDGE_LOOP('',(#6917,#6918,#6919,#6920,#6921,#6922,#6923,#6924));
#1433=EDGE_LOOP('',(#6925));
#1434=EDGE_LOOP('',(#6926));
#1435=EDGE_LOOP('',(#6927));
#1436=EDGE_LOOP('',(#6928));
#1437=EDGE_LOOP('',(#6929,#6930,#6931,#6932,#6933,#6934,#6935,#6936,#6937,
#6938,#6939,#6940));
#1438=EDGE_LOOP('',(#6941,#6942,#6943,#6944,#6945,#6946,#6947,#6948,#6949,
#6950,#6951,#6952));
#1439=EDGE_LOOP('',(#6953,#6954,#6955,#6956));
#1440=EDGE_LOOP('',(#6957,#6958,#6959,#6960));
#1441=EDGE_LOOP('',(#6961,#6962,#6963,#6964));
#1442=EDGE_LOOP('',(#6965,#6966,#6967,#6968,#6969,#6970,#6971,#6972,#6973,
#6974,#6975,#6976));
#1443=EDGE_LOOP('',(#6977,#6978,#6979,#6980));
#1444=EDGE_LOOP('',(#6981,#6982,#6983,#6984));
#1445=EDGE_LOOP('',(#6985,#6986,#6987,#6988,#6989,#6990));
#1446=EDGE_LOOP('',(#6991));
#1447=EDGE_LOOP('',(#6992,#6993,#6994,#6995,#6996));
#1448=EDGE_LOOP('',(#6997,#6998,#6999,#7000,#7001));
#1449=EDGE_LOOP('',(#7002,#7003,#7004,#7005,#7006,#7007));
#1450=EDGE_LOOP('',(#7008));
#1451=EDGE_LOOP('',(#7009,#7010,#7011,#7012,#7013));
#1452=EDGE_LOOP('',(#7014,#7015,#7016,#7017,#7018));
#1453=EDGE_LOOP('',(#7019,#7020,#7021,#7022,#7023,#7024));
#1454=EDGE_LOOP('',(#7025));
#1455=EDGE_LOOP('',(#7026,#7027,#7028,#7029));
#1456=EDGE_LOOP('',(#7030,#7031,#7032,#7033,#7034));
#1457=EDGE_LOOP('',(#7035,#7036,#7037,#7038,#7039));
#1458=EDGE_LOOP('',(#7040,#7041,#7042,#7043,#7044,#7045));
#1459=EDGE_LOOP('',(#7046));
#1460=EDGE_LOOP('',(#7047,#7048,#7049,#7050));
#1461=EDGE_LOOP('',(#7051,#7052,#7053,#7054,#7055));
#1462=EDGE_LOOP('',(#7056,#7057,#7058,#7059,#7060));
#1463=EDGE_LOOP('',(#7061,#7062,#7063,#7064));
#1464=EDGE_LOOP('',(#7065,#7066,#7067,#7068));
#1465=EDGE_LOOP('',(#7069,#7070,#7071,#7072));
#1466=EDGE_LOOP('',(#7073,#7074,#7075,#7076));
#1467=EDGE_LOOP('',(#7077,#7078,#7079,#7080));
#1468=EDGE_LOOP('',(#7081,#7082,#7083,#7084));
#1469=EDGE_LOOP('',(#7085,#7086,#7087,#7088));
#1470=EDGE_LOOP('',(#7089,#7090,#7091,#7092));
#1471=EDGE_LOOP('',(#7093,#7094,#7095,#7096));
#1472=EDGE_LOOP('',(#7097,#7098,#7099,#7100));
#1473=EDGE_LOOP('',(#7101,#7102,#7103,#7104));
#1474=EDGE_LOOP('',(#7105,#7106,#7107,#7108));
#1475=EDGE_LOOP('',(#7109,#7110,#7111,#7112));
#1476=EDGE_LOOP('',(#7113,#7114,#7115,#7116));
#1477=EDGE_LOOP('',(#7117,#7118,#7119,#7120));
#1478=EDGE_LOOP('',(#7121,#7122,#7123,#7124));
#1479=EDGE_LOOP('',(#7125,#7126,#7127,#7128));
#1480=EDGE_LOOP('',(#7129,#7130,#7131,#7132));
#1481=EDGE_LOOP('',(#7133,#7134,#7135,#7136));
#1482=EDGE_LOOP('',(#7137,#7138,#7139,#7140));
#1483=EDGE_LOOP('',(#7141,#7142,#7143,#7144));
#1484=EDGE_LOOP('',(#7145,#7146,#7147,#7148));
#1485=EDGE_LOOP('',(#7149,#7150,#7151,#7152));
#1486=EDGE_LOOP('',(#7153,#7154,#7155,#7156));
#1487=EDGE_LOOP('',(#7157,#7158,#7159,#7160));
#1488=EDGE_LOOP('',(#7161,#7162,#7163,#7164));
#1489=EDGE_LOOP('',(#7165,#7166,#7167,#7168));
#1490=EDGE_LOOP('',(#7169,#7170,#7171,#7172));
#1491=EDGE_LOOP('',(#7173,#7174,#7175,#7176));
#1492=EDGE_LOOP('',(#7177,#7178,#7179,#7180));
#1493=EDGE_LOOP('',(#7181,#7182,#7183,#7184));
#1494=EDGE_LOOP('',(#7185,#7186,#7187,#7188));
#1495=EDGE_LOOP('',(#7189,#7190,#7191,#7192));
#1496=EDGE_LOOP('',(#7193,#7194,#7195,#7196));
#1497=EDGE_LOOP('',(#7197,#7198,#7199,#7200));
#1498=EDGE_LOOP('',(#7201,#7202,#7203,#7204));
#1499=EDGE_LOOP('',(#7205,#7206,#7207,#7208));
#1500=EDGE_LOOP('',(#7209,#7210,#7211,#7212));
#1501=EDGE_LOOP('',(#7213,#7214,#7215,#7216));
#1502=EDGE_LOOP('',(#7217,#7218,#7219,#7220));
#1503=EDGE_LOOP('',(#7221,#7222,#7223,#7224));
#1504=EDGE_LOOP('',(#7225,#7226,#7227,#7228));
#1505=EDGE_LOOP('',(#7229,#7230,#7231,#7232,#7233));
#1506=EDGE_LOOP('',(#7234,#7235,#7236,#7237,#7238));
#1507=EDGE_LOOP('',(#7239,#7240,#7241,#7242,#7243));
#1508=EDGE_LOOP('',(#7244,#7245,#7246,#7247,#7248));
#1509=EDGE_LOOP('',(#7249,#7250,#7251,#7252));
#1510=EDGE_LOOP('',(#7253,#7254,#7255,#7256));
#1511=EDGE_LOOP('',(#7257,#7258,#7259,#7260));
#1512=EDGE_LOOP('',(#7261,#7262,#7263,#7264));
#1513=EDGE_LOOP('',(#7265,#7266,#7267,#7268,#7269));
#1514=EDGE_LOOP('',(#7270,#7271,#7272,#7273,#7274));
#1515=EDGE_LOOP('',(#7275,#7276,#7277,#7278,#7279));
#1516=EDGE_LOOP('',(#7280,#7281,#7282,#7283,#7284));
#1517=EDGE_LOOP('',(#7285,#7286,#7287,#7288));
#1518=EDGE_LOOP('',(#7289,#7290,#7291,#7292));
#1519=EDGE_LOOP('',(#7293,#7294,#7295,#7296));
#1520=EDGE_LOOP('',(#7297,#7298,#7299,#7300));
#1521=EDGE_LOOP('',(#7301,#7302,#7303,#7304));
#1522=EDGE_LOOP('',(#7305,#7306,#7307,#7308));
#1523=EDGE_LOOP('',(#7309,#7310,#7311,#7312));
#1524=EDGE_LOOP('',(#7313,#7314,#7315,#7316));
#1525=EDGE_LOOP('',(#7317,#7318,#7319,#7320));
#1526=EDGE_LOOP('',(#7321,#7322,#7323,#7324));
#1527=EDGE_LOOP('',(#7325,#7326,#7327,#7328));
#1528=EDGE_LOOP('',(#7329,#7330,#7331,#7332));
#1529=EDGE_LOOP('',(#7333,#7334,#7335,#7336));
#1530=EDGE_LOOP('',(#7337,#7338,#7339,#7340));
#1531=EDGE_LOOP('',(#7341,#7342,#7343,#7344));
#1532=EDGE_LOOP('',(#7345,#7346,#7347,#7348));
#1533=EDGE_LOOP('',(#7349,#7350,#7351,#7352));
#1534=EDGE_LOOP('',(#7353,#7354,#7355,#7356));
#1535=EDGE_LOOP('',(#7357,#7358,#7359,#7360));
#1536=EDGE_LOOP('',(#7361,#7362,#7363,#7364));
#1537=EDGE_LOOP('',(#7365,#7366,#7367,#7368));
#1538=EDGE_LOOP('',(#7369,#7370,#7371,#7372));
#1539=EDGE_LOOP('',(#7373,#7374,#7375,#7376));
#1540=EDGE_LOOP('',(#7377,#7378,#7379,#7380));
#1541=EDGE_LOOP('',(#7381,#7382,#7383,#7384));
#1542=EDGE_LOOP('',(#7385,#7386,#7387,#7388));
#1543=EDGE_LOOP('',(#7389,#7390,#7391,#7392));
#1544=EDGE_LOOP('',(#7393,#7394,#7395,#7396));
#1545=EDGE_LOOP('',(#7397,#7398,#7399,#7400));
#1546=EDGE_LOOP('',(#7401,#7402,#7403,#7404,#7405,#7406,#7407,#7408,#7409,
#7410,#7411,#7412,#7413,#7414,#7415,#7416,#7417,#7418,#7419,#7420,#7421,
#7422,#7423,#7424,#7425,#7426,#7427,#7428,#7429,#7430,#7431,#7432,#7433,
#7434));
#1547=EDGE_LOOP('',(#7435));
#1548=EDGE_LOOP('',(#7436));
#1549=EDGE_LOOP('',(#7437));
#1550=EDGE_LOOP('',(#7438));
#1551=EDGE_LOOP('',(#7439,#7440,#7441,#7442,#7443,#7444,#7445,#7446,#7447,
#7448,#7449,#7450,#7451,#7452,#7453,#7454,#7455,#7456,#7457,#7458,#7459,
#7460,#7461,#7462,#7463,#7464,#7465,#7466,#7467,#7468,#7469,#7470,#7471,
#7472));
#1552=EDGE_LOOP('',(#7473));
#1553=EDGE_LOOP('',(#7474));
#1554=EDGE_LOOP('',(#7475));
#1555=EDGE_LOOP('',(#7476));
#1556=EDGE_LOOP('',(#7477,#7478,#7479,#7480));
#1557=EDGE_LOOP('',(#7481,#7482,#7483,#7484));
#1558=EDGE_LOOP('',(#7485,#7486,#7487,#7488));
#1559=EDGE_LOOP('',(#7489,#7490,#7491,#7492));
#1560=EDGE_LOOP('',(#7493,#7494,#7495,#7496));
#1561=EDGE_LOOP('',(#7497,#7498,#7499,#7500));
#1562=EDGE_LOOP('',(#7501,#7502,#7503,#7504));
#1563=EDGE_LOOP('',(#7505,#7506,#7507,#7508));
#1564=EDGE_LOOP('',(#7509,#7510,#7511,#7512));
#1565=EDGE_LOOP('',(#7513,#7514,#7515,#7516));
#1566=EDGE_LOOP('',(#7517,#7518,#7519,#7520));
#1567=EDGE_LOOP('',(#7521,#7522,#7523,#7524));
#1568=EDGE_LOOP('',(#7525,#7526,#7527,#7528));
#1569=EDGE_LOOP('',(#7529,#7530,#7531,#7532));
#1570=EDGE_LOOP('',(#7533,#7534,#7535,#7536));
#1571=EDGE_LOOP('',(#7537,#7538,#7539,#7540));
#1572=EDGE_LOOP('',(#7541,#7542,#7543,#7544));
#1573=EDGE_LOOP('',(#7545,#7546,#7547,#7548));
#1574=EDGE_LOOP('',(#7549,#7550,#7551,#7552));
#1575=EDGE_LOOP('',(#7553,#7554,#7555,#7556));
#1576=EDGE_LOOP('',(#7557,#7558,#7559,#7560));
#1577=EDGE_LOOP('',(#7561,#7562,#7563,#7564));
#1578=EDGE_LOOP('',(#7565,#7566,#7567,#7568));
#1579=EDGE_LOOP('',(#7569,#7570,#7571,#7572));
#1580=EDGE_LOOP('',(#7573,#7574,#7575,#7576));
#1581=EDGE_LOOP('',(#7577,#7578,#7579,#7580));
#1582=EDGE_LOOP('',(#7581,#7582,#7583,#7584));
#1583=EDGE_LOOP('',(#7585,#7586,#7587,#7588));
#1584=EDGE_LOOP('',(#7589,#7590,#7591,#7592));
#1585=EDGE_LOOP('',(#7593,#7594,#7595,#7596));
#1586=EDGE_LOOP('',(#7597,#7598,#7599,#7600));
#1587=EDGE_LOOP('',(#7601,#7602,#7603,#7604));
#1588=EDGE_LOOP('',(#7605,#7606,#7607,#7608));
#1589=EDGE_LOOP('',(#7609,#7610,#7611,#7612));
#1590=EDGE_LOOP('',(#7613,#7614,#7615,#7616));
#1591=EDGE_LOOP('',(#7617,#7618,#7619,#7620));
#1592=EDGE_LOOP('',(#7621,#7622,#7623,#7624));
#1593=EDGE_LOOP('',(#7625,#7626,#7627,#7628));
#1594=EDGE_LOOP('',(#7629,#7630,#7631,#7632));
#1595=EDGE_LOOP('',(#7633,#7634,#7635,#7636));
#1596=EDGE_LOOP('',(#7637,#7638,#7639,#7640));
#1597=EDGE_LOOP('',(#7641,#7642,#7643,#7644));
#1598=EDGE_LOOP('',(#7645,#7646,#7647,#7648));
#1599=EDGE_LOOP('',(#7649,#7650,#7651,#7652));
#1600=EDGE_LOOP('',(#7653,#7654,#7655,#7656));
#1601=EDGE_LOOP('',(#7657,#7658,#7659,#7660));
#1602=EDGE_LOOP('',(#7661,#7662,#7663,#7664));
#1603=EDGE_LOOP('',(#7665,#7666,#7667,#7668));
#1604=EDGE_LOOP('',(#7669,#7670,#7671,#7672));
#1605=EDGE_LOOP('',(#7673,#7674,#7675,#7676));
#1606=EDGE_LOOP('',(#7677,#7678,#7679,#7680));
#1607=EDGE_LOOP('',(#7681,#7682,#7683,#7684));
#1608=EDGE_LOOP('',(#7685,#7686,#7687,#7688));
#1609=EDGE_LOOP('',(#7689,#7690,#7691,#7692));
#1610=EDGE_LOOP('',(#7693,#7694,#7695,#7696));
#1611=EDGE_LOOP('',(#7697,#7698,#7699,#7700));
#1612=EDGE_LOOP('',(#7701,#7702,#7703,#7704));
#1613=EDGE_LOOP('',(#7705,#7706,#7707,#7708));
#1614=EDGE_LOOP('',(#7709,#7710,#7711,#7712));
#1615=EDGE_LOOP('',(#7713,#7714,#7715,#7716));
#1616=EDGE_LOOP('',(#7717,#7718,#7719,#7720));
#1617=EDGE_LOOP('',(#7721,#7722,#7723,#7724));
#1618=EDGE_LOOP('',(#7725,#7726,#7727,#7728));
#1619=EDGE_LOOP('',(#7729,#7730,#7731,#7732));
#1620=EDGE_LOOP('',(#7733,#7734,#7735,#7736));
#1621=EDGE_LOOP('',(#7737,#7738,#7739,#7740));
#1622=EDGE_LOOP('',(#7741,#7742,#7743,#7744));
#1623=EDGE_LOOP('',(#7745,#7746,#7747,#7748));
#1624=EDGE_LOOP('',(#7749,#7750,#7751,#7752));
#1625=EDGE_LOOP('',(#7753,#7754,#7755,#7756));
#1626=EDGE_LOOP('',(#7757,#7758,#7759,#7760));
#1627=EDGE_LOOP('',(#7761,#7762,#7763,#7764));
#1628=EDGE_LOOP('',(#7765,#7766,#7767,#7768));
#1629=EDGE_LOOP('',(#7769,#7770,#7771,#7772));
#1630=EDGE_LOOP('',(#7773,#7774,#7775,#7776));
#1631=EDGE_LOOP('',(#7777,#7778,#7779,#7780));
#1632=EDGE_LOOP('',(#7781,#7782,#7783,#7784));
#1633=EDGE_LOOP('',(#7785,#7786,#7787,#7788));
#1634=EDGE_LOOP('',(#7789,#7790,#7791,#7792));
#1635=EDGE_LOOP('',(#7793,#7794,#7795,#7796));
#1636=EDGE_LOOP('',(#7797,#7798,#7799,#7800,#7801,#7802,#7803,#7804));
#1637=EDGE_LOOP('',(#7805,#7806,#7807,#7808));
#1638=EDGE_LOOP('',(#7809,#7810,#7811,#7812));
#1639=EDGE_LOOP('',(#7813,#7814,#7815,#7816));
#1640=EDGE_LOOP('',(#7817,#7818,#7819,#7820));
#1641=EDGE_LOOP('',(#7821,#7822,#7823,#7824));
#1642=EDGE_LOOP('',(#7825,#7826,#7827,#7828));
#1643=EDGE_LOOP('',(#7829,#7830,#7831,#7832));
#1644=EDGE_LOOP('',(#7833,#7834,#7835,#7836));
#1645=EDGE_LOOP('',(#7837,#7838,#7839,#7840));
#1646=EDGE_LOOP('',(#7841,#7842,#7843,#7844));
#1647=EDGE_LOOP('',(#7845,#7846,#7847,#7848));
#1648=EDGE_LOOP('',(#7849,#7850,#7851,#7852));
#1649=EDGE_LOOP('',(#7853,#7854,#7855,#7856));
#1650=EDGE_LOOP('',(#7857,#7858,#7859,#7860));
#1651=EDGE_LOOP('',(#7861,#7862,#7863,#7864));
#1652=EDGE_LOOP('',(#7865,#7866,#7867,#7868));
#1653=EDGE_LOOP('',(#7869,#7870,#7871,#7872));
#1654=EDGE_LOOP('',(#7873,#7874,#7875,#7876));
#1655=EDGE_LOOP('',(#7877,#7878,#7879,#7880));
#1656=EDGE_LOOP('',(#7881,#7882,#7883,#7884));
#1657=EDGE_LOOP('',(#7885,#7886,#7887,#7888));
#1658=EDGE_LOOP('',(#7889,#7890,#7891,#7892));
#1659=EDGE_LOOP('',(#7893,#7894,#7895,#7896));
#1660=EDGE_LOOP('',(#7897,#7898,#7899,#7900));
#1661=EDGE_LOOP('',(#7901,#7902,#7903,#7904));
#1662=EDGE_LOOP('',(#7905,#7906,#7907,#7908));
#1663=EDGE_LOOP('',(#7909,#7910,#7911,#7912));
#1664=EDGE_LOOP('',(#7913,#7914,#7915,#7916));
#1665=EDGE_LOOP('',(#7917,#7918,#7919,#7920));
#1666=EDGE_LOOP('',(#7921,#7922,#7923,#7924));
#1667=EDGE_LOOP('',(#7925,#7926,#7927,#7928));
#1668=EDGE_LOOP('',(#7929,#7930,#7931,#7932));
#1669=EDGE_LOOP('',(#7933,#7934,#7935,#7936));
#1670=EDGE_LOOP('',(#7937,#7938,#7939,#7940));
#1671=EDGE_LOOP('',(#7941,#7942,#7943,#7944));
#1672=EDGE_LOOP('',(#7945,#7946,#7947,#7948));
#1673=EDGE_LOOP('',(#7949,#7950,#7951,#7952));
#1674=EDGE_LOOP('',(#7953,#7954,#7955,#7956));
#1675=EDGE_LOOP('',(#7957,#7958,#7959,#7960));
#1676=EDGE_LOOP('',(#7961,#7962,#7963,#7964));
#1677=EDGE_LOOP('',(#7965,#7966,#7967,#7968));
#1678=EDGE_LOOP('',(#7969,#7970,#7971,#7972));
#1679=EDGE_LOOP('',(#7973,#7974,#7975,#7976));
#1680=EDGE_LOOP('',(#7977,#7978,#7979,#7980));
#1681=EDGE_LOOP('',(#7981,#7982));
#1682=EDGE_LOOP('',(#7983,#7984,#7985,#7986));
#1683=EDGE_LOOP('',(#7987,#7988,#7989,#7990));
#1684=EDGE_LOOP('',(#7991));
#1685=EDGE_LOOP('',(#7992));
#1686=EDGE_LOOP('',(#7993,#7994,#7995,#7996));
#1687=EDGE_LOOP('',(#7997,#7998,#7999,#8000));
#1688=EDGE_LOOP('',(#8001,#8002,#8003,#8004));
#1689=EDGE_LOOP('',(#8005));
#1690=EDGE_LOOP('',(#8006));
#1691=EDGE_LOOP('',(#8007));
#1692=EDGE_LOOP('',(#8008,#8009,#8010,#8011,#8012,#8013,#8014,#8015,#8016,
#8017,#8018,#8019,#8020,#8021,#8022,#8023,#8024,#8025,#8026,#8027,#8028,
#8029,#8030,#8031,#8032,#8033,#8034,#8035,#8036,#8037,#8038,#8039,#8040,
#8041,#8042,#8043,#8044,#8045,#8046,#8047,#8048,#8049,#8050,#8051,#8052,
#8053,#8054,#8055,#8056,#8057,#8058,#8059,#8060,#8061,#8062,#8063,#8064,
#8065,#8066,#8067,#8068,#8069,#8070,#8071));
#1693=EDGE_LOOP('',(#8072));
#1694=EDGE_LOOP('',(#8073));
#1695=EDGE_LOOP('',(#8074));
#1696=EDGE_LOOP('',(#8075,#8076,#8077,#8078));
#1697=EDGE_LOOP('',(#8079));
#1698=EDGE_LOOP('',(#8080));
#1699=EDGE_LOOP('',(#8081,#8082,#8083,#8084));
#1700=EDGE_LOOP('',(#8085,#8086,#8087,#8088));
#1701=EDGE_LOOP('',(#8089,#8090,#8091,#8092));
#1702=EDGE_LOOP('',(#8093,#8094,#8095,#8096));
#1703=EDGE_LOOP('',(#8097,#8098,#8099,#8100));
#1704=EDGE_LOOP('',(#8101,#8102,#8103,#8104));
#1705=EDGE_LOOP('',(#8105,#8106,#8107,#8108));
#1706=EDGE_LOOP('',(#8109,#8110,#8111,#8112));
#1707=EDGE_LOOP('',(#8113,#8114,#8115,#8116,#8117,#8118,#8119,#8120,#8121,
#8122,#8123,#8124,#8125,#8126,#8127,#8128,#8129,#8130,#8131,#8132,#8133,
#8134,#8135,#8136,#8137,#8138,#8139,#8140));
#1708=EDGE_LOOP('',(#8141,#8142));
#1709=EDGE_LOOP('',(#8143,#8144,#8145,#8146,#8147,#8148,#8149,#8150,#8151,
#8152));
#1710=EDGE_LOOP('',(#8153));
#1711=EDGE_LOOP('',(#8154));
#1712=EDGE_LOOP('',(#8155));
#1713=EDGE_LOOP('',(#8156));
#1714=EDGE_LOOP('',(#8157));
#1715=EDGE_LOOP('',(#8158,#8159,#8160,#8161));
#1716=EDGE_LOOP('',(#8162));
#1717=EDGE_LOOP('',(#8163));
#1718=EDGE_LOOP('',(#8164));
#1719=EDGE_LOOP('',(#8165,#8166,#8167,#8168));
#1720=EDGE_LOOP('',(#8169,#8170,#8171,#8172));
#1721=EDGE_LOOP('',(#8173,#8174,#8175,#8176));
#1722=EDGE_LOOP('',(#8177,#8178,#8179,#8180));
#1723=EDGE_LOOP('',(#8181));
#1724=EDGE_LOOP('',(#8182));
#1725=EDGE_LOOP('',(#8183,#8184,#8185,#8186));
#1726=EDGE_LOOP('',(#8187));
#1727=EDGE_LOOP('',(#8188));
#1728=EDGE_LOOP('',(#8189));
#1729=EDGE_LOOP('',(#8190,#8191,#8192,#8193));
#1730=EDGE_LOOP('',(#8194,#8195,#8196,#8197));
#1731=EDGE_LOOP('',(#8198,#8199,#8200,#8201));
#1732=EDGE_LOOP('',(#8202,#8203,#8204,#8205));
#1733=EDGE_LOOP('',(#8206));
#1734=EDGE_LOOP('',(#8207));
#1735=EDGE_LOOP('',(#8208,#8209,#8210,#8211));
#1736=EDGE_LOOP('',(#8212,#8213,#8214,#8215));
#1737=EDGE_LOOP('',(#8216,#8217,#8218,#8219));
#1738=EDGE_LOOP('',(#8220,#8221,#8222,#8223));
#1739=EDGE_LOOP('',(#8224,#8225,#8226,#8227));
#1740=EDGE_LOOP('',(#8228,#8229,#8230,#8231));
#1741=EDGE_LOOP('',(#8232,#8233,#8234,#8235));
#1742=EDGE_LOOP('',(#8236,#8237,#8238,#8239));
#1743=EDGE_LOOP('',(#8240,#8241,#8242,#8243));
#1744=EDGE_LOOP('',(#8244,#8245,#8246,#8247));
#1745=EDGE_LOOP('',(#8248,#8249,#8250,#8251));
#1746=EDGE_LOOP('',(#8252,#8253,#8254,#8255));
#1747=EDGE_LOOP('',(#8256,#8257,#8258,#8259));
#1748=EDGE_LOOP('',(#8260,#8261,#8262,#8263));
#1749=EDGE_LOOP('',(#8264,#8265,#8266,#8267));
#1750=EDGE_LOOP('',(#8268,#8269,#8270,#8271));
#1751=EDGE_LOOP('',(#8272,#8273,#8274,#8275));
#1752=EDGE_LOOP('',(#8276,#8277,#8278,#8279));
#1753=EDGE_LOOP('',(#8280,#8281,#8282,#8283));
#1754=EDGE_LOOP('',(#8284,#8285,#8286,#8287));
#1755=EDGE_LOOP('',(#8288,#8289,#8290,#8291));
#1756=EDGE_LOOP('',(#8292,#8293,#8294,#8295));
#1757=EDGE_LOOP('',(#8296,#8297,#8298,#8299));
#1758=EDGE_LOOP('',(#8300,#8301,#8302,#8303));
#1759=EDGE_LOOP('',(#8304,#8305,#8306,#8307));
#1760=EDGE_LOOP('',(#8308,#8309,#8310,#8311));
#1761=EDGE_LOOP('',(#8312,#8313,#8314,#8315,#8316,#8317,#8318,#8319,#8320,
#8321,#8322,#8323,#8324,#8325,#8326,#8327,#8328,#8329,#8330,#8331,#8332,
#8333,#8334,#8335,#8336,#8337,#8338,#8339,#8340,#8341,#8342,#8343,#8344,
#8345));
#1762=EDGE_LOOP('',(#8346,#8347,#8348,#8349));
#1763=EDGE_LOOP('',(#8350,#8351,#8352,#8353));
#1764=EDGE_LOOP('',(#8354,#8355,#8356,#8357));
#1765=EDGE_LOOP('',(#8358,#8359,#8360,#8361));
#1766=EDGE_LOOP('',(#8362,#8363,#8364,#8365,#8366,#8367));
#1767=EDGE_LOOP('',(#8368,#8369,#8370,#8371));
#1768=EDGE_LOOP('',(#8372,#8373,#8374,#8375));
#1769=EDGE_LOOP('',(#8376,#8377,#8378,#8379));
#1770=EDGE_LOOP('',(#8380,#8381,#8382,#8383));
#1771=EDGE_LOOP('',(#8384,#8385,#8386,#8387));
#1772=EDGE_LOOP('',(#8388,#8389,#8390,#8391));
#1773=EDGE_LOOP('',(#8392,#8393,#8394,#8395));
#1774=EDGE_LOOP('',(#8396,#8397,#8398,#8399));
#1775=EDGE_LOOP('',(#8400,#8401,#8402,#8403));
#1776=EDGE_LOOP('',(#8404,#8405,#8406,#8407));
#1777=EDGE_LOOP('',(#8408,#8409,#8410,#8411));
#1778=EDGE_LOOP('',(#8412,#8413,#8414,#8415));
#1779=EDGE_LOOP('',(#8416,#8417,#8418,#8419));
#1780=EDGE_LOOP('',(#8420,#8421,#8422,#8423));
#1781=EDGE_LOOP('',(#8424,#8425,#8426,#8427));
#1782=EDGE_LOOP('',(#8428,#8429,#8430,#8431));
#1783=EDGE_LOOP('',(#8432,#8433,#8434,#8435));
#1784=EDGE_LOOP('',(#8436,#8437,#8438,#8439));
#1785=EDGE_LOOP('',(#8440,#8441,#8442,#8443));
#1786=EDGE_LOOP('',(#8444,#8445,#8446,#8447));
#1787=EDGE_LOOP('',(#8448,#8449,#8450,#8451));
#1788=EDGE_LOOP('',(#8452,#8453,#8454,#8455));
#1789=EDGE_LOOP('',(#8456,#8457,#8458,#8459));
#1790=EDGE_LOOP('',(#8460,#8461,#8462,#8463));
#1791=EDGE_LOOP('',(#8464,#8465,#8466,#8467));
#1792=EDGE_LOOP('',(#8468,#8469,#8470,#8471));
#1793=EDGE_LOOP('',(#8472,#8473,#8474,#8475));
#1794=EDGE_LOOP('',(#8476,#8477,#8478,#8479));
#1795=EDGE_LOOP('',(#8480,#8481,#8482,#8483));
#1796=EDGE_LOOP('',(#8484,#8485,#8486,#8487));
#1797=EDGE_LOOP('',(#8488,#8489,#8490,#8491));
#1798=EDGE_LOOP('',(#8492,#8493,#8494,#8495));
#1799=EDGE_LOOP('',(#8496,#8497,#8498,#8499));
#1800=EDGE_LOOP('',(#8500,#8501,#8502,#8503));
#1801=EDGE_LOOP('',(#8504,#8505,#8506,#8507));
#1802=EDGE_LOOP('',(#8508,#8509,#8510,#8511));
#1803=EDGE_LOOP('',(#8512,#8513,#8514,#8515));
#1804=EDGE_LOOP('',(#8516,#8517,#8518,#8519));
#1805=EDGE_LOOP('',(#8520,#8521,#8522,#8523));
#1806=EDGE_LOOP('',(#8524,#8525,#8526,#8527));
#1807=EDGE_LOOP('',(#8528,#8529,#8530,#8531));
#1808=EDGE_LOOP('',(#8532,#8533,#8534,#8535));
#1809=EDGE_LOOP('',(#8536,#8537,#8538,#8539));
#1810=EDGE_LOOP('',(#8540,#8541,#8542,#8543,#8544,#8545));
#1811=EDGE_LOOP('',(#8546,#8547,#8548,#8549));
#1812=EDGE_LOOP('',(#8550,#8551,#8552,#8553,#8554,#8555));
#1813=EDGE_LOOP('',(#8556,#8557,#8558,#8559));
#1814=EDGE_LOOP('',(#8560,#8561));
#1815=EDGE_LOOP('',(#8562,#8563,#8564,#8565));
#1816=EDGE_LOOP('',(#8566,#8567,#8568,#8569));
#1817=EDGE_LOOP('',(#8570,#8571,#8572,#8573));
#1818=EDGE_LOOP('',(#8574,#8575,#8576,#8577));
#1819=EDGE_LOOP('',(#8578,#8579,#8580,#8581));
#1820=EDGE_LOOP('',(#8582,#8583,#8584,#8585));
#1821=EDGE_LOOP('',(#8586,#8587,#8588,#8589));
#1822=EDGE_LOOP('',(#8590,#8591,#8592,#8593));
#1823=EDGE_LOOP('',(#8594,#8595,#8596,#8597));
#1824=EDGE_LOOP('',(#8598,#8599,#8600,#8601));
#1825=EDGE_LOOP('',(#8602,#8603,#8604,#8605));
#1826=EDGE_LOOP('',(#8606,#8607,#8608,#8609));
#1827=EDGE_LOOP('',(#8610,#8611,#8612,#8613));
#1828=EDGE_LOOP('',(#8614,#8615,#8616,#8617));
#1829=EDGE_LOOP('',(#8618,#8619,#8620,#8621));
#1830=EDGE_LOOP('',(#8622,#8623,#8624,#8625));
#1831=EDGE_LOOP('',(#8626,#8627,#8628,#8629));
#1832=EDGE_LOOP('',(#8630,#8631,#8632,#8633));
#1833=EDGE_LOOP('',(#8634,#8635,#8636,#8637));
#1834=EDGE_LOOP('',(#8638,#8639,#8640,#8641));
#1835=EDGE_LOOP('',(#8642));
#1836=EDGE_LOOP('',(#8643));
#1837=EDGE_LOOP('',(#8644));
#1838=EDGE_LOOP('',(#8645));
#1839=EDGE_LOOP('',(#8646,#8647,#8648,#8649));
#1840=EDGE_LOOP('',(#8650,#8651,#8652));
#1841=EDGE_LOOP('',(#8653,#8654,#8655,#8656));
#1842=EDGE_LOOP('',(#8657,#8658,#8659,#8660));
#1843=EDGE_LOOP('',(#8661));
#1844=EDGE_LOOP('',(#8662));
#1845=EDGE_LOOP('',(#8663));
#1846=EDGE_LOOP('',(#8664));
#1847=EDGE_LOOP('',(#8665,#8666));
#1848=EDGE_LOOP('',(#8667,#8668,#8669,#8670));
#1849=EDGE_LOOP('',(#8671));
#1850=EDGE_LOOP('',(#8672));
#1851=EDGE_LOOP('',(#8673,#8674,#8675,#8676));
#1852=EDGE_LOOP('',(#8677));
#1853=EDGE_LOOP('',(#8678,#8679,#8680,#8681));
#1854=EDGE_LOOP('',(#8682));
#1855=EDGE_LOOP('',(#8683));
#1856=EDGE_LOOP('',(#8684));
#1857=EDGE_LOOP('',(#8685));
#1858=EDGE_LOOP('',(#8686));
#1859=EDGE_LOOP('',(#8687));
#1860=EDGE_LOOP('',(#8688));
#1861=EDGE_LOOP('',(#8689));
#1862=EDGE_LOOP('',(#8690));
#1863=EDGE_LOOP('',(#8691));
#1864=EDGE_LOOP('',(#8692));
#1865=EDGE_LOOP('',(#8693));
#1866=EDGE_LOOP('',(#8694));
#1867=EDGE_LOOP('',(#8695,#8696,#8697,#8698,#8699));
#1868=EDGE_LOOP('',(#8700,#8701,#8702,#8703));
#1869=EDGE_LOOP('',(#8704));
#1870=EDGE_LOOP('',(#8705,#8706,#8707,#8708));
#1871=EDGE_LOOP('',(#8709));
#1872=EDGE_LOOP('',(#8710));
#1873=EDGE_LOOP('',(#8711,#8712,#8713,#8714));
#1874=EDGE_LOOP('',(#8715,#8716,#8717,#8718));
#1875=EDGE_LOOP('',(#8719,#8720,#8721,#8722,#8723,#8724,#8725,#8726,#8727,
#8728,#8729,#8730,#8731,#8732,#8733,#8734,#8735,#8736,#8737,#8738,#8739,
#8740));
#1876=EDGE_LOOP('',(#8741,#8742,#8743,#8744));
#1877=EDGE_LOOP('',(#8745,#8746,#8747,#8748));
#1878=EDGE_LOOP('',(#8749,#8750,#8751,#8752));
#1879=EDGE_LOOP('',(#8753,#8754,#8755,#8756));
#1880=EDGE_LOOP('',(#8757,#8758,#8759,#8760));
#1881=EDGE_LOOP('',(#8761,#8762,#8763,#8764));
#1882=EDGE_LOOP('',(#8765,#8766,#8767,#8768));
#1883=EDGE_LOOP('',(#8769,#8770,#8771,#8772));
#1884=EDGE_LOOP('',(#8773,#8774,#8775,#8776,#8777,#8778));
#1885=EDGE_LOOP('',(#8779,#8780,#8781,#8782,#8783,#8784,#8785));
#1886=EDGE_LOOP('',(#8786,#8787,#8788,#8789,#8790,#8791));
#1887=EDGE_LOOP('',(#8792,#8793,#8794,#8795,#8796,#8797));
#1888=EDGE_LOOP('',(#8798,#8799,#8800,#8801,#8802,#8803));
#1889=EDGE_LOOP('',(#8804,#8805,#8806,#8807,#8808,#8809));
#1890=EDGE_LOOP('',(#8810,#8811,#8812,#8813,#8814,#8815,#8816));
#1891=EDGE_LOOP('',(#8817,#8818,#8819,#8820));
#1892=EDGE_LOOP('',(#8821,#8822,#8823,#8824));
#1893=EDGE_LOOP('',(#8825,#8826,#8827,#8828));
#1894=EDGE_LOOP('',(#8829,#8830,#8831,#8832));
#1895=EDGE_LOOP('',(#8833,#8834,#8835,#8836,#8837,#8838,#8839));
#1896=EDGE_LOOP('',(#8840,#8841,#8842,#8843,#8844,#8845));
#1897=EDGE_LOOP('',(#8846,#8847,#8848,#8849,#8850,#8851));
#1898=EDGE_LOOP('',(#8852,#8853,#8854,#8855));
#1899=EDGE_LOOP('',(#8856,#8857,#8858,#8859));
#1900=EDGE_LOOP('',(#8860,#8861,#8862,#8863,#8864,#8865,#8866,#8867));
#1901=EDGE_LOOP('',(#8868,#8869,#8870,#8871));
#1902=EDGE_LOOP('',(#8872,#8873,#8874,#8875,#8876,#8877));
#1903=EDGE_LOOP('',(#8878,#8879,#8880,#8881,#8882,#8883));
#1904=EDGE_LOOP('',(#8884,#8885));
#1905=EDGE_LOOP('',(#8886));
#1906=EDGE_LOOP('',(#8887,#8888,#8889,#8890));
#1907=EDGE_LOOP('',(#8891,#8892,#8893,#8894));
#1908=EDGE_LOOP('',(#8895,#8896,#8897,#8898));
#1909=EDGE_LOOP('',(#8899,#8900,#8901,#8902,#8903,#8904));
#1910=EDGE_LOOP('',(#8905,#8906,#8907,#8908));
#1911=EDGE_LOOP('',(#8909,#8910,#8911,#8912));
#1912=EDGE_LOOP('',(#8913,#8914,#8915,#8916,#8917));
#1913=EDGE_LOOP('',(#8918,#8919,#8920,#8921,#8922,#8923));
#1914=EDGE_LOOP('',(#8924,#8925,#8926,#8927,#8928));
#1915=EDGE_LOOP('',(#8929,#8930,#8931,#8932,#8933,#8934));
#1916=EDGE_LOOP('',(#8935,#8936,#8937,#8938));
#1917=EDGE_LOOP('',(#8939,#8940,#8941,#8942,#8943,#8944));
#1918=EDGE_LOOP('',(#8945,#8946,#8947,#8948));
#1919=EDGE_LOOP('',(#8949,#8950,#8951,#8952));
#1920=EDGE_LOOP('',(#8953,#8954,#8955,#8956,#8957,#8958,#8959));
#1921=EDGE_LOOP('',(#8960,#8961,#8962,#8963));
#1922=EDGE_LOOP('',(#8964,#8965,#8966,#8967,#8968));
#1923=EDGE_LOOP('',(#8969,#8970,#8971,#8972,#8973,#8974,#8975));
#1924=EDGE_LOOP('',(#8976,#8977,#8978,#8979,#8980,#8981,#8982,#8983,#8984));
#1925=EDGE_LOOP('',(#8985,#8986,#8987,#8988,#8989));
#1926=EDGE_LOOP('',(#8990,#8991,#8992,#8993));
#1927=EDGE_LOOP('',(#8994,#8995,#8996,#8997));
#1928=EDGE_LOOP('',(#8998,#8999,#9000,#9001,#9002,#9003));
#1929=EDGE_LOOP('',(#9004,#9005,#9006,#9007));
#1930=EDGE_LOOP('',(#9008,#9009,#9010,#9011,#9012));
#1931=EDGE_LOOP('',(#9013,#9014,#9015,#9016,#9017));
#1932=EDGE_LOOP('',(#9018,#9019,#9020,#9021));
#1933=EDGE_LOOP('',(#9022,#9023,#9024,#9025));
#1934=EDGE_LOOP('',(#9026,#9027,#9028,#9029,#9030,#9031));
#1935=EDGE_LOOP('',(#9032,#9033,#9034,#9035));
#1936=EDGE_LOOP('',(#9036,#9037,#9038,#9039));
#1937=EDGE_LOOP('',(#9040,#9041,#9042,#9043,#9044,#9045));
#1938=EDGE_LOOP('',(#9046,#9047,#9048,#9049));
#1939=EDGE_LOOP('',(#9050,#9051,#9052,#9053));
#1940=EDGE_LOOP('',(#9054,#9055,#9056,#9057));
#1941=EDGE_LOOP('',(#9058,#9059,#9060,#9061,#9062));
#1942=EDGE_LOOP('',(#9063,#9064,#9065,#9066,#9067,#9068));
#1943=EDGE_LOOP('',(#9069,#9070,#9071,#9072,#9073));
#1944=EDGE_LOOP('',(#9074,#9075,#9076,#9077));
#1945=EDGE_LOOP('',(#9078,#9079,#9080,#9081,#9082,#9083));
#1946=EDGE_LOOP('',(#9084,#9085,#9086,#9087));
#1947=EDGE_LOOP('',(#9088,#9089,#9090,#9091));
#1948=EDGE_LOOP('',(#9092,#9093,#9094,#9095));
#1949=EDGE_LOOP('',(#9096,#9097,#9098,#9099));
#1950=EDGE_LOOP('',(#9100,#9101,#9102,#9103));
#1951=EDGE_LOOP('',(#9104,#9105,#9106,#9107,#9108,#9109));
#1952=EDGE_LOOP('',(#9110,#9111,#9112,#9113));
#1953=EDGE_LOOP('',(#9114,#9115,#9116,#9117));
#1954=EDGE_LOOP('',(#9118,#9119,#9120,#9121));
#1955=EDGE_LOOP('',(#9122,#9123,#9124,#9125,#9126,#9127));
#1956=EDGE_LOOP('',(#9128,#9129,#9130,#9131));
#1957=EDGE_LOOP('',(#9132,#9133,#9134,#9135));
#1958=EDGE_LOOP('',(#9136,#9137,#9138,#9139,#9140,#9141));
#1959=EDGE_LOOP('',(#9142,#9143,#9144,#9145));
#1960=EDGE_LOOP('',(#9146,#9147,#9148,#9149,#9150,#9151));
#1961=EDGE_LOOP('',(#9152,#9153,#9154,#9155));
#1962=EDGE_LOOP('',(#9156,#9157,#9158,#9159,#9160,#9161));
#1963=EDGE_LOOP('',(#9162,#9163,#9164,#9165));
#1964=EDGE_LOOP('',(#9166,#9167,#9168,#9169,#9170,#9171));
#1965=EDGE_LOOP('',(#9172,#9173,#9174,#9175));
#1966=EDGE_LOOP('',(#9176,#9177,#9178,#9179,#9180,#9181));
#1967=EDGE_LOOP('',(#9182,#9183,#9184,#9185));
#1968=EDGE_LOOP('',(#9186,#9187,#9188,#9189,#9190,#9191));
#1969=EDGE_LOOP('',(#9192,#9193,#9194,#9195));
#1970=EDGE_LOOP('',(#9196,#9197,#9198,#9199,#9200,#9201));
#1971=EDGE_LOOP('',(#9202,#9203,#9204,#9205));
#1972=EDGE_LOOP('',(#9206,#9207,#9208,#9209,#9210,#9211));
#1973=EDGE_LOOP('',(#9212,#9213,#9214,#9215));
#1974=EDGE_LOOP('',(#9216,#9217,#9218,#9219,#9220,#9221));
#1975=EDGE_LOOP('',(#9222,#9223,#9224,#9225));
#1976=EDGE_LOOP('',(#9226,#9227,#9228,#9229,#9230,#9231));
#1977=EDGE_LOOP('',(#9232,#9233,#9234,#9235));
#1978=EDGE_LOOP('',(#9236,#9237,#9238,#9239,#9240,#9241));
#1979=EDGE_LOOP('',(#9242,#9243,#9244,#9245,#9246,#9247));
#1980=EDGE_LOOP('',(#9248,#9249,#9250,#9251));
#1981=EDGE_LOOP('',(#9252,#9253,#9254,#9255,#9256,#9257));
#1982=EDGE_LOOP('',(#9258,#9259,#9260,#9261,#9262,#9263));
#1983=EDGE_LOOP('',(#9264,#9265,#9266,#9267));
#1984=EDGE_LOOP('',(#9268,#9269,#9270,#9271));
#1985=EDGE_LOOP('',(#9272,#9273,#9274,#9275,#9276,#9277));
#1986=EDGE_LOOP('',(#9278,#9279,#9280,#9281));
#1987=EDGE_LOOP('',(#9282,#9283,#9284,#9285,#9286,#9287));
#1988=EDGE_LOOP('',(#9288,#9289,#9290,#9291));
#1989=EDGE_LOOP('',(#9292,#9293,#9294,#9295,#9296,#9297));
#1990=EDGE_LOOP('',(#9298,#9299,#9300,#9301));
#1991=EDGE_LOOP('',(#9302,#9303,#9304,#9305,#9306,#9307));
#1992=EDGE_LOOP('',(#9308,#9309,#9310,#9311));
#1993=EDGE_LOOP('',(#9312,#9313,#9314,#9315,#9316,#9317));
#1994=EDGE_LOOP('',(#9318,#9319,#9320,#9321));
#1995=EDGE_LOOP('',(#9322,#9323,#9324,#9325,#9326,#9327));
#1996=EDGE_LOOP('',(#9328,#9329,#9330,#9331,#9332,#9333));
#1997=EDGE_LOOP('',(#9334));
#1998=EDGE_LOOP('',(#9335,#9336,#9337,#9338,#9339,#9340,#9341));
#1999=EDGE_LOOP('',(#9342,#9343,#9344,#9345));
#2000=EDGE_LOOP('',(#9346,#9347,#9348,#9349,#9350,#9351,#9352));
#2001=EDGE_LOOP('',(#9353));
#2002=EDGE_LOOP('',(#9354,#9355,#9356,#9357,#9358,#9359,#9360,#9361));
#2003=EDGE_LOOP('',(#9362,#9363,#9364,#9365,#9366,#9367,#9368,#9369));
#2004=EDGE_LOOP('',(#9370,#9371,#9372,#9373,#9374,#9375));
#2005=EDGE_LOOP('',(#9376,#9377,#9378,#9379));
#2006=EDGE_LOOP('',(#9380,#9381,#9382,#9383));
#2007=EDGE_LOOP('',(#9384));
#2008=EDGE_LOOP('',(#9385,#9386,#9387,#9388));
#2009=EDGE_LOOP('',(#9389,#9390,#9391,#9392));
#2010=EDGE_LOOP('',(#9393,#9394,#9395,#9396));
#2011=EDGE_LOOP('',(#9397,#9398,#9399,#9400));
#2012=EDGE_LOOP('',(#9401,#9402,#9403,#9404,#9405,#9406,#9407,#9408));
#2013=EDGE_LOOP('',(#9409,#9410,#9411,#9412,#9413,#9414,#9415,#9416));
#2014=EDGE_LOOP('',(#9417,#9418,#9419,#9420,#9421,#9422,#9423,#9424));
#2015=EDGE_LOOP('',(#9425,#9426,#9427,#9428,#9429,#9430,#9431,#9432));
#2016=EDGE_LOOP('',(#9433,#9434,#9435,#9436,#9437,#9438,#9439,#9440,#9441,
#9442,#9443,#9444,#9445,#9446,#9447,#9448,#9449,#9450,#9451,#9452,#9453,
#9454,#9455,#9456));
#2017=EDGE_LOOP('',(#9457,#9458,#9459,#9460,#9461,#9462,#9463,#9464));
#2018=EDGE_LOOP('',(#9465));
#2019=EDGE_LOOP('',(#9466));
#2020=EDGE_LOOP('',(#9467));
#2021=EDGE_LOOP('',(#9468));
#2022=EDGE_LOOP('',(#9469,#9470,#9471,#9472));
#2023=EDGE_LOOP('',(#9473,#9474,#9475,#9476));
#2024=EDGE_LOOP('',(#9477,#9478,#9479,#9480,#9481,#9482,#9483,#9484));
#2025=EDGE_LOOP('',(#9485));
#2026=EDGE_LOOP('',(#9486,#9487,#9488,#9489));
#2027=EDGE_LOOP('',(#9490,#9491,#9492,#9493));
#2028=EDGE_LOOP('',(#9494,#9495,#9496,#9497,#9498,#9499,#9500,#9501));
#2029=EDGE_LOOP('',(#9502));
#2030=EDGE_LOOP('',(#9503,#9504,#9505,#9506));
#2031=EDGE_LOOP('',(#9507,#9508,#9509,#9510));
#2032=EDGE_LOOP('',(#9511,#9512,#9513,#9514,#9515,#9516,#9517,#9518));
#2033=EDGE_LOOP('',(#9519));
#2034=EDGE_LOOP('',(#9520,#9521,#9522,#9523));
#2035=EDGE_LOOP('',(#9524,#9525,#9526,#9527));
#2036=EDGE_LOOP('',(#9528,#9529,#9530,#9531,#9532,#9533,#9534,#9535));
#2037=EDGE_LOOP('',(#9536));
#2038=EDGE_LOOP('',(#9537,#9538,#9539,#9540));
#2039=EDGE_LOOP('',(#9541,#9542,#9543,#9544));
#2040=EDGE_LOOP('',(#9545,#9546,#9547,#9548));
#2041=EDGE_LOOP('',(#9549,#9550,#9551,#9552));
#2042=EDGE_LOOP('',(#9553,#9554,#9555,#9556));
#2043=EDGE_LOOP('',(#9557,#9558,#9559,#9560));
#2044=EDGE_LOOP('',(#9561,#9562,#9563,#9564));
#2045=EDGE_LOOP('',(#9565,#9566,#9567,#9568));
#2046=EDGE_LOOP('',(#9569,#9570,#9571,#9572));
#2047=EDGE_LOOP('',(#9573,#9574,#9575,#9576));
#2048=EDGE_LOOP('',(#9577,#9578,#9579,#9580));
#2049=EDGE_LOOP('',(#9581,#9582,#9583,#9584));
#2050=EDGE_LOOP('',(#9585,#9586,#9587,#9588));
#2051=EDGE_LOOP('',(#9589,#9590,#9591,#9592));
#2052=EDGE_LOOP('',(#9593,#9594,#9595,#9596));
#2053=EDGE_LOOP('',(#9597,#9598,#9599,#9600));
#2054=EDGE_LOOP('',(#9601,#9602,#9603,#9604));
#2055=EDGE_LOOP('',(#9605,#9606,#9607,#9608,#9609));
#2056=EDGE_LOOP('',(#9610,#9611,#9612,#9613));
#2057=EDGE_LOOP('',(#9614,#9615,#9616,#9617,#9618));
#2058=EDGE_LOOP('',(#9619));
#2059=EDGE_LOOP('',(#9620));
#2060=EDGE_LOOP('',(#9621));
#2061=EDGE_LOOP('',(#9622));
#2062=EDGE_LOOP('',(#9623,#9624,#9625,#9626));
#2063=EDGE_LOOP('',(#9627,#9628,#9629,#9630,#9631));
#2064=EDGE_LOOP('',(#9632,#9633,#9634,#9635));
#2065=EDGE_LOOP('',(#9636,#9637,#9638,#9639,#9640));
#2066=EDGE_LOOP('',(#9641));
#2067=EDGE_LOOP('',(#9642));
#2068=EDGE_LOOP('',(#9643));
#2069=EDGE_LOOP('',(#9644));
#2070=EDGE_LOOP('',(#9645,#9646,#9647,#9648));
#2071=EDGE_LOOP('',(#9649,#9650,#9651,#9652,#9653));
#2072=EDGE_LOOP('',(#9654,#9655,#9656,#9657,#9658));
#2073=EDGE_LOOP('',(#9659));
#2074=EDGE_LOOP('',(#9660));
#2075=EDGE_LOOP('',(#9661));
#2076=EDGE_LOOP('',(#9662));
#2077=EDGE_LOOP('',(#9663,#9664,#9665,#9666));
#2078=EDGE_LOOP('',(#9667,#9668,#9669,#9670));
#2079=EDGE_LOOP('',(#9671));
#2080=EDGE_LOOP('',(#9672));
#2081=EDGE_LOOP('',(#9673));
#2082=EDGE_LOOP('',(#9674));
#2083=EDGE_LOOP('',(#9675,#9676,#9677,#9678));
#2084=EDGE_LOOP('',(#9679,#9680,#9681,#9682));
#2085=EDGE_LOOP('',(#9683,#9684,#9685,#9686,#9687,#9688));
#2086=EDGE_LOOP('',(#9689,#9690,#9691,#9692));
#2087=EDGE_LOOP('',(#9693,#9694,#9695,#9696,#9697,#9698));
#2088=EDGE_LOOP('',(#9699,#9700,#9701,#9702));
#2089=EDGE_LOOP('',(#9703,#9704,#9705,#9706,#9707,#9708,#9709,#9710,#9711,
#9712,#9713,#9714,#9715,#9716,#9717,#9718));
#2090=EDGE_LOOP('',(#9719));
#2091=EDGE_LOOP('',(#9720));
#2092=EDGE_LOOP('',(#9721,#9722,#9723,#9724));
#2093=EDGE_LOOP('',(#9725,#9726,#9727,#9728,#9729,#9730,#9731,#9732,#9733,
#9734,#9735,#9736,#9737,#9738,#9739,#9740));
#2094=EDGE_LOOP('',(#9741));
#2095=EDGE_LOOP('',(#9742));
#2096=EDGE_LOOP('',(#9743,#9744,#9745,#9746));
#2097=EDGE_LOOP('',(#9747,#9748,#9749,#9750));
#2098=EDGE_LOOP('',(#9751,#9752,#9753,#9754));
#2099=EDGE_LOOP('',(#9755,#9756,#9757,#9758));
#2100=EDGE_LOOP('',(#9759,#9760,#9761,#9762));
#2101=EDGE_LOOP('',(#9763,#9764,#9765,#9766));
#2102=EDGE_LOOP('',(#9767,#9768,#9769,#9770));
#2103=EDGE_LOOP('',(#9771,#9772,#9773,#9774));
#2104=EDGE_LOOP('',(#9775,#9776,#9777,#9778));
#2105=EDGE_LOOP('',(#9779,#9780,#9781,#9782));
#2106=EDGE_LOOP('',(#9783,#9784,#9785,#9786));
#2107=EDGE_LOOP('',(#9787,#9788,#9789,#9790));
#2108=EDGE_LOOP('',(#9791,#9792,#9793,#9794));
#2109=EDGE_LOOP('',(#9795,#9796,#9797,#9798));
#2110=EDGE_LOOP('',(#9799,#9800,#9801,#9802,#9803,#9804,#9805,#9806));
#2111=LINE('',#15131,#3016);
#2112=LINE('',#15134,#3017);
#2113=LINE('',#15140,#3018);
#2114=LINE('',#15143,#3019);
#2115=LINE('',#15150,#3020);
#2116=LINE('',#15158,#3021);
#2117=LINE('',#15162,#3022);
#2118=LINE('',#15166,#3023);
#2119=LINE('',#15172,#3024);
#2120=LINE('',#15178,#3025);
#2121=LINE('',#15183,#3026);
#2122=LINE('',#15185,#3027);
#2123=LINE('',#15187,#3028);
#2124=LINE('',#15188,#3029);
#2125=LINE('',#15192,#3030);
#2126=LINE('',#15194,#3031);
#2127=LINE('',#15196,#3032);
#2128=LINE('',#15197,#3033);
#2129=LINE('',#15201,#3034);
#2130=LINE('',#15203,#3035);
#2131=LINE('',#15205,#3036);
#2132=LINE('',#15206,#3037);
#2133=LINE('',#15210,#3038);
#2134=LINE('',#15212,#3039);
#2135=LINE('',#15214,#3040);
#2136=LINE('',#15215,#3041);
#2137=LINE('',#15219,#3042);
#2138=LINE('',#15221,#3043);
#2139=LINE('',#15222,#3044);
#2140=LINE('',#15224,#3045);
#2141=LINE('',#15226,#3046);
#2142=LINE('',#15228,#3047);
#2143=LINE('',#15230,#3048);
#2144=LINE('',#15232,#3049);
#2145=LINE('',#15234,#3050);
#2146=LINE('',#15235,#3051);
#2147=LINE('',#15239,#3052);
#2148=LINE('',#15241,#3053);
#2149=LINE('',#15243,#3054);
#2150=LINE('',#15245,#3055);
#2151=LINE('',#15247,#3056);
#2152=LINE('',#15248,#3057);
#2153=LINE('',#15250,#3058);
#2154=LINE('',#15252,#3059);
#2155=LINE('',#15254,#3060);
#2156=LINE('',#15255,#3061);
#2157=LINE('',#15259,#3062);
#2158=LINE('',#15260,#3063);
#2159=LINE('',#15262,#3064);
#2160=LINE('',#15264,#3065);
#2161=LINE('',#15265,#3066);
#2162=LINE('',#15267,#3067);
#2163=LINE('',#15269,#3068);
#2164=LINE('',#15271,#3069);
#2165=LINE('',#15273,#3070);
#2166=LINE('',#15274,#3071);
#2167=LINE('',#15278,#3072);
#2168=LINE('',#15279,#3073);
#2169=LINE('',#15280,#3074);
#2170=LINE('',#15281,#3075);
#2171=LINE('',#15282,#3076);
#2172=LINE('',#15286,#3077);
#2173=LINE('',#15287,#3078);
#2174=LINE('',#15288,#3079);
#2175=LINE('',#15290,#3080);
#2176=LINE('',#15292,#3081);
#2177=LINE('',#15293,#3082);
#2178=LINE('',#15295,#3083);
#2179=LINE('',#15297,#3084);
#2180=LINE('',#15298,#3085);
#2181=LINE('',#15300,#3086);
#2182=LINE('',#15302,#3087);
#2183=LINE('',#15304,#3088);
#2184=LINE('',#15307,#3089);
#2185=LINE('',#15309,#3090);
#2186=LINE('',#15312,#3091);
#2187=LINE('',#15314,#3092);
#2188=LINE('',#15315,#3093);
#2189=LINE('',#15317,#3094);
#2190=LINE('',#15319,#3095);
#2191=LINE('',#15321,#3096);
#2192=LINE('',#15323,#3097);
#2193=LINE('',#15325,#3098);
#2194=LINE('',#15328,#3099);
#2195=LINE('',#15330,#3100);
#2196=LINE('',#15333,#3101);
#2197=LINE('',#15335,#3102);
#2198=LINE('',#15336,#3103);
#2199=LINE('',#15338,#3104);
#2200=LINE('',#15339,#3105);
#2201=LINE('',#15342,#3106);
#2202=LINE('',#15343,#3107);
#2203=LINE('',#15345,#3108);
#2204=LINE('',#15346,#3109);
#2205=LINE('',#15349,#3110);
#2206=LINE('',#15351,#3111);
#2207=LINE('',#15352,#3112);
#2208=LINE('',#15356,#3113);
#2209=LINE('',#15357,#3114);
#2210=LINE('',#15358,#3115);
#2211=LINE('',#15361,#3116);
#2212=LINE('',#15362,#3117);
#2213=LINE('',#15364,#3118);
#2214=LINE('',#15365,#3119);
#2215=LINE('',#15368,#3120);
#2216=LINE('',#15370,#3121);
#2217=LINE('',#15371,#3122);
#2218=LINE('',#15375,#3123);
#2219=LINE('',#15376,#3124);
#2220=LINE('',#15377,#3125);
#2221=LINE('',#15383,#3126);
#2222=LINE('',#15384,#3127);
#2223=LINE('',#15386,#3128);
#2224=LINE('',#15387,#3129);
#2225=LINE('',#15390,#3130);
#2226=LINE('',#15393,#3131);
#2227=LINE('',#15396,#3132);
#2228=LINE('',#15398,#3133);
#2229=LINE('',#15399,#3134);
#2230=LINE('',#15402,#3135);
#2231=LINE('',#15404,#3136);
#2232=LINE('',#15405,#3137);
#2233=LINE('',#15411,#3138);
#2234=LINE('',#15412,#3139);
#2235=LINE('',#15414,#3140);
#2236=LINE('',#15415,#3141);
#2237=LINE('',#15418,#3142);
#2238=LINE('',#15421,#3143);
#2239=LINE('',#15424,#3144);
#2240=LINE('',#15426,#3145);
#2241=LINE('',#15427,#3146);
#2242=LINE('',#15431,#3147);
#2243=LINE('',#15432,#3148);
#2244=LINE('',#15433,#3149);
#2245=LINE('',#15435,#3150);
#2246=LINE('',#15437,#3151);
#2247=LINE('',#15439,#3152);
#2248=LINE('',#15441,#3153);
#2249=LINE('',#15443,#3154);
#2250=LINE('',#15445,#3155);
#2251=LINE('',#15448,#3156);
#2252=LINE('',#15450,#3157);
#2253=LINE('',#15452,#3158);
#2254=LINE('',#15454,#3159);
#2255=LINE('',#15456,#3160);
#2256=LINE('',#15458,#3161);
#2257=LINE('',#15461,#3162);
#2258=LINE('',#15463,#3163);
#2259=LINE('',#15465,#3164);
#2260=LINE('',#15467,#3165);
#2261=LINE('',#15469,#3166);
#2262=LINE('',#15471,#3167);
#2263=LINE('',#15474,#3168);
#2264=LINE('',#15476,#3169);
#2265=LINE('',#15478,#3170);
#2266=LINE('',#15480,#3171);
#2267=LINE('',#15482,#3172);
#2268=LINE('',#15484,#3173);
#2269=LINE('',#15497,#3174);
#2270=LINE('',#15503,#3175);
#2271=LINE('',#15509,#3176);
#2272=LINE('',#15515,#3177);
#2273=LINE('',#15522,#3178);
#2274=LINE('',#15525,#3179);
#2275=LINE('',#15531,#3180);
#2276=LINE('',#15537,#3181);
#2277=LINE('',#15540,#3182);
#2278=LINE('',#15545,#3183);
#2279=LINE('',#15553,#3184);
#2280=LINE('',#15561,#3185);
#2281=LINE('',#15569,#3186);
#2282=LINE('',#15577,#3187);
#2283=LINE('',#15584,#3188);
#2284=LINE('',#15587,#3189);
#2285=LINE('',#15593,#3190);
#2286=LINE('',#15599,#3191);
#2287=LINE('',#15602,#3192);
#2288=LINE('',#15607,#3193);
#2289=LINE('',#15610,#3194);
#2290=LINE('',#15612,#3195);
#2291=LINE('',#15614,#3196);
#2292=LINE('',#15616,#3197);
#2293=LINE('',#15621,#3198);
#2294=LINE('',#15622,#3199);
#2295=LINE('',#15625,#3200);
#2296=LINE('',#15628,#3201);
#2297=LINE('',#15631,#3202);
#2298=LINE('',#15634,#3203);
#2299=LINE('',#15639,#3204);
#2300=LINE('',#15640,#3205);
#2301=LINE('',#15644,#3206);
#2302=LINE('',#15646,#3207);
#2303=LINE('',#15648,#3208);
#2304=LINE('',#15649,#3209);
#2305=LINE('',#15652,#3210);
#2306=LINE('',#15654,#3211);
#2307=LINE('',#15655,#3212);
#2308=LINE('',#15660,#3213);
#2309=LINE('',#15666,#3214);
#2310=LINE('',#15672,#3215);
#2311=LINE('',#15676,#3216);
#2312=LINE('',#15677,#3217);
#2313=LINE('',#15678,#3218);
#2314=LINE('',#15683,#3219);
#2315=LINE('',#15685,#3220);
#2316=LINE('',#15686,#3221);
#2317=LINE('',#15691,#3222);
#2318=LINE('',#15695,#3223);
#2319=LINE('',#15697,#3224);
#2320=LINE('',#15698,#3225);
#2321=LINE('',#15703,#3226);
#2322=LINE('',#15706,#3227);
#2323=LINE('',#15707,#3228);
#2324=LINE('',#15711,#3229);
#2325=LINE('',#15714,#3230);
#2326=LINE('',#15716,#3231);
#2327=LINE('',#15717,#3232);
#2328=LINE('',#15722,#3233);
#2329=LINE('',#15728,#3234);
#2330=LINE('',#15734,#3235);
#2331=LINE('',#15737,#3236);
#2332=LINE('',#15738,#3237);
#2333=LINE('',#15741,#3238);
#2334=LINE('',#15745,#3239);
#2335=LINE('',#15747,#3240);
#2336=LINE('',#15748,#3241);
#2337=LINE('',#15753,#3242);
#2338=LINE('',#15757,#3243);
#2339=LINE('',#15759,#3244);
#2340=LINE('',#15760,#3245);
#2341=LINE('',#15765,#3246);
#2342=LINE('',#15768,#3247);
#2343=LINE('',#15770,#3248);
#2344=LINE('',#15771,#3249);
#2345=LINE('',#15777,#3250);
#2346=LINE('',#15783,#3251);
#2347=LINE('',#15790,#3252);
#2348=LINE('',#15792,#3253);
#2349=LINE('',#15796,#3254);
#2350=LINE('',#15799,#3255);
#2351=LINE('',#15801,#3256);
#2352=LINE('',#15809,#3257);
#2353=LINE('',#15815,#3258);
#2354=LINE('',#15819,#3259);
#2355=LINE('',#15823,#3260);
#2356=LINE('',#15825,#3261);
#2357=LINE('',#15827,#3262);
#2358=LINE('',#15831,#3263);
#2359=LINE('',#15837,#3264);
#2360=LINE('',#15839,#3265);
#2361=LINE('',#15843,#3266);
#2362=LINE('',#15847,#3267);
#2363=LINE('',#15849,#3268);
#2364=LINE('',#15851,#3269);
#2365=LINE('',#15855,#3270);
#2366=LINE('',#15858,#3271);
#2367=LINE('',#15860,#3272);
#2368=LINE('',#15868,#3273);
#2369=LINE('',#15874,#3274);
#2370=LINE('',#15878,#3275);
#2371=LINE('',#15882,#3276);
#2372=LINE('',#15888,#3277);
#2373=LINE('',#15895,#3278);
#2374=LINE('',#15897,#3279);
#2375=LINE('',#15899,#3280);
#2376=LINE('',#15900,#3281);
#2377=LINE('',#15904,#3282);
#2378=LINE('',#15905,#3283);
#2379=LINE('',#15906,#3284);
#2380=LINE('',#15910,#3285);
#2381=LINE('',#15911,#3286);
#2382=LINE('',#15912,#3287);
#2383=LINE('',#15920,#3288);
#2384=LINE('',#15921,#3289);
#2385=LINE('',#15924,#3290);
#2386=LINE('',#15926,#3291);
#2387=LINE('',#15928,#3292);
#2388=LINE('',#15930,#3293);
#2389=LINE('',#15932,#3294);
#2390=LINE('',#15934,#3295);
#2391=LINE('',#15936,#3296);
#2392=LINE('',#15938,#3297);
#2393=LINE('',#15940,#3298);
#2394=LINE('',#15942,#3299);
#2395=LINE('',#15944,#3300);
#2396=LINE('',#15946,#3301);
#2397=LINE('',#15948,#3302);
#2398=LINE('',#15950,#3303);
#2399=LINE('',#15952,#3304);
#2400=LINE('',#15954,#3305);
#2401=LINE('',#15956,#3306);
#2402=LINE('',#15958,#3307);
#2403=LINE('',#15960,#3308);
#2404=LINE('',#15962,#3309);
#2405=LINE('',#15964,#3310);
#2406=LINE('',#15966,#3311);
#2407=LINE('',#15968,#3312);
#2408=LINE('',#15971,#3313);
#2409=LINE('',#15973,#3314);
#2410=LINE('',#15975,#3315);
#2411=LINE('',#15978,#3316);
#2412=LINE('',#15979,#3317);
#2413=LINE('',#15981,#3318);
#2414=LINE('',#15984,#3319);
#2415=LINE('',#15986,#3320);
#2416=LINE('',#15988,#3321);
#2417=LINE('',#15990,#3322);
#2418=LINE('',#15992,#3323);
#2419=LINE('',#15994,#3324);
#2420=LINE('',#15996,#3325);
#2421=LINE('',#15998,#3326);
#2422=LINE('',#16000,#3327);
#2423=LINE('',#16002,#3328);
#2424=LINE('',#16004,#3329);
#2425=LINE('',#16007,#3330);
#2426=LINE('',#16009,#3331);
#2427=LINE('',#16011,#3332);
#2428=LINE('',#16013,#3333);
#2429=LINE('',#16015,#3334);
#2430=LINE('',#16017,#3335);
#2431=LINE('',#16019,#3336);
#2432=LINE('',#16021,#3337);
#2433=LINE('',#16023,#3338);
#2434=LINE('',#16025,#3339);
#2435=LINE('',#16027,#3340);
#2436=LINE('',#16029,#3341);
#2437=LINE('',#16031,#3342);
#2438=LINE('',#16033,#3343);
#2439=LINE('',#16041,#3344);
#2440=LINE('',#16044,#3345);
#2441=LINE('',#16049,#3346);
#2442=LINE('',#16055,#3347);
#2443=LINE('',#16060,#3348);
#2444=LINE('',#16065,#3349);
#2445=LINE('',#16066,#3350);
#2446=LINE('',#16071,#3351);
#2447=LINE('',#16076,#3352);
#2448=LINE('',#16081,#3353);
#2449=LINE('',#16086,#3354);
#2450=LINE('',#16091,#3355);
#2451=LINE('',#16096,#3356);
#2452=LINE('',#16101,#3357);
#2453=LINE('',#16106,#3358);
#2454=LINE('',#16110,#3359);
#2455=LINE('',#16115,#3360);
#2456=LINE('',#16122,#3361);
#2457=LINE('',#16125,#3362);
#2458=LINE('',#16128,#3363);
#2459=LINE('',#16134,#3364);
#2460=LINE('',#16137,#3365);
#2461=LINE('',#16142,#3366);
#2462=LINE('',#16147,#3367);
#2463=LINE('',#16152,#3368);
#2464=LINE('',#16157,#3369);
#2465=LINE('',#16162,#3370);
#2466=LINE('',#16167,#3371);
#2467=LINE('',#16172,#3372);
#2468=LINE('',#16177,#3373);
#2469=LINE('',#16182,#3374);
#2470=LINE('',#16189,#3375);
#2471=LINE('',#16192,#3376);
#2472=LINE('',#16197,#3377);
#2473=LINE('',#16204,#3378);
#2474=LINE('',#16207,#3379);
#2475=LINE('',#16212,#3380);
#2476=LINE('',#16217,#3381);
#2477=LINE('',#16222,#3382);
#2478=LINE('',#16227,#3383);
#2479=LINE('',#16232,#3384);
#2480=LINE('',#16237,#3385);
#2481=LINE('',#16242,#3386);
#2482=LINE('',#16247,#3387);
#2483=LINE('',#16252,#3388);
#2484=LINE('',#16253,#3389);
#2485=LINE('',#16257,#3390);
#2486=LINE('',#16262,#3391);
#2487=LINE('',#16267,#3392);
#2488=LINE('',#16272,#3393);
#2489=LINE('',#16277,#3394);
#2490=LINE('',#16282,#3395);
#2491=LINE('',#16287,#3396);
#2492=LINE('',#16292,#3397);
#2493=LINE('',#16297,#3398);
#2494=LINE('',#16302,#3399);
#2495=LINE('',#16303,#3400);
#2496=LINE('',#16307,#3401);
#2497=LINE('',#16312,#3402);
#2498=LINE('',#16317,#3403);
#2499=LINE('',#16322,#3404);
#2500=LINE('',#16327,#3405);
#2501=LINE('',#16332,#3406);
#2502=LINE('',#16337,#3407);
#2503=LINE('',#16342,#3408);
#2504=LINE('',#16347,#3409);
#2505=LINE('',#16353,#3410);
#2506=LINE('',#16356,#3411);
#2507=LINE('',#16360,#3412);
#2508=LINE('',#16362,#3413);
#2509=LINE('',#16364,#3414);
#2510=LINE('',#16365,#3415);
#2511=LINE('',#16369,#3416);
#2512=LINE('',#16371,#3417);
#2513=LINE('',#16373,#3418);
#2514=LINE('',#16374,#3419);
#2515=LINE('',#16385,#3420);
#2516=LINE('',#16387,#3421);
#2517=LINE('',#16389,#3422);
#2518=LINE('',#16390,#3423);
#2519=LINE('',#16392,#3424);
#2520=LINE('',#16394,#3425);
#2521=LINE('',#16399,#3426);
#2522=LINE('',#16401,#3427);
#2523=LINE('',#16403,#3428);
#2524=LINE('',#16404,#3429);
#2525=LINE('',#16407,#3430);
#2526=LINE('',#16409,#3431);
#2527=LINE('',#16410,#3432);
#2528=LINE('',#16414,#3433);
#2529=LINE('',#16416,#3434);
#2530=LINE('',#16418,#3435);
#2531=LINE('',#16419,#3436);
#2532=LINE('',#16424,#3437);
#2533=LINE('',#16426,#3438);
#2534=LINE('',#16428,#3439);
#2535=LINE('',#16430,#3440);
#2536=LINE('',#16432,#3441);
#2537=LINE('',#16434,#3442);
#2538=LINE('',#16436,#3443);
#2539=LINE('',#16438,#3444);
#2540=LINE('',#16440,#3445);
#2541=LINE('',#16442,#3446);
#2542=LINE('',#16444,#3447);
#2543=LINE('',#16446,#3448);
#2544=LINE('',#16447,#3449);
#2545=LINE('',#16449,#3450);
#2546=LINE('',#16451,#3451);
#2547=LINE('',#16452,#3452);
#2548=LINE('',#16454,#3453);
#2549=LINE('',#16456,#3454);
#2550=LINE('',#16458,#3455);
#2551=LINE('',#16460,#3456);
#2552=LINE('',#16462,#3457);
#2553=LINE('',#16464,#3458);
#2554=LINE('',#16466,#3459);
#2555=LINE('',#16468,#3460);
#2556=LINE('',#16470,#3461);
#2557=LINE('',#16472,#3462);
#2558=LINE('',#16474,#3463);
#2559=LINE('',#16476,#3464);
#2560=LINE('',#16478,#3465);
#2561=LINE('',#16482,#3466);
#2562=LINE('',#16486,#3467);
#2563=LINE('',#16492,#3468);
#2564=LINE('',#16497,#3469);
#2565=LINE('',#16503,#3470);
#2566=LINE('',#16507,#3471);
#2567=LINE('',#16509,#3472);
#2568=LINE('',#16511,#3473);
#2569=LINE('',#16515,#3474);
#2570=LINE('',#16521,#3475);
#2571=LINE('',#16529,#3476);
#2572=LINE('',#16535,#3477);
#2573=LINE('',#16539,#3478);
#2574=LINE('',#16543,#3479);
#2575=LINE('',#16547,#3480);
#2576=LINE('',#16549,#3481);
#2577=LINE('',#16550,#3482);
#2578=LINE('',#16553,#3483);
#2579=LINE('',#16556,#3484);
#2580=LINE('',#16560,#3485);
#2581=LINE('',#16562,#3486);
#2582=LINE('',#16564,#3487);
#2583=LINE('',#16565,#3488);
#2584=LINE('',#16569,#3489);
#2585=LINE('',#16571,#3490);
#2586=LINE('',#16573,#3491);
#2587=LINE('',#16574,#3492);
#2588=LINE('',#16580,#3493);
#2589=LINE('',#16583,#3494);
#2590=LINE('',#16588,#3495);
#2591=LINE('',#16594,#3496);
#2592=LINE('',#16601,#3497);
#2593=LINE('',#16604,#3498);
#2594=LINE('',#16607,#3499);
#2595=LINE('',#16609,#3500);
#2596=LINE('',#16610,#3501);
#2597=LINE('',#16612,#3502);
#2598=LINE('',#16614,#3503);
#2599=LINE('',#16616,#3504);
#2600=LINE('',#16618,#3505);
#2601=LINE('',#16620,#3506);
#2602=LINE('',#16622,#3507);
#2603=LINE('',#16624,#3508);
#2604=LINE('',#16626,#3509);
#2605=LINE('',#16628,#3510);
#2606=LINE('',#16630,#3511);
#2607=LINE('',#16632,#3512);
#2608=LINE('',#16634,#3513);
#2609=LINE('',#16636,#3514);
#2610=LINE('',#16638,#3515);
#2611=LINE('',#16640,#3516);
#2612=LINE('',#16642,#3517);
#2613=LINE('',#16644,#3518);
#2614=LINE('',#16646,#3519);
#2615=LINE('',#16648,#3520);
#2616=LINE('',#16650,#3521);
#2617=LINE('',#16652,#3522);
#2618=LINE('',#16654,#3523);
#2619=LINE('',#16655,#3524);
#2620=LINE('',#16656,#3525);
#2621=LINE('',#16658,#3526);
#2622=LINE('',#16659,#3527);
#2623=LINE('',#16660,#3528);
#2624=LINE('',#16661,#3529);
#2625=LINE('',#16662,#3530);
#2626=LINE('',#16664,#3531);
#2627=LINE('',#16665,#3532);
#2628=LINE('',#16667,#3533);
#2629=LINE('',#16669,#3534);
#2630=LINE('',#16671,#3535);
#2631=LINE('',#16672,#3536);
#2632=LINE('',#16674,#3537);
#2633=LINE('',#16676,#3538);
#2634=LINE('',#16679,#3539);
#2635=LINE('',#16680,#3540);
#2636=LINE('',#16682,#3541);
#2637=LINE('',#16684,#3542);
#2638=LINE('',#16686,#3543);
#2639=LINE('',#16687,#3544);
#2640=LINE('',#16689,#3545);
#2641=LINE('',#16692,#3546);
#2642=LINE('',#16696,#3547);
#2643=LINE('',#16700,#3548);
#2644=LINE('',#16703,#3549);
#2645=LINE('',#16704,#3550);
#2646=LINE('',#16706,#3551);
#2647=LINE('',#16707,#3552);
#2648=LINE('',#16711,#3553);
#2649=LINE('',#16715,#3554);
#2650=LINE('',#16718,#3555);
#2651=LINE('',#16719,#3556);
#2652=LINE('',#16721,#3557);
#2653=LINE('',#16722,#3558);
#2654=LINE('',#16724,#3559);
#2655=LINE('',#16725,#3560);
#2656=LINE('',#16727,#3561);
#2657=LINE('',#16729,#3562);
#2658=LINE('',#16731,#3563);
#2659=LINE('',#16732,#3564);
#2660=LINE('',#16734,#3565);
#2661=LINE('',#16736,#3566);
#2662=LINE('',#16746,#3567);
#2663=LINE('',#16748,#3568);
#2664=LINE('',#16751,#3569);
#2665=LINE('',#16752,#3570);
#2666=LINE('',#16762,#3571);
#2667=LINE('',#16767,#3572);
#2668=LINE('',#16771,#3573);
#2669=LINE('',#16775,#3574);
#2670=LINE('',#16779,#3575);
#2671=LINE('',#16784,#3576);
#2672=LINE('',#16788,#3577);
#2673=LINE('',#16791,#3578);
#2674=LINE('',#16794,#3579);
#2675=LINE('',#16796,#3580);
#2676=LINE('',#16797,#3581);
#2677=LINE('',#16801,#3582);
#2678=LINE('',#16802,#3583);
#2679=LINE('',#16803,#3584);
#2680=LINE('',#16806,#3585);
#2681=LINE('',#16808,#3586);
#2682=LINE('',#16809,#3587);
#2683=LINE('',#16812,#3588);
#2684=LINE('',#16814,#3589);
#2685=LINE('',#16815,#3590);
#2686=LINE('',#16819,#3591);
#2687=LINE('',#16820,#3592);
#2688=LINE('',#16821,#3593);
#2689=LINE('',#16822,#3594);
#2690=LINE('',#16825,#3595);
#2691=LINE('',#16827,#3596);
#2692=LINE('',#16828,#3597);
#2693=LINE('',#16847,#3598);
#2694=LINE('',#16848,#3599);
#2695=LINE('',#16851,#3600);
#2696=LINE('',#16852,#3601);
#2697=LINE('',#16862,#3602);
#2698=LINE('',#16864,#3603);
#2699=LINE('',#16865,#3604);
#2700=LINE('',#16867,#3605);
#2701=LINE('',#16869,#3606);
#2702=LINE('',#16871,#3607);
#2703=LINE('',#16873,#3608);
#2704=LINE('',#16875,#3609);
#2705=LINE('',#16877,#3610);
#2706=LINE('',#16879,#3611);
#2707=LINE('',#16881,#3612);
#2708=LINE('',#16884,#3613);
#2709=LINE('',#16886,#3614);
#2710=LINE('',#16888,#3615);
#2711=LINE('',#16890,#3616);
#2712=LINE('',#16892,#3617);
#2713=LINE('',#16894,#3618);
#2714=LINE('',#16896,#3619);
#2715=LINE('',#16898,#3620);
#2716=LINE('',#16900,#3621);
#2717=LINE('',#16902,#3622);
#2718=LINE('',#16904,#3623);
#2719=LINE('',#16906,#3624);
#2720=LINE('',#16908,#3625);
#2721=LINE('',#16910,#3626);
#2722=LINE('',#16912,#3627);
#2723=LINE('',#16917,#3628);
#2724=LINE('',#16919,#3629);
#2725=LINE('',#16921,#3630);
#2726=LINE('',#16922,#3631);
#2727=LINE('',#16926,#3632);
#2728=LINE('',#16930,#3633);
#2729=LINE('',#16935,#3634);
#2730=LINE('',#16937,#3635);
#2731=LINE('',#16938,#3636);
#2732=LINE('',#16943,#3637);
#2733=LINE('',#16947,#3638);
#2734=LINE('',#16949,#3639);
#2735=LINE('',#16951,#3640);
#2736=LINE('',#16952,#3641);
#2737=LINE('',#16954,#3642);
#2738=LINE('',#16956,#3643);
#2739=LINE('',#16963,#3644);
#2740=LINE('',#16966,#3645);
#2741=LINE('',#16968,#3646);
#2742=LINE('',#16969,#3647);
#2743=LINE('',#16971,#3648);
#2744=LINE('',#16972,#3649);
#2745=LINE('',#16979,#3650);
#2746=LINE('',#16981,#3651);
#2747=LINE('',#16984,#3652);
#2748=LINE('',#16985,#3653);
#2749=LINE('',#16989,#3654);
#2750=LINE('',#16992,#3655);
#2751=LINE('',#16999,#3656);
#2752=LINE('',#17002,#3657);
#2753=LINE('',#17033,#3658);
#2754=LINE('',#17041,#3659);
#2755=LINE('',#17054,#3660);
#2756=LINE('',#17057,#3661);
#2757=LINE('',#17063,#3662);
#2758=LINE('',#17066,#3663);
#2759=LINE('',#17073,#3664);
#2760=LINE('',#17081,#3665);
#2761=LINE('',#17089,#3666);
#2762=LINE('',#17413,#3667);
#2763=LINE('',#17416,#3668);
#2764=LINE('',#17422,#3669);
#2765=LINE('',#17425,#3670);
#2766=LINE('',#17430,#3671);
#2767=LINE('',#17436,#3672);
#2768=LINE('',#17441,#3673);
#2769=LINE('',#17451,#3674);
#2770=LINE('',#17456,#3675);
#2771=LINE('',#17460,#3676);
#2772=LINE('',#17464,#3677);
#2773=LINE('',#17465,#3678);
#2774=LINE('',#17467,#3679);
#2775=LINE('',#17469,#3680);
#2776=LINE('',#17471,#3681);
#2777=LINE('',#17472,#3682);
#2778=LINE('',#17476,#3683);
#2779=LINE('',#17480,#3684);
#2780=LINE('',#17485,#3685);
#2781=LINE('',#17489,#3686);
#2782=LINE('',#17493,#3687);
#2783=LINE('',#17496,#3688);
#2784=LINE('',#17498,#3689);
#2785=LINE('',#17501,#3690);
#2786=LINE('',#17503,#3691);
#2787=LINE('',#17504,#3692);
#2788=LINE('',#17506,#3693);
#2789=LINE('',#17507,#3694);
#2790=LINE('',#17510,#3695);
#2791=LINE('',#17511,#3696);
#2792=LINE('',#17512,#3697);
#2793=LINE('',#17549,#3698);
#2794=LINE('',#17583,#3699);
#2795=LINE('',#17651,#3700);
#2796=LINE('',#17692,#3701);
#2797=LINE('',#17756,#3702);
#2798=LINE('',#17790,#3703);
#2799=LINE('',#17818,#3704);
#2800=LINE('',#17897,#3705);
#2801=LINE('',#17943,#3706);
#2802=LINE('',#18002,#3707);
#2803=LINE('',#18036,#3708);
#2804=LINE('',#18056,#3709);
#2805=LINE('',#18069,#3710);
#2806=LINE('',#18111,#3711);
#2807=LINE('',#18160,#3712);
#2808=LINE('',#18173,#3713);
#2809=LINE('',#18222,#3714);
#2810=LINE('',#18235,#3715);
#2811=LINE('',#18303,#3716);
#2812=LINE('',#18344,#3717);
#2813=LINE('',#18347,#3718);
#2814=LINE('',#18350,#3719);
#2815=LINE('',#18359,#3720);
#2816=LINE('',#18362,#3721);
#2817=LINE('',#18365,#3722);
#2818=LINE('',#18368,#3723);
#2819=LINE('',#18371,#3724);
#2820=LINE('',#18374,#3725);
#2821=LINE('',#18377,#3726);
#2822=LINE('',#18380,#3727);
#2823=LINE('',#18382,#3728);
#2824=LINE('',#18383,#3729);
#2825=LINE('',#18391,#3730);
#2826=LINE('',#18392,#3731);
#2827=LINE('',#18395,#3732);
#2828=LINE('',#18398,#3733);
#2829=LINE('',#18401,#3734);
#2830=LINE('',#18404,#3735);
#2831=LINE('',#18413,#3736);
#2832=LINE('',#18416,#3737);
#2833=LINE('',#18419,#3738);
#2834=LINE('',#18422,#3739);
#2835=LINE('',#18424,#3740);
#2836=LINE('',#18426,#3741);
#2837=LINE('',#18430,#3742);
#2838=LINE('',#18433,#3743);
#2839=LINE('',#18435,#3744);
#2840=LINE('',#18437,#3745);
#2841=LINE('',#18441,#3746);
#2842=LINE('',#18444,#3747);
#2843=LINE('',#18446,#3748);
#2844=LINE('',#18448,#3749);
#2845=LINE('',#18452,#3750);
#2846=LINE('',#18455,#3751);
#2847=LINE('',#18457,#3752);
#2848=LINE('',#18459,#3753);
#2849=LINE('',#18463,#3754);
#2850=LINE('',#18466,#3755);
#2851=LINE('',#18468,#3756);
#2852=LINE('',#18470,#3757);
#2853=LINE('',#18474,#3758);
#2854=LINE('',#18476,#3759);
#2855=LINE('',#18479,#3760);
#2856=LINE('',#18481,#3761);
#2857=LINE('',#18485,#3762);
#2858=LINE('',#18488,#3763);
#2859=LINE('',#18490,#3764);
#2860=LINE('',#18492,#3765);
#2861=LINE('',#18496,#3766);
#2862=LINE('',#18499,#3767);
#2863=LINE('',#18501,#3768);
#2864=LINE('',#18503,#3769);
#2865=LINE('',#18507,#3770);
#2866=LINE('',#18510,#3771);
#2867=LINE('',#18512,#3772);
#2868=LINE('',#18514,#3773);
#2869=LINE('',#18518,#3774);
#2870=LINE('',#18520,#3775);
#2871=LINE('',#18523,#3776);
#2872=LINE('',#18524,#3777);
#2873=LINE('',#18526,#3778);
#2874=LINE('',#18529,#3779);
#2875=LINE('',#18530,#3780);
#2876=LINE('',#18534,#3781);
#2877=LINE('',#18538,#3782);
#2878=LINE('',#18539,#3783);
#2879=LINE('',#18540,#3784);
#2880=LINE('',#18551,#3785);
#2881=LINE('',#18557,#3786);
#2882=LINE('',#18563,#3787);
#2883=LINE('',#18569,#3788);
#2884=LINE('',#18574,#3789);
#2885=LINE('',#18576,#3790);
#2886=LINE('',#18578,#3791);
#2887=LINE('',#18580,#3792);
#2888=LINE('',#18582,#3793);
#2889=LINE('',#18584,#3794);
#2890=LINE('',#18586,#3795);
#2891=LINE('',#18587,#3796);
#2892=LINE('',#18591,#3797);
#2893=LINE('',#18593,#3798);
#2894=LINE('',#18595,#3799);
#2895=LINE('',#18597,#3800);
#2896=LINE('',#18599,#3801);
#2897=LINE('',#18601,#3802);
#2898=LINE('',#18603,#3803);
#2899=LINE('',#18604,#3804);
#2900=LINE('',#18608,#3805);
#2901=LINE('',#18610,#3806);
#2902=LINE('',#18612,#3807);
#2903=LINE('',#18614,#3808);
#2904=LINE('',#18616,#3809);
#2905=LINE('',#18618,#3810);
#2906=LINE('',#18620,#3811);
#2907=LINE('',#18621,#3812);
#2908=LINE('',#18625,#3813);
#2909=LINE('',#18627,#3814);
#2910=LINE('',#18629,#3815);
#2911=LINE('',#18631,#3816);
#2912=LINE('',#18633,#3817);
#2913=LINE('',#18635,#3818);
#2914=LINE('',#18637,#3819);
#2915=LINE('',#18638,#3820);
#2916=LINE('',#18643,#3821);
#2917=LINE('',#18647,#3822);
#2918=LINE('',#18652,#3823);
#2919=LINE('',#18656,#3824);
#2920=LINE('',#18661,#3825);
#2921=LINE('',#18665,#3826);
#2922=LINE('',#18670,#3827);
#2923=LINE('',#18674,#3828);
#2924=LINE('',#18684,#3829);
#2925=LINE('',#18685,#3830);
#2926=LINE('',#18686,#3831);
#2927=LINE('',#18690,#3832);
#2928=LINE('',#18691,#3833);
#2929=LINE('',#18692,#3834);
#2930=LINE('',#18700,#3835);
#2931=LINE('',#18702,#3836);
#2932=LINE('',#18703,#3837);
#2933=LINE('',#18707,#3838);
#2934=LINE('',#18708,#3839);
#2935=LINE('',#18709,#3840);
#2936=LINE('',#18718,#3841);
#2937=LINE('',#18719,#3842);
#2938=LINE('',#18720,#3843);
#2939=LINE('',#18724,#3844);
#2940=LINE('',#18725,#3845);
#2941=LINE('',#18726,#3846);
#2942=LINE('',#18734,#3847);
#2943=LINE('',#18736,#3848);
#2944=LINE('',#18737,#3849);
#2945=LINE('',#18740,#3850);
#2946=LINE('',#18742,#3851);
#2947=LINE('',#18743,#3852);
#2948=LINE('',#18770,#3853);
#2949=LINE('',#18783,#3854);
#2950=LINE('',#18786,#3855);
#2951=LINE('',#18796,#3856);
#2952=LINE('',#18809,#3857);
#2953=LINE('',#18812,#3858);
#2954=LINE('',#18822,#3859);
#2955=LINE('',#18835,#3860);
#2956=LINE('',#18844,#3861);
#2957=LINE('',#18850,#3862);
#2958=LINE('',#18860,#3863);
#2959=LINE('',#18866,#3864);
#2960=LINE('',#18871,#3865);
#2961=LINE('',#18873,#3866);
#2962=LINE('',#18875,#3867);
#2963=LINE('',#18877,#3868);
#2964=LINE('',#18879,#3869);
#2965=LINE('',#18880,#3870);
#2966=LINE('',#18884,#3871);
#2967=LINE('',#18886,#3872);
#2968=LINE('',#18888,#3873);
#2969=LINE('',#18889,#3874);
#2970=LINE('',#18893,#3875);
#2971=LINE('',#18895,#3876);
#2972=LINE('',#18897,#3877);
#2973=LINE('',#18899,#3878);
#2974=LINE('',#18901,#3879);
#2975=LINE('',#18902,#3880);
#2976=LINE('',#18906,#3881);
#2977=LINE('',#18908,#3882);
#2978=LINE('',#18910,#3883);
#2979=LINE('',#18911,#3884);
#2980=LINE('',#18915,#3885);
#2981=LINE('',#18917,#3886);
#2982=LINE('',#18919,#3887);
#2983=LINE('',#18920,#3888);
#2984=LINE('',#18922,#3889);
#2985=LINE('',#18924,#3890);
#2986=LINE('',#18926,#3891);
#2987=LINE('',#18928,#3892);
#2988=LINE('',#18930,#3893);
#2989=LINE('',#18931,#3894);
#2990=LINE('',#18936,#3895);
#2991=LINE('',#18938,#3896);
#2992=LINE('',#18940,#3897);
#2993=LINE('',#18941,#3898);
#2994=LINE('',#18945,#3899);
#2995=LINE('',#18947,#3900);
#2996=LINE('',#18949,#3901);
#2997=LINE('',#18951,#3902);
#2998=LINE('',#18952,#3903);
#2999=LINE('',#18956,#3904);
#3000=LINE('',#18958,#3905);
#3001=LINE('',#18960,#3906);
#3002=LINE('',#18961,#3907);
#3003=LINE('',#18962,#3908);
#3004=LINE('',#18964,#3909);
#3005=LINE('',#18965,#3910);
#3006=LINE('',#18967,#3911);
#3007=LINE('',#18968,#3912);
#3008=LINE('',#18970,#3913);
#3009=LINE('',#18971,#3914);
#3010=LINE('',#18973,#3915);
#3011=LINE('',#18974,#3916);
#3012=LINE('',#18976,#3917);
#3013=LINE('',#18978,#3918);
#3014=LINE('',#18984,#3919);
#3015=LINE('',#18986,#3920);
#3016=VECTOR('',#11881,1000.);
#3017=VECTOR('',#11884,1000.);
#3018=VECTOR('',#11889,1000.);
#3019=VECTOR('',#11892,1000.);
#3020=VECTOR('',#11899,1.55);
#3021=VECTOR('',#11908,1.55000000000001);
#3022=VECTOR('',#11913,1.35);
#3023=VECTOR('',#11918,1.35);
#3024=VECTOR('',#11925,1.35);
#3025=VECTOR('',#11932,1.35);
#3026=VECTOR('',#11937,1000.);
#3027=VECTOR('',#11938,1000.);
#3028=VECTOR('',#11939,1000.);
#3029=VECTOR('',#11940,1000.);
#3030=VECTOR('',#11943,1000.);
#3031=VECTOR('',#11944,1000.);
#3032=VECTOR('',#11945,1000.);
#3033=VECTOR('',#11946,1000.);
#3034=VECTOR('',#11949,1000.);
#3035=VECTOR('',#11950,1000.);
#3036=VECTOR('',#11951,1000.);
#3037=VECTOR('',#11952,1000.);
#3038=VECTOR('',#11955,1000.);
#3039=VECTOR('',#11956,1000.);
#3040=VECTOR('',#11957,1000.);
#3041=VECTOR('',#11958,1000.);
#3042=VECTOR('',#11961,1000.);
#3043=VECTOR('',#11962,1000.);
#3044=VECTOR('',#11963,1000.);
#3045=VECTOR('',#11964,1000.);
#3046=VECTOR('',#11965,1000.);
#3047=VECTOR('',#11966,1000.);
#3048=VECTOR('',#11967,1000.);
#3049=VECTOR('',#11968,1000.);
#3050=VECTOR('',#11969,1000.);
#3051=VECTOR('',#11970,1000.);
#3052=VECTOR('',#11973,1000.);
#3053=VECTOR('',#11974,1000.);
#3054=VECTOR('',#11975,1000.);
#3055=VECTOR('',#11976,1000.);
#3056=VECTOR('',#11977,1000.);
#3057=VECTOR('',#11978,1000.);
#3058=VECTOR('',#11979,1000.);
#3059=VECTOR('',#11980,1000.);
#3060=VECTOR('',#11981,1000.);
#3061=VECTOR('',#11982,1000.);
#3062=VECTOR('',#11985,1000.);
#3063=VECTOR('',#11986,1000.);
#3064=VECTOR('',#11987,1000.);
#3065=VECTOR('',#11988,1000.);
#3066=VECTOR('',#11989,1000.);
#3067=VECTOR('',#11990,1000.);
#3068=VECTOR('',#11991,1000.);
#3069=VECTOR('',#11992,1000.);
#3070=VECTOR('',#11993,1000.);
#3071=VECTOR('',#11994,1000.);
#3072=VECTOR('',#11997,1000.);
#3073=VECTOR('',#11998,1000.);
#3074=VECTOR('',#11999,1000.);
#3075=VECTOR('',#12000,1000.);
#3076=VECTOR('',#12001,1000.);
#3077=VECTOR('',#12004,1000.);
#3078=VECTOR('',#12005,1000.);
#3079=VECTOR('',#12006,1000.);
#3080=VECTOR('',#12007,1000.);
#3081=VECTOR('',#12008,1000.);
#3082=VECTOR('',#12009,1000.);
#3083=VECTOR('',#12010,1000.);
#3084=VECTOR('',#12011,1000.);
#3085=VECTOR('',#12012,1000.);
#3086=VECTOR('',#12015,1000.);
#3087=VECTOR('',#12016,1000.);
#3088=VECTOR('',#12017,1000.);
#3089=VECTOR('',#12020,1000.);
#3090=VECTOR('',#12021,1000.);
#3091=VECTOR('',#12024,1000.);
#3092=VECTOR('',#12027,1000.);
#3093=VECTOR('',#12028,1000.);
#3094=VECTOR('',#12031,1000.);
#3095=VECTOR('',#12034,1000.);
#3096=VECTOR('',#12037,1000.);
#3097=VECTOR('',#12038,1000.);
#3098=VECTOR('',#12039,1000.);
#3099=VECTOR('',#12042,1000.);
#3100=VECTOR('',#12043,1000.);
#3101=VECTOR('',#12046,1000.);
#3102=VECTOR('',#12049,1000.);
#3103=VECTOR('',#12050,1000.);
#3104=VECTOR('',#12053,1000.);
#3105=VECTOR('',#12054,1000.);
#3106=VECTOR('',#12057,1000.);
#3107=VECTOR('',#12058,1000.);
#3108=VECTOR('',#12059,1000.);
#3109=VECTOR('',#12060,1000.);
#3110=VECTOR('',#12063,1000.);
#3111=VECTOR('',#12064,1000.);
#3112=VECTOR('',#12065,1000.);
#3113=VECTOR('',#12068,1000.);
#3114=VECTOR('',#12069,1000.);
#3115=VECTOR('',#12070,1000.);
#3116=VECTOR('',#12073,1000.);
#3117=VECTOR('',#12074,1000.);
#3118=VECTOR('',#12075,1000.);
#3119=VECTOR('',#12076,1000.);
#3120=VECTOR('',#12079,1000.);
#3121=VECTOR('',#12080,1000.);
#3122=VECTOR('',#12081,1000.);
#3123=VECTOR('',#12084,1000.);
#3124=VECTOR('',#12085,1000.);
#3125=VECTOR('',#12086,1000.);
#3126=VECTOR('',#12091,1000.);
#3127=VECTOR('',#12092,1000.);
#3128=VECTOR('',#12093,1000.);
#3129=VECTOR('',#12094,1000.);
#3130=VECTOR('',#12097,1000.);
#3131=VECTOR('',#12100,1000.);
#3132=VECTOR('',#12103,1000.);
#3133=VECTOR('',#12104,1000.);
#3134=VECTOR('',#12105,1000.);
#3135=VECTOR('',#12108,1000.);
#3136=VECTOR('',#12109,1000.);
#3137=VECTOR('',#12110,1000.);
#3138=VECTOR('',#12115,1000.);
#3139=VECTOR('',#12116,1000.);
#3140=VECTOR('',#12117,1000.);
#3141=VECTOR('',#12118,1000.);
#3142=VECTOR('',#12121,1000.);
#3143=VECTOR('',#12124,1000.);
#3144=VECTOR('',#12127,1000.);
#3145=VECTOR('',#12128,1000.);
#3146=VECTOR('',#12129,1000.);
#3147=VECTOR('',#12132,1000.);
#3148=VECTOR('',#12133,1000.);
#3149=VECTOR('',#12134,1000.);
#3150=VECTOR('',#12137,1000.);
#3151=VECTOR('',#12140,1000.);
#3152=VECTOR('',#12143,1000.);
#3153=VECTOR('',#12146,1000.);
#3154=VECTOR('',#12149,1000.);
#3155=VECTOR('',#12152,1000.);
#3156=VECTOR('',#12157,1000.);
#3157=VECTOR('',#12160,1000.);
#3158=VECTOR('',#12163,1000.);
#3159=VECTOR('',#12166,1000.);
#3160=VECTOR('',#12169,1000.);
#3161=VECTOR('',#12172,1000.);
#3162=VECTOR('',#12177,1000.);
#3163=VECTOR('',#12180,1000.);
#3164=VECTOR('',#12183,1000.);
#3165=VECTOR('',#12186,1000.);
#3166=VECTOR('',#12189,1000.);
#3167=VECTOR('',#12192,1000.);
#3168=VECTOR('',#12197,1000.);
#3169=VECTOR('',#12200,1000.);
#3170=VECTOR('',#12203,1000.);
#3171=VECTOR('',#12206,1000.);
#3172=VECTOR('',#12209,1000.);
#3173=VECTOR('',#12212,1000.);
#3174=VECTOR('',#12233,1.1);
#3175=VECTOR('',#12240,1.1);
#3176=VECTOR('',#12247,1.1);
#3177=VECTOR('',#12254,1.1);
#3178=VECTOR('',#12261,1000.);
#3179=VECTOR('',#12264,1000.);
#3180=VECTOR('',#12271,1000.);
#3181=VECTOR('',#12276,1000.);
#3182=VECTOR('',#12279,1000.);
#3183=VECTOR('',#12284,1000.);
#3184=VECTOR('',#12293,1.20000000000001);
#3185=VECTOR('',#12302,1.20000000000001);
#3186=VECTOR('',#12311,1.20000000000001);
#3187=VECTOR('',#12320,1.20000000000001);
#3188=VECTOR('',#12327,1000.);
#3189=VECTOR('',#12330,1000.);
#3190=VECTOR('',#12337,1000.);
#3191=VECTOR('',#12342,1000.);
#3192=VECTOR('',#12345,1000.);
#3193=VECTOR('',#12350,1000.);
#3194=VECTOR('',#12355,1.1);
#3195=VECTOR('',#12358,1.1);
#3196=VECTOR('',#12361,1.1);
#3197=VECTOR('',#12364,1.1);
#3198=VECTOR('',#12369,1000.);
#3199=VECTOR('',#12370,1000.);
#3200=VECTOR('',#12373,1000.);
#3201=VECTOR('',#12376,1000.);
#3202=VECTOR('',#12379,1000.);
#3203=VECTOR('',#12382,1000.);
#3204=VECTOR('',#12387,1000.);
#3205=VECTOR('',#12388,1000.);
#3206=VECTOR('',#12391,1000.);
#3207=VECTOR('',#12392,1000.);
#3208=VECTOR('',#12393,1000.);
#3209=VECTOR('',#12394,1000.);
#3210=VECTOR('',#12397,1000.);
#3211=VECTOR('',#12398,1000.);
#3212=VECTOR('',#12399,1000.);
#3213=VECTOR('',#12404,1000.);
#3214=VECTOR('',#12411,1000.);
#3215=VECTOR('',#12418,1000.);
#3216=VECTOR('',#12423,1000.);
#3217=VECTOR('',#12424,1000.);
#3218=VECTOR('',#12425,1000.);
#3219=VECTOR('',#12432,1000.);
#3220=VECTOR('',#12433,1000.);
#3221=VECTOR('',#12434,1000.);
#3222=VECTOR('',#12439,1000.);
#3223=VECTOR('',#12444,1000.);
#3224=VECTOR('',#12445,1000.);
#3225=VECTOR('',#12446,1000.);
#3226=VECTOR('',#12451,1000.);
#3227=VECTOR('',#12456,1000.);
#3228=VECTOR('',#12457,1000.);
#3229=VECTOR('',#12462,1000.);
#3230=VECTOR('',#12465,1000.);
#3231=VECTOR('',#12466,1000.);
#3232=VECTOR('',#12467,1000.);
#3233=VECTOR('',#12472,1000.);
#3234=VECTOR('',#12479,1000.);
#3235=VECTOR('',#12486,1000.);
#3236=VECTOR('',#12491,1000.);
#3237=VECTOR('',#12492,1000.);
#3238=VECTOR('',#12495,1000.);
#3239=VECTOR('',#12500,1000.);
#3240=VECTOR('',#12501,1000.);
#3241=VECTOR('',#12502,1000.);
#3242=VECTOR('',#12507,1000.);
#3243=VECTOR('',#12512,1000.);
#3244=VECTOR('',#12513,1000.);
#3245=VECTOR('',#12514,1000.);
#3246=VECTOR('',#12519,1000.);
#3247=VECTOR('',#12524,1000.);
#3248=VECTOR('',#12525,1000.);
#3249=VECTOR('',#12526,1000.);
#3250=VECTOR('',#12533,1000.);
#3251=VECTOR('',#12538,1000.);
#3252=VECTOR('',#12545,1000.);
#3253=VECTOR('',#12546,1000.);
#3254=VECTOR('',#12549,1000.);
#3255=VECTOR('',#12552,1000.);
#3256=VECTOR('',#12553,1000.);
#3257=VECTOR('',#12560,1000.);
#3258=VECTOR('',#12565,1000.);
#3259=VECTOR('',#12568,1000.);
#3260=VECTOR('',#12571,1000.);
#3261=VECTOR('',#12572,1000.);
#3262=VECTOR('',#12573,1000.);
#3263=VECTOR('',#12576,1000.);
#3264=VECTOR('',#12583,1000.);
#3265=VECTOR('',#12584,1000.);
#3266=VECTOR('',#12587,1000.);
#3267=VECTOR('',#12590,1000.);
#3268=VECTOR('',#12591,1000.);
#3269=VECTOR('',#12592,1000.);
#3270=VECTOR('',#12595,1000.);
#3271=VECTOR('',#12598,1000.);
#3272=VECTOR('',#12599,1000.);
#3273=VECTOR('',#12606,1000.);
#3274=VECTOR('',#12611,1000.);
#3275=VECTOR('',#12614,1000.);
#3276=VECTOR('',#12617,1000.);
#3277=VECTOR('',#12622,1000.);
#3278=VECTOR('',#12629,1000.);
#3279=VECTOR('',#12630,1000.);
#3280=VECTOR('',#12631,1000.);
#3281=VECTOR('',#12632,1000.);
#3282=VECTOR('',#12635,1000.);
#3283=VECTOR('',#12636,1000.);
#3284=VECTOR('',#12637,1000.);
#3285=VECTOR('',#12640,1000.);
#3286=VECTOR('',#12641,1000.);
#3287=VECTOR('',#12642,1000.);
#3288=VECTOR('',#12657,1000.);
#3289=VECTOR('',#12658,1000.);
#3290=VECTOR('',#12663,1000.);
#3291=VECTOR('',#12666,1000.);
#3292=VECTOR('',#12669,1000.);
#3293=VECTOR('',#12672,1000.);
#3294=VECTOR('',#12675,1000.);
#3295=VECTOR('',#12678,1000.);
#3296=VECTOR('',#12681,1000.);
#3297=VECTOR('',#12684,1000.);
#3298=VECTOR('',#12687,1000.);
#3299=VECTOR('',#12690,1000.);
#3300=VECTOR('',#12693,1000.);
#3301=VECTOR('',#12696,1000.);
#3302=VECTOR('',#12699,1000.);
#3303=VECTOR('',#12702,1000.);
#3304=VECTOR('',#12705,1000.);
#3305=VECTOR('',#12708,1000.);
#3306=VECTOR('',#12711,1000.);
#3307=VECTOR('',#12714,1000.);
#3308=VECTOR('',#12717,1000.);
#3309=VECTOR('',#12720,1000.);
#3310=VECTOR('',#12723,1000.);
#3311=VECTOR('',#12726,1000.);
#3312=VECTOR('',#12729,1000.);
#3313=VECTOR('',#12734,1000.);
#3314=VECTOR('',#12737,1000.);
#3315=VECTOR('',#12740,1000.);
#3316=VECTOR('',#12745,1000.);
#3317=VECTOR('',#12746,1000.);
#3318=VECTOR('',#12749,1000.);
#3319=VECTOR('',#12754,1000.);
#3320=VECTOR('',#12757,1000.);
#3321=VECTOR('',#12760,1000.);
#3322=VECTOR('',#12763,1000.);
#3323=VECTOR('',#12766,1000.);
#3324=VECTOR('',#12769,1000.);
#3325=VECTOR('',#12772,1000.);
#3326=VECTOR('',#12775,1000.);
#3327=VECTOR('',#12778,1000.);
#3328=VECTOR('',#12781,1000.);
#3329=VECTOR('',#12784,1000.);
#3330=VECTOR('',#12789,1000.);
#3331=VECTOR('',#12792,1000.);
#3332=VECTOR('',#12795,1000.);
#3333=VECTOR('',#12798,1000.);
#3334=VECTOR('',#12801,1000.);
#3335=VECTOR('',#12804,1000.);
#3336=VECTOR('',#12807,1000.);
#3337=VECTOR('',#12810,1000.);
#3338=VECTOR('',#12813,1000.);
#3339=VECTOR('',#12816,1000.);
#3340=VECTOR('',#12819,1000.);
#3341=VECTOR('',#12822,1000.);
#3342=VECTOR('',#12825,1000.);
#3343=VECTOR('',#12828,1000.);
#3344=VECTOR('',#12837,1000.);
#3345=VECTOR('',#12840,1000.);
#3346=VECTOR('',#12845,1.85);
#3347=VECTOR('',#12852,2.55);
#3348=VECTOR('',#12859,1.5);
#3349=VECTOR('',#12864,1000.);
#3350=VECTOR('',#12865,1000.);
#3351=VECTOR('',#12870,1.025);
#3352=VECTOR('',#12877,0.799999999999999);
#3353=VECTOR('',#12882,1.025);
#3354=VECTOR('',#12889,0.8);
#3355=VECTOR('',#12894,1.025);
#3356=VECTOR('',#12901,0.799999999999999);
#3357=VECTOR('',#12906,1.025);
#3358=VECTOR('',#12913,0.8);
#3359=VECTOR('',#12918,2.55);
#3360=VECTOR('',#12923,1.5);
#3361=VECTOR('',#12930,1000.);
#3362=VECTOR('',#12933,1.5);
#3363=VECTOR('',#12936,1000.);
#3364=VECTOR('',#12941,1000.);
#3365=VECTOR('',#12944,1000.);
#3366=VECTOR('',#12949,1.525);
#3367=VECTOR('',#12956,1.24999999999999);
#3368=VECTOR('',#12961,1.525);
#3369=VECTOR('',#12968,1.24999999999999);
#3370=VECTOR('',#12973,1.525);
#3371=VECTOR('',#12980,1.24999999999999);
#3372=VECTOR('',#12985,1.525);
#3373=VECTOR('',#12992,1.24999999999999);
#3374=VECTOR('',#12997,1.5);
#3375=VECTOR('',#13004,1000.);
#3376=VECTOR('',#13007,1000.);
#3377=VECTOR('',#13012,1.5);
#3378=VECTOR('',#13019,1000.);
#3379=VECTOR('',#13022,1000.);
#3380=VECTOR('',#13027,1.525);
#3381=VECTOR('',#13034,1.24999999999999);
#3382=VECTOR('',#13039,1.525);
#3383=VECTOR('',#13046,1.24999999999999);
#3384=VECTOR('',#13051,1.525);
#3385=VECTOR('',#13058,1.24999999999999);
#3386=VECTOR('',#13063,1.525);
#3387=VECTOR('',#13070,1.24999999999999);
#3388=VECTOR('',#13075,1000.);
#3389=VECTOR('',#13076,1000.);
#3390=VECTOR('',#13081,1.5);
#3391=VECTOR('',#13086,1.525);
#3392=VECTOR('',#13093,1.24999999999999);
#3393=VECTOR('',#13098,1.525);
#3394=VECTOR('',#13105,1.24999999999999);
#3395=VECTOR('',#13110,1.525);
#3396=VECTOR('',#13117,1.24999999999999);
#3397=VECTOR('',#13122,1.525);
#3398=VECTOR('',#13129,1.24999999999999);
#3399=VECTOR('',#13134,1000.);
#3400=VECTOR('',#13135,1000.);
#3401=VECTOR('',#13140,1.5);
#3402=VECTOR('',#13145,1.525);
#3403=VECTOR('',#13152,1.24999999999999);
#3404=VECTOR('',#13157,1.525);
#3405=VECTOR('',#13164,1.24999999999999);
#3406=VECTOR('',#13169,1.525);
#3407=VECTOR('',#13176,1.24999999999999);
#3408=VECTOR('',#13181,1.525);
#3409=VECTOR('',#13188,1.24999999999999);
#3410=VECTOR('',#13193,1000.);
#3411=VECTOR('',#13196,1000.);
#3412=VECTOR('',#13199,1000.);
#3413=VECTOR('',#13200,1000.);
#3414=VECTOR('',#13201,1000.);
#3415=VECTOR('',#13202,1000.);
#3416=VECTOR('',#13205,1000.);
#3417=VECTOR('',#13206,1000.);
#3418=VECTOR('',#13207,1000.);
#3419=VECTOR('',#13208,1000.);
#3420=VECTOR('',#13215,1000.);
#3421=VECTOR('',#13216,1000.);
#3422=VECTOR('',#13217,1000.);
#3423=VECTOR('',#13218,1000.);
#3424=VECTOR('',#13219,1000.);
#3425=VECTOR('',#13220,1000.);
#3426=VECTOR('',#13225,1000.);
#3427=VECTOR('',#13226,1000.);
#3428=VECTOR('',#13227,1000.);
#3429=VECTOR('',#13228,1000.);
#3430=VECTOR('',#13231,1000.);
#3431=VECTOR('',#13232,1000.);
#3432=VECTOR('',#13233,1000.);
#3433=VECTOR('',#13236,1000.);
#3434=VECTOR('',#13237,1000.);
#3435=VECTOR('',#13238,1000.);
#3436=VECTOR('',#13239,1000.);
#3437=VECTOR('',#13244,1000.);
#3438=VECTOR('',#13245,1000.);
#3439=VECTOR('',#13246,1000.);
#3440=VECTOR('',#13247,1000.);
#3441=VECTOR('',#13248,1000.);
#3442=VECTOR('',#13249,1000.);
#3443=VECTOR('',#13250,1000.);
#3444=VECTOR('',#13251,1000.);
#3445=VECTOR('',#13252,1000.);
#3446=VECTOR('',#13253,1000.);
#3447=VECTOR('',#13254,1000.);
#3448=VECTOR('',#13255,1000.);
#3449=VECTOR('',#13256,1000.);
#3450=VECTOR('',#13257,1000.);
#3451=VECTOR('',#13258,1000.);
#3452=VECTOR('',#13259,1000.);
#3453=VECTOR('',#13260,1000.);
#3454=VECTOR('',#13261,1000.);
#3455=VECTOR('',#13262,1000.);
#3456=VECTOR('',#13263,1000.);
#3457=VECTOR('',#13264,1000.);
#3458=VECTOR('',#13265,1000.);
#3459=VECTOR('',#13266,1000.);
#3460=VECTOR('',#13267,1000.);
#3461=VECTOR('',#13268,1000.);
#3462=VECTOR('',#13269,1000.);
#3463=VECTOR('',#13270,1000.);
#3464=VECTOR('',#13271,1000.);
#3465=VECTOR('',#13272,1000.);
#3466=VECTOR('',#13275,1000.);
#3467=VECTOR('',#13278,1000.);
#3468=VECTOR('',#13283,1000.);
#3469=VECTOR('',#13288,1000.);
#3470=VECTOR('',#13293,1000.);
#3471=VECTOR('',#13296,1000.);
#3472=VECTOR('',#13297,1000.);
#3473=VECTOR('',#13298,1000.);
#3474=VECTOR('',#13301,1000.);
#3475=VECTOR('',#13306,1000.);
#3476=VECTOR('',#13313,1000.);
#3477=VECTOR('',#13318,1000.);
#3478=VECTOR('',#13321,1000.);
#3479=VECTOR('',#13324,1000.);
#3480=VECTOR('',#13329,1000.);
#3481=VECTOR('',#13330,1000.);
#3482=VECTOR('',#13331,1000.);
#3483=VECTOR('',#13334,1000.);
#3484=VECTOR('',#13337,1000.);
#3485=VECTOR('',#13340,1000.);
#3486=VECTOR('',#13341,1000.);
#3487=VECTOR('',#13342,1000.);
#3488=VECTOR('',#13343,1000.);
#3489=VECTOR('',#13346,1000.);
#3490=VECTOR('',#13347,1000.);
#3491=VECTOR('',#13348,1000.);
#3492=VECTOR('',#13349,1000.);
#3493=VECTOR('',#13354,1000.);
#3494=VECTOR('',#13357,1000.);
#3495=VECTOR('',#13362,1000.);
#3496=VECTOR('',#13369,1000.);
#3497=VECTOR('',#13376,1000.);
#3498=VECTOR('',#13379,1000.);
#3499=VECTOR('',#13382,1000.);
#3500=VECTOR('',#13383,1000.);
#3501=VECTOR('',#13384,1000.);
#3502=VECTOR('',#13385,1000.);
#3503=VECTOR('',#13386,1000.);
#3504=VECTOR('',#13387,1000.);
#3505=VECTOR('',#13388,1000.);
#3506=VECTOR('',#13389,1000.);
#3507=VECTOR('',#13390,1000.);
#3508=VECTOR('',#13391,1000.);
#3509=VECTOR('',#13392,1000.);
#3510=VECTOR('',#13393,1000.);
#3511=VECTOR('',#13394,1000.);
#3512=VECTOR('',#13395,1000.);
#3513=VECTOR('',#13396,1000.);
#3514=VECTOR('',#13397,1000.);
#3515=VECTOR('',#13398,1000.);
#3516=VECTOR('',#13399,1000.);
#3517=VECTOR('',#13400,1000.);
#3518=VECTOR('',#13401,1000.);
#3519=VECTOR('',#13402,1000.);
#3520=VECTOR('',#13403,1000.);
#3521=VECTOR('',#13404,1000.);
#3522=VECTOR('',#13405,1000.);
#3523=VECTOR('',#13406,1000.);
#3524=VECTOR('',#13407,1000.);
#3525=VECTOR('',#13408,1000.);
#3526=VECTOR('',#13411,1000.);
#3527=VECTOR('',#13412,1000.);
#3528=VECTOR('',#13413,1000.);
#3529=VECTOR('',#13414,1000.);
#3530=VECTOR('',#13415,1000.);
#3531=VECTOR('',#13418,1000.);
#3532=VECTOR('',#13419,1000.);
#3533=VECTOR('',#13422,1000.);
#3534=VECTOR('',#13425,1000.);
#3535=VECTOR('',#13428,1000.);
#3536=VECTOR('',#13429,1000.);
#3537=VECTOR('',#13430,1000.);
#3538=VECTOR('',#13431,1000.);
#3539=VECTOR('',#13436,1000.);
#3540=VECTOR('',#13437,1000.);
#3541=VECTOR('',#13440,1000.);
#3542=VECTOR('',#13443,1000.);
#3543=VECTOR('',#13446,1000.);
#3544=VECTOR('',#13447,1000.);
#3545=VECTOR('',#13448,1000.);
#3546=VECTOR('',#13451,1000.);
#3547=VECTOR('',#13454,1000.);
#3548=VECTOR('',#13457,1000.);
#3549=VECTOR('',#13462,1000.);
#3550=VECTOR('',#13463,1000.);
#3551=VECTOR('',#13466,1000.);
#3552=VECTOR('',#13467,1000.);
#3553=VECTOR('',#13470,1000.);
#3554=VECTOR('',#13473,1000.);
#3555=VECTOR('',#13478,1000.);
#3556=VECTOR('',#13479,1000.);
#3557=VECTOR('',#13482,1000.);
#3558=VECTOR('',#13483,1000.);
#3559=VECTOR('',#13486,1000.);
#3560=VECTOR('',#13487,1000.);
#3561=VECTOR('',#13490,1000.);
#3562=VECTOR('',#13493,1000.);
#3563=VECTOR('',#13496,1000.);
#3564=VECTOR('',#13497,1000.);
#3565=VECTOR('',#13500,1000.);
#3566=VECTOR('',#13503,1000.);
#3567=VECTOR('',#13522,1000.);
#3568=VECTOR('',#13525,1000.);
#3569=VECTOR('',#13530,1000.);
#3570=VECTOR('',#13531,1000.);
#3571=VECTOR('',#13544,1000.);
#3572=VECTOR('',#13551,1000.);
#3573=VECTOR('',#13554,1000.);
#3574=VECTOR('',#13557,1000.);
#3575=VECTOR('',#13560,1000.);
#3576=VECTOR('',#13567,1000.);
#3577=VECTOR('',#13570,1000.);
#3578=VECTOR('',#13573,1000.);
#3579=VECTOR('',#13576,1000.);
#3580=VECTOR('',#13577,1000.);
#3581=VECTOR('',#13578,1000.);
#3582=VECTOR('',#13581,1000.);
#3583=VECTOR('',#13582,1000.);
#3584=VECTOR('',#13583,1000.);
#3585=VECTOR('',#13586,1000.);
#3586=VECTOR('',#13587,1000.);
#3587=VECTOR('',#13588,1000.);
#3588=VECTOR('',#13591,1000.);
#3589=VECTOR('',#13592,1000.);
#3590=VECTOR('',#13593,1000.);
#3591=VECTOR('',#13596,1000.);
#3592=VECTOR('',#13597,1000.);
#3593=VECTOR('',#13598,1000.);
#3594=VECTOR('',#13599,1000.);
#3595=VECTOR('',#13602,1000.);
#3596=VECTOR('',#13603,1000.);
#3597=VECTOR('',#13604,1000.);
#3598=VECTOR('',#13639,1000.);
#3599=VECTOR('',#13640,1000.);
#3600=VECTOR('',#13643,1000.);
#3601=VECTOR('',#13644,1000.);
#3602=VECTOR('',#13663,1000.);
#3603=VECTOR('',#13666,1000.);
#3604=VECTOR('',#13667,1000.);
#3605=VECTOR('',#13670,1000.);
#3606=VECTOR('',#13673,1000.);
#3607=VECTOR('',#13676,1000.);
#3608=VECTOR('',#13679,1000.);
#3609=VECTOR('',#13682,1000.);
#3610=VECTOR('',#13685,1000.);
#3611=VECTOR('',#13688,1000.);
#3612=VECTOR('',#13691,1000.);
#3613=VECTOR('',#13696,1000.);
#3614=VECTOR('',#13699,1000.);
#3615=VECTOR('',#13702,1000.);
#3616=VECTOR('',#13705,1000.);
#3617=VECTOR('',#13708,1000.);
#3618=VECTOR('',#13711,1000.);
#3619=VECTOR('',#13714,1000.);
#3620=VECTOR('',#13717,1000.);
#3621=VECTOR('',#13720,1000.);
#3622=VECTOR('',#13723,1000.);
#3623=VECTOR('',#13726,1000.);
#3624=VECTOR('',#13729,1000.);
#3625=VECTOR('',#13732,1000.);
#3626=VECTOR('',#13735,1000.);
#3627=VECTOR('',#13738,1000.);
#3628=VECTOR('',#13743,1000.);
#3629=VECTOR('',#13744,1000.);
#3630=VECTOR('',#13745,1000.);
#3631=VECTOR('',#13746,1000.);
#3632=VECTOR('',#13749,1000.);
#3633=VECTOR('',#13752,1000.);
#3634=VECTOR('',#13759,1000.);
#3635=VECTOR('',#13760,1000.);
#3636=VECTOR('',#13761,1000.);
#3637=VECTOR('',#13766,1000.);
#3638=VECTOR('',#13773,1000.);
#3639=VECTOR('',#13776,1000.);
#3640=VECTOR('',#13779,1000.);
#3641=VECTOR('',#13780,1000.);
#3642=VECTOR('',#13783,1000.);
#3643=VECTOR('',#13786,1000.);
#3644=VECTOR('',#13793,1000.);
#3645=VECTOR('',#13796,1000.);
#3646=VECTOR('',#13799,1000.);
#3647=VECTOR('',#13800,1000.);
#3648=VECTOR('',#13803,1000.);
#3649=VECTOR('',#13804,1000.);
#3650=VECTOR('',#13817,1000.);
#3651=VECTOR('',#13820,1000.);
#3652=VECTOR('',#13825,1000.);
#3653=VECTOR('',#13826,1000.);
#3654=VECTOR('',#13833,1000.);
#3655=VECTOR('',#13838,1000.);
#3656=VECTOR('',#13851,1000.);
#3657=VECTOR('',#13856,1000.);
#3658=VECTOR('',#13913,2.5);
#3659=VECTOR('',#13922,2.);
#3660=VECTOR('',#13939,1000.);
#3661=VECTOR('',#13942,1000.);
#3662=VECTOR('',#13947,1000.);
#3663=VECTOR('',#13950,1000.);
#3664=VECTOR('',#13957,6.45244309892234);
#3665=VECTOR('',#13964,6.45244309892234);
#3666=VECTOR('',#13971,6.45244309892234);
#3667=VECTOR('',#14116,1000.);
#3668=VECTOR('',#14119,1000.);
#3669=VECTOR('',#14124,1000.);
#3670=VECTOR('',#14127,1000.);
#3671=VECTOR('',#14132,3.2);
#3672=VECTOR('',#14139,3.45);
#3673=VECTOR('',#14144,1000.);
#3674=VECTOR('',#14153,1000.);
#3675=VECTOR('',#14158,1000.);
#3676=VECTOR('',#14161,1000.);
#3677=VECTOR('',#14164,1000.);
#3678=VECTOR('',#14165,1000.);
#3679=VECTOR('',#14168,1000.);
#3680=VECTOR('',#14169,1000.);
#3681=VECTOR('',#14170,1000.);
#3682=VECTOR('',#14171,1000.);
#3683=VECTOR('',#14174,1000.);
#3684=VECTOR('',#14177,1000.);
#3685=VECTOR('',#14182,1000.);
#3686=VECTOR('',#14185,1000.);
#3687=VECTOR('',#14190,1000.);
#3688=VECTOR('',#14193,1000.);
#3689=VECTOR('',#14194,1000.);
#3690=VECTOR('',#14197,1000.);
#3691=VECTOR('',#14200,1000.);
#3692=VECTOR('',#14201,1000.);
#3693=VECTOR('',#14204,1000.);
#3694=VECTOR('',#14205,1000.);
#3695=VECTOR('',#14208,1000.);
#3696=VECTOR('',#14209,1000.);
#3697=VECTOR('',#14210,1000.);
#3698=VECTOR('',#14225,1000.);
#3699=VECTOR('',#14234,1000.);
#3700=VECTOR('',#14241,1000.);
#3701=VECTOR('',#14250,1000.);
#3702=VECTOR('',#14259,1000.);
#3703=VECTOR('',#14268,1000.);
#3704=VECTOR('',#14269,1000.);
#3705=VECTOR('',#14282,1000.);
#3706=VECTOR('',#14299,1000.);
#3707=VECTOR('',#14304,1000.);
#3708=VECTOR('',#14313,1000.);
#3709=VECTOR('',#14314,1000.);
#3710=VECTOR('',#14315,1000.);
#3711=VECTOR('',#14318,1000.);
#3712=VECTOR('',#14327,1000.);
#3713=VECTOR('',#14328,1000.);
#3714=VECTOR('',#14337,1000.);
#3715=VECTOR('',#14338,1000.);
#3716=VECTOR('',#14345,1000.);
#3717=VECTOR('',#14354,1000.);
#3718=VECTOR('',#14357,1000.);
#3719=VECTOR('',#14360,1000.);
#3720=VECTOR('',#14371,1000.);
#3721=VECTOR('',#14374,1000.);
#3722=VECTOR('',#14377,1000.);
#3723=VECTOR('',#14380,1000.);
#3724=VECTOR('',#14383,1000.);
#3725=VECTOR('',#14386,1000.);
#3726=VECTOR('',#14389,1000.);
#3727=VECTOR('',#14392,1000.);
#3728=VECTOR('',#14395,1000.);
#3729=VECTOR('',#14396,1000.);
#3730=VECTOR('',#14407,1000.);
#3731=VECTOR('',#14408,1000.);
#3732=VECTOR('',#14411,1000.);
#3733=VECTOR('',#14414,1000.);
#3734=VECTOR('',#14417,1000.);
#3735=VECTOR('',#14420,1000.);
#3736=VECTOR('',#14431,1000.);
#3737=VECTOR('',#14434,1000.);
#3738=VECTOR('',#14437,1000.);
#3739=VECTOR('',#14440,1000.);
#3740=VECTOR('',#14443,1000.);
#3741=VECTOR('',#14446,1000.);
#3742=VECTOR('',#14451,1000.);
#3743=VECTOR('',#14454,1000.);
#3744=VECTOR('',#14457,1000.);
#3745=VECTOR('',#14460,1000.);
#3746=VECTOR('',#14465,1000.);
#3747=VECTOR('',#14468,1000.);
#3748=VECTOR('',#14471,1000.);
#3749=VECTOR('',#14474,1000.);
#3750=VECTOR('',#14479,1000.);
#3751=VECTOR('',#14482,1000.);
#3752=VECTOR('',#14485,1000.);
#3753=VECTOR('',#14488,1000.);
#3754=VECTOR('',#14493,1000.);
#3755=VECTOR('',#14496,1000.);
#3756=VECTOR('',#14499,1000.);
#3757=VECTOR('',#14502,1000.);
#3758=VECTOR('',#14509,1000.);
#3759=VECTOR('',#14512,1000.);
#3760=VECTOR('',#14517,1000.);
#3761=VECTOR('',#14520,1000.);
#3762=VECTOR('',#14525,1000.);
#3763=VECTOR('',#14528,1000.);
#3764=VECTOR('',#14531,1000.);
#3765=VECTOR('',#14534,1000.);
#3766=VECTOR('',#14539,1000.);
#3767=VECTOR('',#14542,1000.);
#3768=VECTOR('',#14545,1000.);
#3769=VECTOR('',#14548,1000.);
#3770=VECTOR('',#14553,1000.);
#3771=VECTOR('',#14556,1000.);
#3772=VECTOR('',#14559,1000.);
#3773=VECTOR('',#14562,1000.);
#3774=VECTOR('',#14567,1000.);
#3775=VECTOR('',#14568,1000.);
#3776=VECTOR('',#14573,1000.);
#3777=VECTOR('',#14574,1000.);
#3778=VECTOR('',#14577,1000.);
#3779=VECTOR('',#14580,1000.);
#3780=VECTOR('',#14581,1000.);
#3781=VECTOR('',#14586,1000.);
#3782=VECTOR('',#14591,1000.);
#3783=VECTOR('',#14592,1000.);
#3784=VECTOR('',#14593,1000.);
#3785=VECTOR('',#14610,1.1);
#3786=VECTOR('',#14617,1.1);
#3787=VECTOR('',#14624,1.1);
#3788=VECTOR('',#14631,1.1);
#3789=VECTOR('',#14636,1000.);
#3790=VECTOR('',#14637,1000.);
#3791=VECTOR('',#14638,1000.);
#3792=VECTOR('',#14639,1000.);
#3793=VECTOR('',#14640,1000.);
#3794=VECTOR('',#14641,1000.);
#3795=VECTOR('',#14642,1000.);
#3796=VECTOR('',#14643,1000.);
#3797=VECTOR('',#14646,1000.);
#3798=VECTOR('',#14647,1000.);
#3799=VECTOR('',#14648,1000.);
#3800=VECTOR('',#14649,1000.);
#3801=VECTOR('',#14650,1000.);
#3802=VECTOR('',#14651,1000.);
#3803=VECTOR('',#14652,1000.);
#3804=VECTOR('',#14653,1000.);
#3805=VECTOR('',#14656,1000.);
#3806=VECTOR('',#14657,1000.);
#3807=VECTOR('',#14658,1000.);
#3808=VECTOR('',#14659,1000.);
#3809=VECTOR('',#14660,1000.);
#3810=VECTOR('',#14661,1000.);
#3811=VECTOR('',#14662,1000.);
#3812=VECTOR('',#14663,1000.);
#3813=VECTOR('',#14666,1000.);
#3814=VECTOR('',#14667,1000.);
#3815=VECTOR('',#14668,1000.);
#3816=VECTOR('',#14669,1000.);
#3817=VECTOR('',#14670,1000.);
#3818=VECTOR('',#14671,1000.);
#3819=VECTOR('',#14672,1000.);
#3820=VECTOR('',#14673,1000.);
#3821=VECTOR('',#14678,1000.);
#3822=VECTOR('',#14681,1000.);
#3823=VECTOR('',#14686,1000.);
#3824=VECTOR('',#14689,1000.);
#3825=VECTOR('',#14694,1000.);
#3826=VECTOR('',#14697,1000.);
#3827=VECTOR('',#14702,1000.);
#3828=VECTOR('',#14705,1000.);
#3829=VECTOR('',#14720,1000.);
#3830=VECTOR('',#14721,1000.);
#3831=VECTOR('',#14722,1000.);
#3832=VECTOR('',#14725,1000.);
#3833=VECTOR('',#14726,1000.);
#3834=VECTOR('',#14727,1000.);
#3835=VECTOR('',#14740,1000.);
#3836=VECTOR('',#14741,1000.);
#3837=VECTOR('',#14742,1000.);
#3838=VECTOR('',#14745,1000.);
#3839=VECTOR('',#14746,1000.);
#3840=VECTOR('',#14747,1000.);
#3841=VECTOR('',#14760,1000.);
#3842=VECTOR('',#14761,1000.);
#3843=VECTOR('',#14762,1000.);
#3844=VECTOR('',#14765,1000.);
#3845=VECTOR('',#14766,1000.);
#3846=VECTOR('',#14767,1000.);
#3847=VECTOR('',#14780,1000.);
#3848=VECTOR('',#14781,1000.);
#3849=VECTOR('',#14782,1000.);
#3850=VECTOR('',#14785,1000.);
#3851=VECTOR('',#14786,1000.);
#3852=VECTOR('',#14787,1000.);
#3853=VECTOR('',#14836,0.899999999999998);
#3854=VECTOR('',#14853,1.);
#3855=VECTOR('',#14856,1.6);
#3856=VECTOR('',#14871,0.899999999999996);
#3857=VECTOR('',#14888,1.);
#3858=VECTOR('',#14891,1.9);
#3859=VECTOR('',#14906,1.25);
#3860=VECTOR('',#14923,1.9);
#3861=VECTOR('',#14936,1.);
#3862=VECTOR('',#14943,2.);
#3863=VECTOR('',#14958,1.);
#3864=VECTOR('',#14965,1.);
#3865=VECTOR('',#14970,1000.);
#3866=VECTOR('',#14971,1000.);
#3867=VECTOR('',#14972,1000.);
#3868=VECTOR('',#14973,1000.);
#3869=VECTOR('',#14974,1000.);
#3870=VECTOR('',#14975,1000.);
#3871=VECTOR('',#14978,1000.);
#3872=VECTOR('',#14979,1000.);
#3873=VECTOR('',#14980,1000.);
#3874=VECTOR('',#14981,1000.);
#3875=VECTOR('',#14984,1000.);
#3876=VECTOR('',#14985,1000.);
#3877=VECTOR('',#14986,1000.);
#3878=VECTOR('',#14987,1000.);
#3879=VECTOR('',#14988,1000.);
#3880=VECTOR('',#14989,1000.);
#3881=VECTOR('',#14992,1000.);
#3882=VECTOR('',#14993,1000.);
#3883=VECTOR('',#14994,1000.);
#3884=VECTOR('',#14995,1000.);
#3885=VECTOR('',#14998,1000.);
#3886=VECTOR('',#14999,1000.);
#3887=VECTOR('',#15000,1000.);
#3888=VECTOR('',#15001,1000.);
#3889=VECTOR('',#15002,1000.);
#3890=VECTOR('',#15003,1000.);
#3891=VECTOR('',#15004,1000.);
#3892=VECTOR('',#15005,1000.);
#3893=VECTOR('',#15008,1000.);
#3894=VECTOR('',#15009,1000.);
#3895=VECTOR('',#15014,1000.);
#3896=VECTOR('',#15015,1000.);
#3897=VECTOR('',#15016,1000.);
#3898=VECTOR('',#15017,1000.);
#3899=VECTOR('',#15020,1000.);
#3900=VECTOR('',#15021,1000.);
#3901=VECTOR('',#15022,1000.);
#3902=VECTOR('',#15025,1000.);
#3903=VECTOR('',#15026,1000.);
#3904=VECTOR('',#15029,1000.);
#3905=VECTOR('',#15030,1000.);
#3906=VECTOR('',#15031,1000.);
#3907=VECTOR('',#15032,1000.);
#3908=VECTOR('',#15033,1000.);
#3909=VECTOR('',#15036,1000.);
#3910=VECTOR('',#15037,1000.);
#3911=VECTOR('',#15040,1000.);
#3912=VECTOR('',#15041,1000.);
#3913=VECTOR('',#15044,1000.);
#3914=VECTOR('',#15045,1000.);
#3915=VECTOR('',#15048,1000.);
#3916=VECTOR('',#15049,1000.);
#3917=VECTOR('',#15052,1000.);
#3918=VECTOR('',#15055,1000.);
#3919=VECTOR('',#15066,1000.);
#3920=VECTOR('',#15069,1000.);
#3921=CIRCLE('',#10703,2.1);
#3922=CIRCLE('',#10704,2.1);
#3923=CIRCLE('',#10706,2.1);
#3924=CIRCLE('',#10707,2.1);
#3925=CIRCLE('',#10709,1.35);
#3926=CIRCLE('',#10710,1.35);
#3927=CIRCLE('',#10711,1.55);
#3928=CIRCLE('',#10713,1.35);
#3929=CIRCLE('',#10714,1.35);
#3930=CIRCLE('',#10715,1.55000000000001);
#3931=CIRCLE('',#10717,1.35);
#3932=CIRCLE('',#10719,1.35);
#3933=CIRCLE('',#10721,1.35);
#3934=CIRCLE('',#10722,1.35);
#3935=CIRCLE('',#10724,1.35);
#3936=CIRCLE('',#10725,1.35);
#3937=CIRCLE('',#10736,2.29999999999998);
#3938=CIRCLE('',#10737,2.3);
#3939=CIRCLE('',#10742,2.30000000000002);
#3940=CIRCLE('',#10743,2.3);
#3941=CIRCLE('',#10753,2.1);
#3942=CIRCLE('',#10755,2.1);
#3943=CIRCLE('',#10759,2.1);
#3944=CIRCLE('',#10761,2.1);
#3945=CIRCLE('',#10800,1.1);
#3946=CIRCLE('',#10801,1.19999999999999);
#3947=CIRCLE('',#10803,1.1);
#3948=CIRCLE('',#10804,1.19999999999999);
#3949=CIRCLE('',#10806,1.1);
#3950=CIRCLE('',#10807,1.19999999999999);
#3951=CIRCLE('',#10809,1.1);
#3952=CIRCLE('',#10810,1.19999999999999);
#3953=CIRCLE('',#10812,3.09999999999999);
#3954=CIRCLE('',#10813,3.19999999999999);
#3955=CIRCLE('',#10815,1.8);
#3956=CIRCLE('',#10816,1.9);
#3957=CIRCLE('',#10818,1.8);
#3958=CIRCLE('',#10819,1.9);
#3959=CIRCLE('',#10821,3.1);
#3960=CIRCLE('',#10822,3.19999999999999);
#3961=CIRCLE('',#10824,1.1);
#3962=CIRCLE('',#10825,1.1);
#3963=CIRCLE('',#10826,1.20000000000001);
#3964=CIRCLE('',#10828,1.1);
#3965=CIRCLE('',#10829,1.1);
#3966=CIRCLE('',#10830,1.20000000000001);
#3967=CIRCLE('',#10832,1.1);
#3968=CIRCLE('',#10833,1.1);
#3969=CIRCLE('',#10834,1.20000000000001);
#3970=CIRCLE('',#10836,1.1);
#3971=CIRCLE('',#10837,1.1);
#3972=CIRCLE('',#10838,1.20000000000001);
#3973=CIRCLE('',#10840,3.09999999999999);
#3974=CIRCLE('',#10841,3.20000000000001);
#3975=CIRCLE('',#10843,1.79999999999999);
#3976=CIRCLE('',#10844,1.9);
#3977=CIRCLE('',#10846,1.79999999999999);
#3978=CIRCLE('',#10847,1.9);
#3979=CIRCLE('',#10849,3.1);
#3980=CIRCLE('',#10850,3.20000000000001);
#3981=CIRCLE('',#10856,3.1);
#3982=CIRCLE('',#10858,1.9);
#3983=CIRCLE('',#10860,1.9);
#3984=CIRCLE('',#10862,3.09999999999999);
#3985=CIRCLE('',#10866,3.1);
#3986=CIRCLE('',#10867,3.1);
#3987=CIRCLE('',#10869,11.3);
#3988=CIRCLE('',#10870,11.3);
#3989=CIRCLE('',#10872,3.1);
#3990=CIRCLE('',#10873,3.1);
#3991=CIRCLE('',#10876,3.09999999999999);
#3992=CIRCLE('',#10879,1.9);
#3993=CIRCLE('',#10880,1.9);
#3994=CIRCLE('',#10883,1.9);
#3995=CIRCLE('',#10884,1.9);
#3996=CIRCLE('',#10887,3.1);
#3997=CIRCLE('',#10890,3.1);
#3998=CIRCLE('',#10891,3.1);
#3999=CIRCLE('',#10893,11.3);
#4000=CIRCLE('',#10894,11.3);
#4001=CIRCLE('',#10896,3.1);
#4002=CIRCLE('',#10897,3.1);
#4003=CIRCLE('',#10900,1.9);
#4004=CIRCLE('',#10903,1.9);
#4005=CIRCLE('',#10904,1.9);
#4006=CIRCLE('',#10907,1.9);
#4007=CIRCLE('',#10908,1.9);
#4008=CIRCLE('',#10911,1.9);
#4009=CIRCLE('',#10913,1.8);
#4010=CIRCLE('',#10914,3.2);
#4011=CIRCLE('',#10915,3.2);
#4012=CIRCLE('',#10916,11.2);
#4013=CIRCLE('',#10917,3.2);
#4014=CIRCLE('',#10918,1.79999999999999);
#4015=CIRCLE('',#10919,1.8);
#4016=CIRCLE('',#10920,3.2);
#4017=CIRCLE('',#10921,11.2);
#4018=CIRCLE('',#10922,3.2);
#4019=CIRCLE('',#10923,3.2);
#4020=CIRCLE('',#10924,1.8);
#4021=CIRCLE('',#10925,1.8);
#4022=CIRCLE('',#10926,0.85);
#4023=CIRCLE('',#10927,0.85);
#4024=CIRCLE('',#10928,1.8);
#4025=CIRCLE('',#10930,3.20000000000001);
#4026=CIRCLE('',#10931,1.79999999999999);
#4027=CIRCLE('',#10932,0.850000000000014);
#4028=CIRCLE('',#10933,0.850000000000011);
#4029=CIRCLE('',#10934,1.79999999999999);
#4030=CIRCLE('',#10935,3.20000000000001);
#4031=CIRCLE('',#10936,11.2);
#4032=CIRCLE('',#10937,3.20000000000001);
#4033=CIRCLE('',#10938,3.20000000000001);
#4034=CIRCLE('',#10939,1.79999999999999);
#4035=CIRCLE('',#10940,1.79999999999999);
#4036=CIRCLE('',#10941,1.79999999999998);
#4037=CIRCLE('',#10942,1.79999999999999);
#4038=CIRCLE('',#10943,3.20000000000001);
#4039=CIRCLE('',#10944,3.20000000000001);
#4040=CIRCLE('',#10945,11.2);
#4041=CIRCLE('',#10950,0.750000000000001);
#4042=CIRCLE('',#10951,0.750000000000001);
#4043=CIRCLE('',#10953,0.750000000000001);
#4044=CIRCLE('',#10954,0.750000000000001);
#4045=CIRCLE('',#11017,1.5);
#4046=CIRCLE('',#11018,1.85);
#4047=CIRCLE('',#11020,1.5);
#4048=CIRCLE('',#11021,1.85000000000001);
#4049=CIRCLE('',#11023,2.55);
#4050=CIRCLE('',#11024,2.74999999999997);
#4051=CIRCLE('',#11026,1.5);
#4052=CIRCLE('',#11028,1.5);
#4053=CIRCLE('',#11030,0.799999999999999);
#4054=CIRCLE('',#11031,1.025);
#4055=CIRCLE('',#11033,0.799999999999999);
#4056=CIRCLE('',#11035,0.8);
#4057=CIRCLE('',#11036,1.025);
#4058=CIRCLE('',#11038,0.8);
#4059=CIRCLE('',#11040,0.799999999999999);
#4060=CIRCLE('',#11041,1.025);
#4061=CIRCLE('',#11043,0.799999999999999);
#4062=CIRCLE('',#11045,0.8);
#4063=CIRCLE('',#11046,1.025);
#4064=CIRCLE('',#11048,0.8);
#4065=CIRCLE('',#11050,2.55);
#4066=CIRCLE('',#11052,1.5);
#4067=CIRCLE('',#11053,1.75000000000002);
#4068=CIRCLE('',#11055,1.5);
#4069=CIRCLE('',#11056,1.5);
#4070=CIRCLE('',#11057,1.5);
#4071=CIRCLE('',#11059,11.5);
#4072=CIRCLE('',#11060,11.6);
#4073=CIRCLE('',#11062,1.24999999999999);
#4074=CIRCLE('',#11063,1.525);
#4075=CIRCLE('',#11065,1.24999999999999);
#4076=CIRCLE('',#11067,1.24999999999999);
#4077=CIRCLE('',#11068,1.525);
#4078=CIRCLE('',#11070,1.24999999999999);
#4079=CIRCLE('',#11072,1.24999999999999);
#4080=CIRCLE('',#11073,1.525);
#4081=CIRCLE('',#11075,1.24999999999999);
#4082=CIRCLE('',#11077,1.24999999999999);
#4083=CIRCLE('',#11078,1.525);
#4084=CIRCLE('',#11080,1.24999999999999);
#4085=CIRCLE('',#11082,1.5);
#4086=CIRCLE('',#11083,1.85000000000002);
#4087=CIRCLE('',#11085,1.5);
#4088=CIRCLE('',#11086,1.85000000000002);
#4089=CIRCLE('',#11088,1.5);
#4090=CIRCLE('',#11089,1.85000000000002);
#4091=CIRCLE('',#11091,1.5);
#4092=CIRCLE('',#11092,1.85);
#4093=CIRCLE('',#11094,1.24999999999999);
#4094=CIRCLE('',#11095,1.525);
#4095=CIRCLE('',#11097,1.25);
#4096=CIRCLE('',#11099,1.24999999999999);
#4097=CIRCLE('',#11100,1.525);
#4098=CIRCLE('',#11102,1.25);
#4099=CIRCLE('',#11104,1.24999999999999);
#4100=CIRCLE('',#11105,1.525);
#4101=CIRCLE('',#11107,1.25);
#4102=CIRCLE('',#11109,1.24999999999999);
#4103=CIRCLE('',#11110,1.525);
#4104=CIRCLE('',#11112,1.25);
#4105=CIRCLE('',#11114,1.5);
#4106=CIRCLE('',#11116,1.5);
#4107=CIRCLE('',#11118,1.24999999999999);
#4108=CIRCLE('',#11119,1.525);
#4109=CIRCLE('',#11121,1.25);
#4110=CIRCLE('',#11123,1.24999999999999);
#4111=CIRCLE('',#11124,1.525);
#4112=CIRCLE('',#11126,1.25);
#4113=CIRCLE('',#11128,1.24999999999999);
#4114=CIRCLE('',#11129,1.525);
#4115=CIRCLE('',#11131,1.25);
#4116=CIRCLE('',#11133,1.24999999999999);
#4117=CIRCLE('',#11134,1.525);
#4118=CIRCLE('',#11136,1.25);
#4119=CIRCLE('',#11138,1.5);
#4120=CIRCLE('',#11140,1.5);
#4121=CIRCLE('',#11142,1.24999999999999);
#4122=CIRCLE('',#11143,1.525);
#4123=CIRCLE('',#11145,1.25);
#4124=CIRCLE('',#11147,1.24999999999999);
#4125=CIRCLE('',#11148,1.525);
#4126=CIRCLE('',#11150,1.25);
#4127=CIRCLE('',#11152,1.24999999999999);
#4128=CIRCLE('',#11153,1.525);
#4129=CIRCLE('',#11155,1.25);
#4130=CIRCLE('',#11157,1.24999999999999);
#4131=CIRCLE('',#11158,1.525);
#4132=CIRCLE('',#11160,1.25);
#4133=CIRCLE('',#11162,11.5);
#4134=CIRCLE('',#11163,11.5);
#4135=CIRCLE('',#11167,1.80000000000001);
#4136=CIRCLE('',#11169,1.85);
#4137=CIRCLE('',#11174,0.650000000000011);
#4138=CIRCLE('',#11175,0.649999999999964);
#4139=CIRCLE('',#11176,2.09999999999998);
#4140=CIRCLE('',#11177,2.09999999999998);
#4141=CIRCLE('',#11178,2.90000000000002);
#4142=CIRCLE('',#11179,2.90000000000002);
#4143=CIRCLE('',#11180,2.90000000000002);
#4144=CIRCLE('',#11181,2.90000000000002);
#4145=CIRCLE('',#11182,2.09999999999998);
#4146=CIRCLE('',#11183,2.09999999999998);
#4147=CIRCLE('',#11184,2.09999999999998);
#4148=CIRCLE('',#11185,2.09999999999999);
#4149=CIRCLE('',#11186,2.90000000000002);
#4150=CIRCLE('',#11187,2.90000000000002);
#4151=CIRCLE('',#11188,11.6);
#4152=CIRCLE('',#11189,2.90000000000002);
#4153=CIRCLE('',#11190,2.90000000000002);
#4154=CIRCLE('',#11191,2.09999999999998);
#4155=CIRCLE('',#11192,2.09999999999998);
#4156=CIRCLE('',#11193,1.75000000000002);
#4157=CIRCLE('',#11194,1.75000000000002);
#4158=CIRCLE('',#11197,11.5);
#4159=CIRCLE('',#11201,3.);
#4160=CIRCLE('',#11202,3.);
#4161=CIRCLE('',#11204,3.);
#4162=CIRCLE('',#11205,3.);
#4163=CIRCLE('',#11207,3.);
#4164=CIRCLE('',#11208,3.);
#4165=CIRCLE('',#11210,3.);
#4166=CIRCLE('',#11211,3.);
#4167=CIRCLE('',#11218,1.85000000000002);
#4168=CIRCLE('',#11223,1.85);
#4169=CIRCLE('',#11225,1.5);
#4170=CIRCLE('',#11226,1.5);
#4171=CIRCLE('',#11230,1.5);
#4172=CIRCLE('',#11231,1.5);
#4173=CIRCLE('',#11255,0.75);
#4174=CIRCLE('',#11256,0.75);
#4175=CIRCLE('',#11257,2.);
#4176=CIRCLE('',#11258,2.);
#4177=CIRCLE('',#11259,3.);
#4178=CIRCLE('',#11260,3.);
#4179=CIRCLE('',#11261,2.);
#4180=CIRCLE('',#11262,2.);
#4181=CIRCLE('',#11263,2.);
#4182=CIRCLE('',#11264,2.);
#4183=CIRCLE('',#11265,3.);
#4184=CIRCLE('',#11266,3.);
#4185=CIRCLE('',#11267,2.);
#4186=CIRCLE('',#11268,2.);
#4187=CIRCLE('',#11276,2.);
#4188=CIRCLE('',#11278,2.);
#4189=CIRCLE('',#11280,2.);
#4190=CIRCLE('',#11282,2.);
#4191=CIRCLE('',#11284,2.);
#4192=CIRCLE('',#11286,2.);
#4193=CIRCLE('',#11288,2.);
#4194=CIRCLE('',#11290,2.);
#4195=CIRCLE('',#11294,3.);
#4196=CIRCLE('',#11296,3.);
#4197=CIRCLE('',#11298,3.);
#4198=CIRCLE('',#11300,3.);
#4199=CIRCLE('',#11330,1.5);
#4200=CIRCLE('',#11331,1.5);
#4201=CIRCLE('',#11332,1.5);
#4202=CIRCLE('',#11335,1.5);
#4203=CIRCLE('',#11336,1.5);
#4204=CIRCLE('',#11337,1.5);
#4205=CIRCLE('',#11345,1.5);
#4206=CIRCLE('',#11346,1.5);
#4207=CIRCLE('',#11351,0.75);
#4208=CIRCLE('',#11353,0.75);
#4209=CIRCLE('',#11398,2.5);
#4210=CIRCLE('',#11399,2.5);
#4211=CIRCLE('',#11400,2.5);
#4212=CIRCLE('',#11402,2.);
#4213=CIRCLE('',#11403,2.);
#4214=CIRCLE('',#11406,8.0125);
#4215=CIRCLE('',#11410,1.);
#4216=CIRCLE('',#11411,1.);
#4217=CIRCLE('',#11413,1.);
#4218=CIRCLE('',#11414,1.);
#4219=CIRCLE('',#11416,6.45244309892946);
#4220=CIRCLE('',#11417,6.45244309892946);
#4221=CIRCLE('',#11418,6.12227371922102);
#4222=CIRCLE('',#11419,2793.55530812972);
#4223=CIRCLE('',#11420,5.99978959022707);
#4224=CIRCLE('',#11421,5.68483040136413);
#4225=CIRCLE('',#11422,2387.51641505746);
#4226=CIRCLE('',#11423,5.56234627236307);
#4227=CIRCLE('',#11424,5.22760180922381);
#4228=CIRCLE('',#11425,5.22760180922629);
#4229=CIRCLE('',#11426,5.56234627236307);
#4230=CIRCLE('',#11427,2387.51641461342);
#4231=CIRCLE('',#11428,5.68483040136413);
#4232=CIRCLE('',#11429,5.99978959022707);
#4233=CIRCLE('',#11430,2793.55530836693);
#4234=CIRCLE('',#11431,6.12227371922102);
#4235=CIRCLE('',#11432,5.56234627236307);
#4236=CIRCLE('',#11433,2387.51641510114);
#4237=CIRCLE('',#11434,5.68483040136413);
#4238=CIRCLE('',#11435,2387.51641454085);
#4239=CIRCLE('',#11436,5.99978959022707);
#4240=CIRCLE('',#11437,2793.55530888069);
#4241=CIRCLE('',#11438,6.12227371922102);
#4242=CIRCLE('',#11439,2793.55530837419);
#4243=CIRCLE('',#11440,2586.48241212793);
#4244=CIRCLE('',#11441,5.78106793129508);
#4245=CIRCLE('',#11442,2586.48241201747);
#4246=CIRCLE('',#11443,5.90355206029614);
#4247=CIRCLE('',#11444,3008.49785474467);
#4248=CIRCLE('',#11445,6.21851124915196);
#4249=CIRCLE('',#11446,3008.49785497583);
#4250=CIRCLE('',#11447,6.34099537816014);
#4251=CIRCLE('',#11448,2196.18142635884);
#4252=CIRCLE('',#11449,5.34362461343818);
#4253=CIRCLE('',#11450,2196.1814263545);
#4254=CIRCLE('',#11451,5.46610874243925);
#4255=CIRCLE('',#11452,3008.49785480208);
#4256=CIRCLE('',#11453,6.21851124915196);
#4257=CIRCLE('',#11454,3008.49785462568);
#4258=CIRCLE('',#11455,6.34099537816014);
#4259=CIRCLE('',#11456,2196.18142625906);
#4260=CIRCLE('',#11457,5.34362461343818);
#4261=CIRCLE('',#11458,2196.1814262328);
#4262=CIRCLE('',#11459,5.46610874243925);
#4263=CIRCLE('',#11460,2586.4824122107);
#4264=CIRCLE('',#11461,5.78106793129508);
#4265=CIRCLE('',#11462,2586.48241177251);
#4266=CIRCLE('',#11463,5.90355206029614);
#4267=CIRCLE('',#11465,5.14438567382849);
#4268=CIRCLE('',#11469,5.36310733275702);
#4269=CIRCLE('',#11473,5.92303477961419);
#4270=CIRCLE('',#11477,5.48559146175704);
#4271=CIRCLE('',#11481,5.70431312068537);
#4272=CIRCLE('',#11485,5.26686980282852);
#4273=CIRCLE('',#11489,5.80055065061414);
#4274=CIRCLE('',#11491,6.00055065065491);
#4275=CIRCLE('',#11492,6.00055064720407);
#4276=CIRCLE('',#11495,3.20000000000001);
#4277=CIRCLE('',#11496,3.20000000000001);
#4278=CIRCLE('',#11498,3.20000000000001);
#4279=CIRCLE('',#11499,3.20000000000001);
#4280=CIRCLE('',#11501,3.2);
#4281=CIRCLE('',#11502,3.2);
#4282=CIRCLE('',#11504,3.45);
#4283=CIRCLE('',#11505,3.45);
#4284=CIRCLE('',#11507,5.95452938473022);
#4285=CIRCLE('',#11508,5.95434574778219);
#4286=CIRCLE('',#11509,5.95434574778219);
#4287=CIRCLE('',#11510,5.95457241124565);
#4288=CIRCLE('',#11511,4.5);
#4289=CIRCLE('',#11513,1.);
#4290=CIRCLE('',#11514,1.);
#4291=CIRCLE('',#11517,1.);
#4292=CIRCLE('',#11518,0.999999999999996);
#4293=CIRCLE('',#11520,1.);
#4294=CIRCLE('',#11521,1.);
#4295=CIRCLE('',#11523,6.);
#4296=CIRCLE('',#11524,4.5);
#4297=CIRCLE('',#11529,4.72950445928671);
#4298=CIRCLE('',#11530,4.7295044592867);
#4299=CIRCLE('',#11532,0.500000000334476);
#4300=CIRCLE('',#11533,0.500000000330587);
#4301=CIRCLE('',#11537,5.26686980282844);
#4302=CIRCLE('',#11541,6.21927230954672);
#4303=CIRCLE('',#11544,6.14175643854277);
#4304=CIRCLE('',#11548,5.5818289916856);
#4305=CIRCLE('',#11552,5.70431312068566);
#4306=CIRCLE('',#11556,5.48559146175704);
#4307=CIRCLE('',#11562,5.92303477961426);
#4308=CIRCLE('',#11565,5.95443645157954);
#4309=CIRCLE('',#11566,0.500000001219791);
#4310=CIRCLE('',#11569,6.00055065061836);
#4311=CIRCLE('',#11572,5.36310733275705);
#4312=CIRCLE('',#11577,5.58182899168562);
#4313=CIRCLE('',#11581,5.14438567382847);
#4314=CIRCLE('',#11585,6.21927230954671);
#4315=CIRCLE('',#11588,6.14175643854275);
#4316=CIRCLE('',#11591,3.20000000000001);
#4317=CIRCLE('',#11595,6.01927230954276);
#4318=CIRCLE('',#11597,3.20000000000001);
#4319=CIRCLE('',#11599,3.20000000000001);
#4320=CIRCLE('',#11601,3.20000000000001);
#4321=CIRCLE('',#11603,3.20000000000001);
#4322=CIRCLE('',#11608,5.80055065061423);
#4323=CIRCLE('',#11611,3.20000000000001);
#4324=CIRCLE('',#11613,3.20000000000001);
#4325=CIRCLE('',#11617,6.01927230954281);
#4326=CIRCLE('',#11619,3.20000000000001);
#4327=CIRCLE('',#11621,3.20000000000001);
#4328=CIRCLE('',#11626,3.20000000000001);
#4329=CIRCLE('',#11631,3.20000000000001);
#4330=CIRCLE('',#11636,3.20000000000001);
#4331=CIRCLE('',#11641,3.20000000000001);
#4332=CIRCLE('',#11653,3.20000000000001);
#4333=CIRCLE('',#11658,3.20000000000001);
#4334=CIRCLE('',#11663,3.20000000000001);
#4335=CIRCLE('',#11668,6.);
#4336=CIRCLE('',#11674,1.);
#4337=CIRCLE('',#11677,1.);
#4338=CIRCLE('',#11683,1.1);
#4339=CIRCLE('',#11684,1.1);
#4340=CIRCLE('',#11686,1.1);
#4341=CIRCLE('',#11687,1.1);
#4342=CIRCLE('',#11689,1.1);
#4343=CIRCLE('',#11690,1.1);
#4344=CIRCLE('',#11692,1.1);
#4345=CIRCLE('',#11693,1.1);
#4346=CIRCLE('',#11699,1.5);
#4347=CIRCLE('',#11700,1.5);
#4348=CIRCLE('',#11701,1.5);
#4349=CIRCLE('',#11702,1.5);
#4350=CIRCLE('',#11703,1.5);
#4351=CIRCLE('',#11704,1.5);
#4352=CIRCLE('',#11705,1.5);
#4353=CIRCLE('',#11706,1.5);
#4354=CIRCLE('',#11707,1.5);
#4355=CIRCLE('',#11708,1.5);
#4356=CIRCLE('',#11709,1.5);
#4357=CIRCLE('',#11710,1.5);
#4358=CIRCLE('',#11712,1.5);
#4359=CIRCLE('',#11713,1.5);
#4360=CIRCLE('',#11714,1.5);
#4361=CIRCLE('',#11715,1.5);
#4362=CIRCLE('',#11719,1.5);
#4363=CIRCLE('',#11720,1.5);
#4364=CIRCLE('',#11721,1.5);
#4365=CIRCLE('',#11722,1.5);
#4366=CIRCLE('',#11726,1.5);
#4367=CIRCLE('',#11727,1.5);
#4368=CIRCLE('',#11728,1.5);
#4369=CIRCLE('',#11729,1.5);
#4370=CIRCLE('',#11733,1.5);
#4371=CIRCLE('',#11734,1.5);
#4372=CIRCLE('',#11735,1.5);
#4373=CIRCLE('',#11736,1.5);
#4374=CIRCLE('',#11740,1.5);
#4375=CIRCLE('',#11741,1.5);
#4376=CIRCLE('',#11742,1.5);
#4377=CIRCLE('',#11743,1.5);
#4378=CIRCLE('',#11762,1.);
#4379=CIRCLE('',#11763,0.899999999999998);
#4380=CIRCLE('',#11765,1.6);
#4381=CIRCLE('',#11766,1.6);
#4382=CIRCLE('',#11767,0.25);
#4383=CIRCLE('',#11768,1.35);
#4384=CIRCLE('',#11770,1.);
#4385=CIRCLE('',#11772,1.6);
#4386=CIRCLE('',#11778,1.);
#4387=CIRCLE('',#11779,0.899999999999996);
#4388=CIRCLE('',#11781,1.9);
#4389=CIRCLE('',#11782,1.9);
#4390=CIRCLE('',#11783,0.25);
#4391=CIRCLE('',#11784,1.65);
#4392=CIRCLE('',#11786,1.);
#4393=CIRCLE('',#11788,1.9);
#4394=CIRCLE('',#11794,1.25);
#4395=CIRCLE('',#11795,1.25);
#4396=CIRCLE('',#11797,1.8);
#4397=CIRCLE('',#11798,0.1);
#4398=CIRCLE('',#11799,1.9);
#4399=CIRCLE('',#11800,1.9);
#4400=CIRCLE('',#11802,1.9);
#4401=CIRCLE('',#11808,1.);
#4402=CIRCLE('',#11809,1.);
#4403=CIRCLE('',#11811,2.);
#4404=CIRCLE('',#11812,2.);
#4405=CIRCLE('',#11818,1.);
#4406=CIRCLE('',#11819,1.);
#4407=CIRCLE('',#11821,1.);
#4408=CIRCLE('',#11822,1.);
#4409=CIRCLE('',#11828,0.5);
#4410=CIRCLE('',#11829,0.5);
#4411=CIRCLE('',#11832,0.5);
#4412=CIRCLE('',#11833,0.5);
#4413=VERTEX_POINT('',#15127);
#4414=VERTEX_POINT('',#15128);
#4415=VERTEX_POINT('',#15130);
#4416=VERTEX_POINT('',#15132);
#4417=VERTEX_POINT('',#15136);
#4418=VERTEX_POINT('',#15137);
#4419=VERTEX_POINT('',#15139);
#4420=VERTEX_POINT('',#15141);
#4421=VERTEX_POINT('',#15145);
#4422=VERTEX_POINT('',#15146);
#4423=VERTEX_POINT('',#15149);
#4424=VERTEX_POINT('',#15153);
#4425=VERTEX_POINT('',#15154);
#4426=VERTEX_POINT('',#15157);
#4427=VERTEX_POINT('',#15161);
#4428=VERTEX_POINT('',#15165);
#4429=VERTEX_POINT('',#15169);
#4430=VERTEX_POINT('',#15171);
#4431=VERTEX_POINT('',#15175);
#4432=VERTEX_POINT('',#15177);
#4433=VERTEX_POINT('',#15181);
#4434=VERTEX_POINT('',#15182);
#4435=VERTEX_POINT('',#15184);
#4436=VERTEX_POINT('',#15186);
#4437=VERTEX_POINT('',#15190);
#4438=VERTEX_POINT('',#15191);
#4439=VERTEX_POINT('',#15193);
#4440=VERTEX_POINT('',#15195);
#4441=VERTEX_POINT('',#15199);
#4442=VERTEX_POINT('',#15200);
#4443=VERTEX_POINT('',#15202);
#4444=VERTEX_POINT('',#15204);
#4445=VERTEX_POINT('',#15208);
#4446=VERTEX_POINT('',#15209);
#4447=VERTEX_POINT('',#15211);
#4448=VERTEX_POINT('',#15213);
#4449=VERTEX_POINT('',#15217);
#4450=VERTEX_POINT('',#15218);
#4451=VERTEX_POINT('',#15220);
#4452=VERTEX_POINT('',#15223);
#4453=VERTEX_POINT('',#15225);
#4454=VERTEX_POINT('',#15227);
#4455=VERTEX_POINT('',#15229);
#4456=VERTEX_POINT('',#15231);
#4457=VERTEX_POINT('',#15233);
#4458=VERTEX_POINT('',#15237);
#4459=VERTEX_POINT('',#15238);
#4460=VERTEX_POINT('',#15240);
#4461=VERTEX_POINT('',#15242);
#4462=VERTEX_POINT('',#15244);
#4463=VERTEX_POINT('',#15246);
#4464=VERTEX_POINT('',#15249);
#4465=VERTEX_POINT('',#15251);
#4466=VERTEX_POINT('',#15253);
#4467=VERTEX_POINT('',#15257);
#4468=VERTEX_POINT('',#15258);
#4469=VERTEX_POINT('',#15261);
#4470=VERTEX_POINT('',#15263);
#4471=VERTEX_POINT('',#15266);
#4472=VERTEX_POINT('',#15268);
#4473=VERTEX_POINT('',#15270);
#4474=VERTEX_POINT('',#15272);
#4475=VERTEX_POINT('',#15276);
#4476=VERTEX_POINT('',#15277);
#4477=VERTEX_POINT('',#15284);
#4478=VERTEX_POINT('',#15285);
#4479=VERTEX_POINT('',#15289);
#4480=VERTEX_POINT('',#15291);
#4481=VERTEX_POINT('',#15294);
#4482=VERTEX_POINT('',#15296);
#4483=VERTEX_POINT('',#15301);
#4484=VERTEX_POINT('',#15303);
#4485=VERTEX_POINT('',#15305);
#4486=VERTEX_POINT('',#15308);
#4487=VERTEX_POINT('',#15310);
#4488=VERTEX_POINT('',#15322);
#4489=VERTEX_POINT('',#15324);
#4490=VERTEX_POINT('',#15326);
#4491=VERTEX_POINT('',#15329);
#4492=VERTEX_POINT('',#15331);
#4493=VERTEX_POINT('',#15341);
#4494=VERTEX_POINT('',#15344);
#4495=VERTEX_POINT('',#15348);
#4496=VERTEX_POINT('',#15350);
#4497=VERTEX_POINT('',#15354);
#4498=VERTEX_POINT('',#15355);
#4499=VERTEX_POINT('',#15360);
#4500=VERTEX_POINT('',#15363);
#4501=VERTEX_POINT('',#15367);
#4502=VERTEX_POINT('',#15369);
#4503=VERTEX_POINT('',#15373);
#4504=VERTEX_POINT('',#15374);
#4505=VERTEX_POINT('',#15379);
#4506=VERTEX_POINT('',#15380);
#4507=VERTEX_POINT('',#15382);
#4508=VERTEX_POINT('',#15385);
#4509=VERTEX_POINT('',#15389);
#4510=VERTEX_POINT('',#15391);
#4511=VERTEX_POINT('',#15395);
#4512=VERTEX_POINT('',#15397);
#4513=VERTEX_POINT('',#15401);
#4514=VERTEX_POINT('',#15403);
#4515=VERTEX_POINT('',#15407);
#4516=VERTEX_POINT('',#15408);
#4517=VERTEX_POINT('',#15410);
#4518=VERTEX_POINT('',#15413);
#4519=VERTEX_POINT('',#15417);
#4520=VERTEX_POINT('',#15419);
#4521=VERTEX_POINT('',#15423);
#4522=VERTEX_POINT('',#15425);
#4523=VERTEX_POINT('',#15429);
#4524=VERTEX_POINT('',#15430);
#4525=VERTEX_POINT('',#15494);
#4526=VERTEX_POINT('',#15496);
#4527=VERTEX_POINT('',#15500);
#4528=VERTEX_POINT('',#15502);
#4529=VERTEX_POINT('',#15506);
#4530=VERTEX_POINT('',#15508);
#4531=VERTEX_POINT('',#15512);
#4532=VERTEX_POINT('',#15514);
#4533=VERTEX_POINT('',#15518);
#4534=VERTEX_POINT('',#15519);
#4535=VERTEX_POINT('',#15521);
#4536=VERTEX_POINT('',#15523);
#4537=VERTEX_POINT('',#15527);
#4538=VERTEX_POINT('',#15529);
#4539=VERTEX_POINT('',#15533);
#4540=VERTEX_POINT('',#15534);
#4541=VERTEX_POINT('',#15536);
#4542=VERTEX_POINT('',#15538);
#4543=VERTEX_POINT('',#15542);
#4544=VERTEX_POINT('',#15544);
#4545=VERTEX_POINT('',#15548);
#4546=VERTEX_POINT('',#15549);
#4547=VERTEX_POINT('',#15552);
#4548=VERTEX_POINT('',#15556);
#4549=VERTEX_POINT('',#15557);
#4550=VERTEX_POINT('',#15560);
#4551=VERTEX_POINT('',#15564);
#4552=VERTEX_POINT('',#15565);
#4553=VERTEX_POINT('',#15568);
#4554=VERTEX_POINT('',#15572);
#4555=VERTEX_POINT('',#15573);
#4556=VERTEX_POINT('',#15576);
#4557=VERTEX_POINT('',#15580);
#4558=VERTEX_POINT('',#15581);
#4559=VERTEX_POINT('',#15583);
#4560=VERTEX_POINT('',#15585);
#4561=VERTEX_POINT('',#15589);
#4562=VERTEX_POINT('',#15591);
#4563=VERTEX_POINT('',#15595);
#4564=VERTEX_POINT('',#15596);
#4565=VERTEX_POINT('',#15598);
#4566=VERTEX_POINT('',#15600);
#4567=VERTEX_POINT('',#15604);
#4568=VERTEX_POINT('',#15606);
#4569=VERTEX_POINT('',#15618);
#4570=VERTEX_POINT('',#15619);
#4571=VERTEX_POINT('',#15624);
#4572=VERTEX_POINT('',#15626);
#4573=VERTEX_POINT('',#15630);
#4574=VERTEX_POINT('',#15632);
#4575=VERTEX_POINT('',#15636);
#4576=VERTEX_POINT('',#15637);
#4577=VERTEX_POINT('',#15642);
#4578=VERTEX_POINT('',#15643);
#4579=VERTEX_POINT('',#15645);
#4580=VERTEX_POINT('',#15647);
#4581=VERTEX_POINT('',#15651);
#4582=VERTEX_POINT('',#15653);
#4583=VERTEX_POINT('',#15657);
#4584=VERTEX_POINT('',#15659);
#4585=VERTEX_POINT('',#15663);
#4586=VERTEX_POINT('',#15665);
#4587=VERTEX_POINT('',#15669);
#4588=VERTEX_POINT('',#15671);
#4589=VERTEX_POINT('',#15675);
#4590=VERTEX_POINT('',#15682);
#4591=VERTEX_POINT('',#15684);
#4592=VERTEX_POINT('',#15688);
#4593=VERTEX_POINT('',#15690);
#4594=VERTEX_POINT('',#15694);
#4595=VERTEX_POINT('',#15696);
#4596=VERTEX_POINT('',#15700);
#4597=VERTEX_POINT('',#15702);
#4598=VERTEX_POINT('',#15709);
#4599=VERTEX_POINT('',#15713);
#4600=VERTEX_POINT('',#15715);
#4601=VERTEX_POINT('',#15719);
#4602=VERTEX_POINT('',#15721);
#4603=VERTEX_POINT('',#15725);
#4604=VERTEX_POINT('',#15727);
#4605=VERTEX_POINT('',#15731);
#4606=VERTEX_POINT('',#15733);
#4607=VERTEX_POINT('',#15740);
#4608=VERTEX_POINT('',#15744);
#4609=VERTEX_POINT('',#15746);
#4610=VERTEX_POINT('',#15750);
#4611=VERTEX_POINT('',#15752);
#4612=VERTEX_POINT('',#15756);
#4613=VERTEX_POINT('',#15758);
#4614=VERTEX_POINT('',#15762);
#4615=VERTEX_POINT('',#15764);
#4616=VERTEX_POINT('',#15769);
#4617=VERTEX_POINT('',#15775);
#4618=VERTEX_POINT('',#15776);
#4619=VERTEX_POINT('',#15778);
#4620=VERTEX_POINT('',#15780);
#4621=VERTEX_POINT('',#15782);
#4622=VERTEX_POINT('',#15784);
#4623=VERTEX_POINT('',#15786);
#4624=VERTEX_POINT('',#15788);
#4625=VERTEX_POINT('',#15791);
#4626=VERTEX_POINT('',#15793);
#4627=VERTEX_POINT('',#15795);
#4628=VERTEX_POINT('',#15797);
#4629=VERTEX_POINT('',#15800);
#4630=VERTEX_POINT('',#15802);
#4631=VERTEX_POINT('',#15804);
#4632=VERTEX_POINT('',#15806);
#4633=VERTEX_POINT('',#15808);
#4634=VERTEX_POINT('',#15810);
#4635=VERTEX_POINT('',#15812);
#4636=VERTEX_POINT('',#15814);
#4637=VERTEX_POINT('',#15816);
#4638=VERTEX_POINT('',#15818);
#4639=VERTEX_POINT('',#15820);
#4640=VERTEX_POINT('',#15822);
#4641=VERTEX_POINT('',#15824);
#4642=VERTEX_POINT('',#15826);
#4643=VERTEX_POINT('',#15828);
#4644=VERTEX_POINT('',#15830);
#4645=VERTEX_POINT('',#15834);
#4646=VERTEX_POINT('',#15835);
#4647=VERTEX_POINT('',#15838);
#4648=VERTEX_POINT('',#15840);
#4649=VERTEX_POINT('',#15842);
#4650=VERTEX_POINT('',#15844);
#4651=VERTEX_POINT('',#15846);
#4652=VERTEX_POINT('',#15848);
#4653=VERTEX_POINT('',#15850);
#4654=VERTEX_POINT('',#15852);
#4655=VERTEX_POINT('',#15854);
#4656=VERTEX_POINT('',#15856);
#4657=VERTEX_POINT('',#15859);
#4658=VERTEX_POINT('',#15861);
#4659=VERTEX_POINT('',#15863);
#4660=VERTEX_POINT('',#15865);
#4661=VERTEX_POINT('',#15867);
#4662=VERTEX_POINT('',#15869);
#4663=VERTEX_POINT('',#15871);
#4664=VERTEX_POINT('',#15873);
#4665=VERTEX_POINT('',#15875);
#4666=VERTEX_POINT('',#15877);
#4667=VERTEX_POINT('',#15879);
#4668=VERTEX_POINT('',#15881);
#4669=VERTEX_POINT('',#15883);
#4670=VERTEX_POINT('',#15885);
#4671=VERTEX_POINT('',#15887);
#4672=VERTEX_POINT('',#15889);
#4673=VERTEX_POINT('',#15893);
#4674=VERTEX_POINT('',#15894);
#4675=VERTEX_POINT('',#15896);
#4676=VERTEX_POINT('',#15898);
#4677=VERTEX_POINT('',#15902);
#4678=VERTEX_POINT('',#15903);
#4679=VERTEX_POINT('',#15908);
#4680=VERTEX_POINT('',#15909);
#4681=VERTEX_POINT('',#16037);
#4682=VERTEX_POINT('',#16038);
#4683=VERTEX_POINT('',#16040);
#4684=VERTEX_POINT('',#16042);
#4685=VERTEX_POINT('',#16046);
#4686=VERTEX_POINT('',#16048);
#4687=VERTEX_POINT('',#16052);
#4688=VERTEX_POINT('',#16054);
#4689=VERTEX_POINT('',#16058);
#4690=VERTEX_POINT('',#16062);
#4691=VERTEX_POINT('',#16063);
#4692=VERTEX_POINT('',#16068);
#4693=VERTEX_POINT('',#16070);
#4694=VERTEX_POINT('',#16074);
#4695=VERTEX_POINT('',#16078);
#4696=VERTEX_POINT('',#16080);
#4697=VERTEX_POINT('',#16084);
#4698=VERTEX_POINT('',#16088);
#4699=VERTEX_POINT('',#16090);
#4700=VERTEX_POINT('',#16094);
#4701=VERTEX_POINT('',#16098);
#4702=VERTEX_POINT('',#16100);
#4703=VERTEX_POINT('',#16104);
#4704=VERTEX_POINT('',#16108);
#4705=VERTEX_POINT('',#16112);
#4706=VERTEX_POINT('',#16114);
#4707=VERTEX_POINT('',#16118);
#4708=VERTEX_POINT('',#16119);
#4709=VERTEX_POINT('',#16121);
#4710=VERTEX_POINT('',#16123);
#4711=VERTEX_POINT('',#16126);
#4712=VERTEX_POINT('',#16130);
#4713=VERTEX_POINT('',#16131);
#4714=VERTEX_POINT('',#16133);
#4715=VERTEX_POINT('',#16135);
#4716=VERTEX_POINT('',#16139);
#4717=VERTEX_POINT('',#16141);
#4718=VERTEX_POINT('',#16145);
#4719=VERTEX_POINT('',#16149);
#4720=VERTEX_POINT('',#16151);
#4721=VERTEX_POINT('',#16155);
#4722=VERTEX_POINT('',#16159);
#4723=VERTEX_POINT('',#16161);
#4724=VERTEX_POINT('',#16165);
#4725=VERTEX_POINT('',#16169);
#4726=VERTEX_POINT('',#16171);
#4727=VERTEX_POINT('',#16175);
#4728=VERTEX_POINT('',#16179);
#4729=VERTEX_POINT('',#16181);
#4730=VERTEX_POINT('',#16185);
#4731=VERTEX_POINT('',#16186);
#4732=VERTEX_POINT('',#16188);
#4733=VERTEX_POINT('',#16190);
#4734=VERTEX_POINT('',#16194);
#4735=VERTEX_POINT('',#16196);
#4736=VERTEX_POINT('',#16200);
#4737=VERTEX_POINT('',#16201);
#4738=VERTEX_POINT('',#16203);
#4739=VERTEX_POINT('',#16205);
#4740=VERTEX_POINT('',#16209);
#4741=VERTEX_POINT('',#16211);
#4742=VERTEX_POINT('',#16215);
#4743=VERTEX_POINT('',#16219);
#4744=VERTEX_POINT('',#16221);
#4745=VERTEX_POINT('',#16225);
#4746=VERTEX_POINT('',#16229);
#4747=VERTEX_POINT('',#16231);
#4748=VERTEX_POINT('',#16235);
#4749=VERTEX_POINT('',#16239);
#4750=VERTEX_POINT('',#16241);
#4751=VERTEX_POINT('',#16245);
#4752=VERTEX_POINT('',#16249);
#4753=VERTEX_POINT('',#16250);
#4754=VERTEX_POINT('',#16255);
#4755=VERTEX_POINT('',#16259);
#4756=VERTEX_POINT('',#16261);
#4757=VERTEX_POINT('',#16265);
#4758=VERTEX_POINT('',#16269);
#4759=VERTEX_POINT('',#16271);
#4760=VERTEX_POINT('',#16275);
#4761=VERTEX_POINT('',#16279);
#4762=VERTEX_POINT('',#16281);
#4763=VERTEX_POINT('',#16285);
#4764=VERTEX_POINT('',#16289);
#4765=VERTEX_POINT('',#16291);
#4766=VERTEX_POINT('',#16295);
#4767=VERTEX_POINT('',#16299);
#4768=VERTEX_POINT('',#16300);
#4769=VERTEX_POINT('',#16305);
#4770=VERTEX_POINT('',#16309);
#4771=VERTEX_POINT('',#16311);
#4772=VERTEX_POINT('',#16315);
#4773=VERTEX_POINT('',#16319);
#4774=VERTEX_POINT('',#16321);
#4775=VERTEX_POINT('',#16325);
#4776=VERTEX_POINT('',#16329);
#4777=VERTEX_POINT('',#16331);
#4778=VERTEX_POINT('',#16335);
#4779=VERTEX_POINT('',#16339);
#4780=VERTEX_POINT('',#16341);
#4781=VERTEX_POINT('',#16345);
#4782=VERTEX_POINT('',#16349);
#4783=VERTEX_POINT('',#16350);
#4784=VERTEX_POINT('',#16352);
#4785=VERTEX_POINT('',#16354);
#4786=VERTEX_POINT('',#16358);
#4787=VERTEX_POINT('',#16359);
#4788=VERTEX_POINT('',#16361);
#4789=VERTEX_POINT('',#16363);
#4790=VERTEX_POINT('',#16367);
#4791=VERTEX_POINT('',#16368);
#4792=VERTEX_POINT('',#16370);
#4793=VERTEX_POINT('',#16372);
#4794=VERTEX_POINT('',#16376);
#4795=VERTEX_POINT('',#16377);
#4796=VERTEX_POINT('',#16383);
#4797=VERTEX_POINT('',#16384);
#4798=VERTEX_POINT('',#16386);
#4799=VERTEX_POINT('',#16388);
#4800=VERTEX_POINT('',#16391);
#4801=VERTEX_POINT('',#16393);
#4802=VERTEX_POINT('',#16397);
#4803=VERTEX_POINT('',#16398);
#4804=VERTEX_POINT('',#16400);
#4805=VERTEX_POINT('',#16402);
#4806=VERTEX_POINT('',#16406);
#4807=VERTEX_POINT('',#16408);
#4808=VERTEX_POINT('',#16412);
#4809=VERTEX_POINT('',#16413);
#4810=VERTEX_POINT('',#16415);
#4811=VERTEX_POINT('',#16417);
#4812=VERTEX_POINT('',#16421);
#4813=VERTEX_POINT('',#16423);
#4814=VERTEX_POINT('',#16425);
#4815=VERTEX_POINT('',#16427);
#4816=VERTEX_POINT('',#16429);
#4817=VERTEX_POINT('',#16431);
#4818=VERTEX_POINT('',#16433);
#4819=VERTEX_POINT('',#16435);
#4820=VERTEX_POINT('',#16437);
#4821=VERTEX_POINT('',#16439);
#4822=VERTEX_POINT('',#16441);
#4823=VERTEX_POINT('',#16443);
#4824=VERTEX_POINT('',#16445);
#4825=VERTEX_POINT('',#16448);
#4826=VERTEX_POINT('',#16450);
#4827=VERTEX_POINT('',#16453);
#4828=VERTEX_POINT('',#16455);
#4829=VERTEX_POINT('',#16457);
#4830=VERTEX_POINT('',#16459);
#4831=VERTEX_POINT('',#16461);
#4832=VERTEX_POINT('',#16463);
#4833=VERTEX_POINT('',#16465);
#4834=VERTEX_POINT('',#16467);
#4835=VERTEX_POINT('',#16469);
#4836=VERTEX_POINT('',#16471);
#4837=VERTEX_POINT('',#16473);
#4838=VERTEX_POINT('',#16475);
#4839=VERTEX_POINT('',#16477);
#4840=VERTEX_POINT('',#16479);
#4841=VERTEX_POINT('',#16481);
#4842=VERTEX_POINT('',#16483);
#4843=VERTEX_POINT('',#16485);
#4844=VERTEX_POINT('',#16487);
#4845=VERTEX_POINT('',#16489);
#4846=VERTEX_POINT('',#16491);
#4847=VERTEX_POINT('',#16494);
#4848=VERTEX_POINT('',#16496);
#4849=VERTEX_POINT('',#16498);
#4850=VERTEX_POINT('',#16500);
#4851=VERTEX_POINT('',#16502);
#4852=VERTEX_POINT('',#16504);
#4853=VERTEX_POINT('',#16506);
#4854=VERTEX_POINT('',#16508);
#4855=VERTEX_POINT('',#16510);
#4856=VERTEX_POINT('',#16512);
#4857=VERTEX_POINT('',#16514);
#4858=VERTEX_POINT('',#16516);
#4859=VERTEX_POINT('',#16518);
#4860=VERTEX_POINT('',#16520);
#4861=VERTEX_POINT('',#16522);
#4862=VERTEX_POINT('',#16524);
#4863=VERTEX_POINT('',#16526);
#4864=VERTEX_POINT('',#16528);
#4865=VERTEX_POINT('',#16530);
#4866=VERTEX_POINT('',#16532);
#4867=VERTEX_POINT('',#16534);
#4868=VERTEX_POINT('',#16537);
#4869=VERTEX_POINT('',#16538);
#4870=VERTEX_POINT('',#16540);
#4871=VERTEX_POINT('',#16542);
#4872=VERTEX_POINT('',#16546);
#4873=VERTEX_POINT('',#16548);
#4874=VERTEX_POINT('',#16552);
#4875=VERTEX_POINT('',#16554);
#4876=VERTEX_POINT('',#16558);
#4877=VERTEX_POINT('',#16559);
#4878=VERTEX_POINT('',#16561);
#4879=VERTEX_POINT('',#16563);
#4880=VERTEX_POINT('',#16567);
#4881=VERTEX_POINT('',#16568);
#4882=VERTEX_POINT('',#16570);
#4883=VERTEX_POINT('',#16572);
#4884=VERTEX_POINT('',#16576);
#4885=VERTEX_POINT('',#16577);
#4886=VERTEX_POINT('',#16579);
#4887=VERTEX_POINT('',#16581);
#4888=VERTEX_POINT('',#16585);
#4889=VERTEX_POINT('',#16587);
#4890=VERTEX_POINT('',#16591);
#4891=VERTEX_POINT('',#16593);
#4892=VERTEX_POINT('',#16597);
#4893=VERTEX_POINT('',#16598);
#4894=VERTEX_POINT('',#16600);
#4895=VERTEX_POINT('',#16602);
#4896=VERTEX_POINT('',#16606);
#4897=VERTEX_POINT('',#16608);
#4898=VERTEX_POINT('',#16611);
#4899=VERTEX_POINT('',#16613);
#4900=VERTEX_POINT('',#16615);
#4901=VERTEX_POINT('',#16617);
#4902=VERTEX_POINT('',#16619);
#4903=VERTEX_POINT('',#16621);
#4904=VERTEX_POINT('',#16623);
#4905=VERTEX_POINT('',#16625);
#4906=VERTEX_POINT('',#16627);
#4907=VERTEX_POINT('',#16629);
#4908=VERTEX_POINT('',#16631);
#4909=VERTEX_POINT('',#16633);
#4910=VERTEX_POINT('',#16635);
#4911=VERTEX_POINT('',#16637);
#4912=VERTEX_POINT('',#16639);
#4913=VERTEX_POINT('',#16641);
#4914=VERTEX_POINT('',#16643);
#4915=VERTEX_POINT('',#16645);
#4916=VERTEX_POINT('',#16647);
#4917=VERTEX_POINT('',#16649);
#4918=VERTEX_POINT('',#16651);
#4919=VERTEX_POINT('',#16653);
#4920=VERTEX_POINT('',#16673);
#4921=VERTEX_POINT('',#16675);
#4922=VERTEX_POINT('',#16688);
#4923=VERTEX_POINT('',#16690);
#4924=VERTEX_POINT('',#16694);
#4925=VERTEX_POINT('',#16695);
#4926=VERTEX_POINT('',#16697);
#4927=VERTEX_POINT('',#16699);
#4928=VERTEX_POINT('',#16709);
#4929=VERTEX_POINT('',#16710);
#4930=VERTEX_POINT('',#16712);
#4931=VERTEX_POINT('',#16714);
#4932=VERTEX_POINT('',#16756);
#4933=VERTEX_POINT('',#16759);
#4934=VERTEX_POINT('',#16761);
#4935=VERTEX_POINT('',#16765);
#4936=VERTEX_POINT('',#16768);
#4937=VERTEX_POINT('',#16770);
#4938=VERTEX_POINT('',#16772);
#4939=VERTEX_POINT('',#16774);
#4940=VERTEX_POINT('',#16776);
#4941=VERTEX_POINT('',#16778);
#4942=VERTEX_POINT('',#16782);
#4943=VERTEX_POINT('',#16785);
#4944=VERTEX_POINT('',#16787);
#4945=VERTEX_POINT('',#16789);
#4946=VERTEX_POINT('',#16793);
#4947=VERTEX_POINT('',#16795);
#4948=VERTEX_POINT('',#16799);
#4949=VERTEX_POINT('',#16800);
#4950=VERTEX_POINT('',#16805);
#4951=VERTEX_POINT('',#16807);
#4952=VERTEX_POINT('',#16811);
#4953=VERTEX_POINT('',#16813);
#4954=VERTEX_POINT('',#16817);
#4955=VERTEX_POINT('',#16818);
#4956=VERTEX_POINT('',#16824);
#4957=VERTEX_POINT('',#16826);
#4958=VERTEX_POINT('',#16846);
#4959=VERTEX_POINT('',#16850);
#4960=VERTEX_POINT('',#16915);
#4961=VERTEX_POINT('',#16916);
#4962=VERTEX_POINT('',#16918);
#4963=VERTEX_POINT('',#16920);
#4964=VERTEX_POINT('',#16924);
#4965=VERTEX_POINT('',#16925);
#4966=VERTEX_POINT('',#16927);
#4967=VERTEX_POINT('',#16929);
#4968=VERTEX_POINT('',#16934);
#4969=VERTEX_POINT('',#16936);
#4970=VERTEX_POINT('',#16940);
#4971=VERTEX_POINT('',#16942);
#4972=VERTEX_POINT('',#16959);
#4973=VERTEX_POINT('',#16960);
#4974=VERTEX_POINT('',#16962);
#4975=VERTEX_POINT('',#16964);
#4976=VERTEX_POINT('',#17030);
#4977=VERTEX_POINT('',#17032);
#4978=VERTEX_POINT('',#17034);
#4979=VERTEX_POINT('',#17038);
#4980=VERTEX_POINT('',#17040);
#4981=VERTEX_POINT('',#17045);
#4982=VERTEX_POINT('',#17050);
#4983=VERTEX_POINT('',#17051);
#4984=VERTEX_POINT('',#17053);
#4985=VERTEX_POINT('',#17055);
#4986=VERTEX_POINT('',#17059);
#4987=VERTEX_POINT('',#17060);
#4988=VERTEX_POINT('',#17062);
#4989=VERTEX_POINT('',#17064);
#4990=VERTEX_POINT('',#17068);
#4991=VERTEX_POINT('',#17069);
#4992=VERTEX_POINT('',#17072);
#4993=VERTEX_POINT('',#17074);
#4994=VERTEX_POINT('',#17076);
#4995=VERTEX_POINT('',#17078);
#4996=VERTEX_POINT('',#17080);
#4997=VERTEX_POINT('',#17082);
#4998=VERTEX_POINT('',#17084);
#4999=VERTEX_POINT('',#17086);
#5000=VERTEX_POINT('',#17088);
#5001=VERTEX_POINT('',#17090);
#5002=VERTEX_POINT('',#17093);
#5003=VERTEX_POINT('',#17095);
#5004=VERTEX_POINT('',#17098);
#5005=VERTEX_POINT('',#17100);
#5006=VERTEX_POINT('',#17103);
#5007=VERTEX_POINT('',#17104);
#5008=VERTEX_POINT('',#17106);
#5009=VERTEX_POINT('',#17108);
#5010=VERTEX_POINT('',#17111);
#5011=VERTEX_POINT('',#17112);
#5012=VERTEX_POINT('',#17114);
#5013=VERTEX_POINT('',#17116);
#5014=VERTEX_POINT('',#17119);
#5015=VERTEX_POINT('',#17120);
#5016=VERTEX_POINT('',#17122);
#5017=VERTEX_POINT('',#17124);
#5018=VERTEX_POINT('',#17127);
#5019=VERTEX_POINT('',#17128);
#5020=VERTEX_POINT('',#17130);
#5021=VERTEX_POINT('',#17132);
#5022=VERTEX_POINT('',#17135);
#5023=VERTEX_POINT('',#17136);
#5024=VERTEX_POINT('',#17138);
#5025=VERTEX_POINT('',#17140);
#5026=VERTEX_POINT('',#17143);
#5027=VERTEX_POINT('',#17144);
#5028=VERTEX_POINT('',#17146);
#5029=VERTEX_POINT('',#17148);
#5030=VERTEX_POINT('',#17151);
#5031=VERTEX_POINT('',#17152);
#5032=VERTEX_POINT('',#17154);
#5033=VERTEX_POINT('',#17156);
#5034=VERTEX_POINT('',#17159);
#5035=VERTEX_POINT('',#17160);
#5036=VERTEX_POINT('',#17162);
#5037=VERTEX_POINT('',#17164);
#5038=VERTEX_POINT('',#17168);
#5039=VERTEX_POINT('',#17169);
#5040=VERTEX_POINT('',#17171);
#5041=VERTEX_POINT('',#17187);
#5042=VERTEX_POINT('',#17204);
#5043=VERTEX_POINT('',#17205);
#5044=VERTEX_POINT('',#17207);
#5045=VERTEX_POINT('',#17223);
#5046=VERTEX_POINT('',#17240);
#5047=VERTEX_POINT('',#17241);
#5048=VERTEX_POINT('',#17243);
#5049=VERTEX_POINT('',#17259);
#5050=VERTEX_POINT('',#17276);
#5051=VERTEX_POINT('',#17277);
#5052=VERTEX_POINT('',#17279);
#5053=VERTEX_POINT('',#17295);
#5054=VERTEX_POINT('',#17312);
#5055=VERTEX_POINT('',#17313);
#5056=VERTEX_POINT('',#17315);
#5057=VERTEX_POINT('',#17331);
#5058=VERTEX_POINT('',#17348);
#5059=VERTEX_POINT('',#17349);
#5060=VERTEX_POINT('',#17351);
#5061=VERTEX_POINT('',#17367);
#5062=VERTEX_POINT('',#17384);
#5063=VERTEX_POINT('',#17385);
#5064=VERTEX_POINT('',#17387);
#5065=VERTEX_POINT('',#17389);
#5066=VERTEX_POINT('',#17396);
#5067=VERTEX_POINT('',#17398);
#5068=VERTEX_POINT('',#17400);
#5069=VERTEX_POINT('',#17409);
#5070=VERTEX_POINT('',#17410);
#5071=VERTEX_POINT('',#17412);
#5072=VERTEX_POINT('',#17414);
#5073=VERTEX_POINT('',#17418);
#5074=VERTEX_POINT('',#17419);
#5075=VERTEX_POINT('',#17421);
#5076=VERTEX_POINT('',#17423);
#5077=VERTEX_POINT('',#17427);
#5078=VERTEX_POINT('',#17429);
#5079=VERTEX_POINT('',#17433);
#5080=VERTEX_POINT('',#17435);
#5081=VERTEX_POINT('',#17439);
#5082=VERTEX_POINT('',#17440);
#5083=VERTEX_POINT('',#17442);
#5084=VERTEX_POINT('',#17444);
#5085=VERTEX_POINT('',#17446);
#5086=VERTEX_POINT('',#17448);
#5087=VERTEX_POINT('',#17450);
#5088=VERTEX_POINT('',#17454);
#5089=VERTEX_POINT('',#17455);
#5090=VERTEX_POINT('',#17457);
#5091=VERTEX_POINT('',#17459);
#5092=VERTEX_POINT('',#17461);
#5093=VERTEX_POINT('',#17463);
#5094=VERTEX_POINT('',#17468);
#5095=VERTEX_POINT('',#17470);
#5096=VERTEX_POINT('',#17474);
#5097=VERTEX_POINT('',#17475);
#5098=VERTEX_POINT('',#17477);
#5099=VERTEX_POINT('',#17479);
#5100=VERTEX_POINT('',#17483);
#5101=VERTEX_POINT('',#17484);
#5102=VERTEX_POINT('',#17486);
#5103=VERTEX_POINT('',#17488);
#5104=VERTEX_POINT('',#17492);
#5105=VERTEX_POINT('',#17494);
#5106=VERTEX_POINT('',#17497);
#5107=VERTEX_POINT('',#17499);
#5108=VERTEX_POINT('',#17509);
#5109=VERTEX_POINT('',#17514);
#5110=VERTEX_POINT('',#17515);
#5111=VERTEX_POINT('',#17534);
#5112=VERTEX_POINT('',#17551);
#5113=VERTEX_POINT('',#17566);
#5114=VERTEX_POINT('',#17568);
#5115=VERTEX_POINT('',#17612);
#5116=VERTEX_POINT('',#17614);
#5117=VERTEX_POINT('',#17629);
#5118=VERTEX_POINT('',#17636);
#5119=VERTEX_POINT('',#17653);
#5120=VERTEX_POINT('',#17668);
#5121=VERTEX_POINT('',#17670);
#5122=VERTEX_POINT('',#17685);
#5123=VERTEX_POINT('',#17694);
#5124=VERTEX_POINT('',#17709);
#5125=VERTEX_POINT('',#17724);
#5126=VERTEX_POINT('',#17726);
#5127=VERTEX_POINT('',#17741);
#5128=VERTEX_POINT('',#17758);
#5129=VERTEX_POINT('',#17773);
#5130=VERTEX_POINT('',#17775);
#5131=VERTEX_POINT('',#17803);
#5132=VERTEX_POINT('',#17820);
#5133=VERTEX_POINT('',#17835);
#5134=VERTEX_POINT('',#17837);
#5135=VERTEX_POINT('',#17882);
#5136=VERTEX_POINT('',#17899);
#5137=VERTEX_POINT('',#17914);
#5138=VERTEX_POINT('',#17916);
#5139=VERTEX_POINT('',#17934);
#5140=VERTEX_POINT('',#17936);
#5141=VERTEX_POINT('',#17972);
#5142=VERTEX_POINT('',#17987);
#5143=VERTEX_POINT('',#18004);
#5144=VERTEX_POINT('',#18019);
#5145=VERTEX_POINT('',#18021);
#5146=VERTEX_POINT('',#18049);
#5147=VERTEX_POINT('',#18113);
#5148=VERTEX_POINT('',#18128);
#5149=VERTEX_POINT('',#18143);
#5150=VERTEX_POINT('',#18145);
#5151=VERTEX_POINT('',#18175);
#5152=VERTEX_POINT('',#18190);
#5153=VERTEX_POINT('',#18205);
#5154=VERTEX_POINT('',#18207);
#5155=VERTEX_POINT('',#18264);
#5156=VERTEX_POINT('',#18266);
#5157=VERTEX_POINT('',#18281);
#5158=VERTEX_POINT('',#18288);
#5159=VERTEX_POINT('',#18305);
#5160=VERTEX_POINT('',#18320);
#5161=VERTEX_POINT('',#18322);
#5162=VERTEX_POINT('',#18337);
#5163=VERTEX_POINT('',#18346);
#5164=VERTEX_POINT('',#18348);
#5165=VERTEX_POINT('',#18352);
#5166=VERTEX_POINT('',#18354);
#5167=VERTEX_POINT('',#18358);
#5168=VERTEX_POINT('',#18360);
#5169=VERTEX_POINT('',#18364);
#5170=VERTEX_POINT('',#18366);
#5171=VERTEX_POINT('',#18370);
#5172=VERTEX_POINT('',#18372);
#5173=VERTEX_POINT('',#18376);
#5174=VERTEX_POINT('',#18378);
#5175=VERTEX_POINT('',#18385);
#5176=VERTEX_POINT('',#18387);
#5177=VERTEX_POINT('',#18394);
#5178=VERTEX_POINT('',#18396);
#5179=VERTEX_POINT('',#18400);
#5180=VERTEX_POINT('',#18402);
#5181=VERTEX_POINT('',#18406);
#5182=VERTEX_POINT('',#18408);
#5183=VERTEX_POINT('',#18412);
#5184=VERTEX_POINT('',#18414);
#5185=VERTEX_POINT('',#18418);
#5186=VERTEX_POINT('',#18420);
#5187=VERTEX_POINT('',#18429);
#5188=VERTEX_POINT('',#18431);
#5189=VERTEX_POINT('',#18440);
#5190=VERTEX_POINT('',#18442);
#5191=VERTEX_POINT('',#18451);
#5192=VERTEX_POINT('',#18453);
#5193=VERTEX_POINT('',#18462);
#5194=VERTEX_POINT('',#18464);
#5195=VERTEX_POINT('',#18484);
#5196=VERTEX_POINT('',#18486);
#5197=VERTEX_POINT('',#18495);
#5198=VERTEX_POINT('',#18497);
#5199=VERTEX_POINT('',#18506);
#5200=VERTEX_POINT('',#18508);
#5201=VERTEX_POINT('',#18517);
#5202=VERTEX_POINT('',#18519);
#5203=VERTEX_POINT('',#18528);
#5204=VERTEX_POINT('',#18533);
#5205=VERTEX_POINT('',#18537);
#5206=VERTEX_POINT('',#18548);
#5207=VERTEX_POINT('',#18550);
#5208=VERTEX_POINT('',#18554);
#5209=VERTEX_POINT('',#18556);
#5210=VERTEX_POINT('',#18560);
#5211=VERTEX_POINT('',#18562);
#5212=VERTEX_POINT('',#18566);
#5213=VERTEX_POINT('',#18568);
#5214=VERTEX_POINT('',#18572);
#5215=VERTEX_POINT('',#18573);
#5216=VERTEX_POINT('',#18575);
#5217=VERTEX_POINT('',#18577);
#5218=VERTEX_POINT('',#18579);
#5219=VERTEX_POINT('',#18581);
#5220=VERTEX_POINT('',#18583);
#5221=VERTEX_POINT('',#18585);
#5222=VERTEX_POINT('',#18589);
#5223=VERTEX_POINT('',#18590);
#5224=VERTEX_POINT('',#18592);
#5225=VERTEX_POINT('',#18594);
#5226=VERTEX_POINT('',#18596);
#5227=VERTEX_POINT('',#18598);
#5228=VERTEX_POINT('',#18600);
#5229=VERTEX_POINT('',#18602);
#5230=VERTEX_POINT('',#18606);
#5231=VERTEX_POINT('',#18607);
#5232=VERTEX_POINT('',#18609);
#5233=VERTEX_POINT('',#18611);
#5234=VERTEX_POINT('',#18613);
#5235=VERTEX_POINT('',#18615);
#5236=VERTEX_POINT('',#18617);
#5237=VERTEX_POINT('',#18619);
#5238=VERTEX_POINT('',#18623);
#5239=VERTEX_POINT('',#18624);
#5240=VERTEX_POINT('',#18626);
#5241=VERTEX_POINT('',#18628);
#5242=VERTEX_POINT('',#18630);
#5243=VERTEX_POINT('',#18632);
#5244=VERTEX_POINT('',#18634);
#5245=VERTEX_POINT('',#18636);
#5246=VERTEX_POINT('',#18640);
#5247=VERTEX_POINT('',#18642);
#5248=VERTEX_POINT('',#18644);
#5249=VERTEX_POINT('',#18646);
#5250=VERTEX_POINT('',#18649);
#5251=VERTEX_POINT('',#18651);
#5252=VERTEX_POINT('',#18653);
#5253=VERTEX_POINT('',#18655);
#5254=VERTEX_POINT('',#18658);
#5255=VERTEX_POINT('',#18660);
#5256=VERTEX_POINT('',#18662);
#5257=VERTEX_POINT('',#18664);
#5258=VERTEX_POINT('',#18667);
#5259=VERTEX_POINT('',#18669);
#5260=VERTEX_POINT('',#18671);
#5261=VERTEX_POINT('',#18673);
#5262=VERTEX_POINT('',#18682);
#5263=VERTEX_POINT('',#18683);
#5264=VERTEX_POINT('',#18688);
#5265=VERTEX_POINT('',#18689);
#5266=VERTEX_POINT('',#18699);
#5267=VERTEX_POINT('',#18701);
#5268=VERTEX_POINT('',#18705);
#5269=VERTEX_POINT('',#18706);
#5270=VERTEX_POINT('',#18716);
#5271=VERTEX_POINT('',#18717);
#5272=VERTEX_POINT('',#18722);
#5273=VERTEX_POINT('',#18723);
#5274=VERTEX_POINT('',#18733);
#5275=VERTEX_POINT('',#18735);
#5276=VERTEX_POINT('',#18739);
#5277=VERTEX_POINT('',#18741);
#5278=VERTEX_POINT('',#18767);
#5279=VERTEX_POINT('',#18769);
#5280=VERTEX_POINT('',#18773);
#5281=VERTEX_POINT('',#18774);
#5282=VERTEX_POINT('',#18777);
#5283=VERTEX_POINT('',#18781);
#5284=VERTEX_POINT('',#18785);
#5285=VERTEX_POINT('',#18793);
#5286=VERTEX_POINT('',#18795);
#5287=VERTEX_POINT('',#18799);
#5288=VERTEX_POINT('',#18800);
#5289=VERTEX_POINT('',#18803);
#5290=VERTEX_POINT('',#18807);
#5291=VERTEX_POINT('',#18811);
#5292=VERTEX_POINT('',#18819);
#5293=VERTEX_POINT('',#18821);
#5294=VERTEX_POINT('',#18825);
#5295=VERTEX_POINT('',#18827);
#5296=VERTEX_POINT('',#18829);
#5297=VERTEX_POINT('',#18833);
#5298=VERTEX_POINT('',#18841);
#5299=VERTEX_POINT('',#18843);
#5300=VERTEX_POINT('',#18847);
#5301=VERTEX_POINT('',#18849);
#5302=VERTEX_POINT('',#18857);
#5303=VERTEX_POINT('',#18859);
#5304=VERTEX_POINT('',#18863);
#5305=VERTEX_POINT('',#18865);
#5306=VERTEX_POINT('',#18869);
#5307=VERTEX_POINT('',#18870);
#5308=VERTEX_POINT('',#18872);
#5309=VERTEX_POINT('',#18874);
#5310=VERTEX_POINT('',#18876);
#5311=VERTEX_POINT('',#18878);
#5312=VERTEX_POINT('',#18882);
#5313=VERTEX_POINT('',#18883);
#5314=VERTEX_POINT('',#18885);
#5315=VERTEX_POINT('',#18887);
#5316=VERTEX_POINT('',#18891);
#5317=VERTEX_POINT('',#18892);
#5318=VERTEX_POINT('',#18894);
#5319=VERTEX_POINT('',#18896);
#5320=VERTEX_POINT('',#18898);
#5321=VERTEX_POINT('',#18900);
#5322=VERTEX_POINT('',#18904);
#5323=VERTEX_POINT('',#18905);
#5324=VERTEX_POINT('',#18907);
#5325=VERTEX_POINT('',#18909);
#5326=VERTEX_POINT('',#18913);
#5327=VERTEX_POINT('',#18914);
#5328=VERTEX_POINT('',#18916);
#5329=VERTEX_POINT('',#18918);
#5330=VERTEX_POINT('',#18921);
#5331=VERTEX_POINT('',#18923);
#5332=VERTEX_POINT('',#18925);
#5333=VERTEX_POINT('',#18927);
#5334=VERTEX_POINT('',#18934);
#5335=VERTEX_POINT('',#18935);
#5336=VERTEX_POINT('',#18937);
#5337=VERTEX_POINT('',#18939);
#5338=VERTEX_POINT('',#18943);
#5339=VERTEX_POINT('',#18944);
#5340=VERTEX_POINT('',#18946);
#5341=VERTEX_POINT('',#18948);
#5342=VERTEX_POINT('',#18953);
#5343=VERTEX_POINT('',#18955);
#5344=VERTEX_POINT('',#18957);
#5345=VERTEX_POINT('',#18959);
#5346=EDGE_CURVE('',#4413,#4414,#3921,.T.);
#5347=EDGE_CURVE('',#4413,#4415,#2111,.T.);
#5348=EDGE_CURVE('',#4415,#4416,#3922,.T.);
#5349=EDGE_CURVE('',#4414,#4416,#2112,.T.);
#5350=EDGE_CURVE('',#4417,#4418,#3923,.T.);
#5351=EDGE_CURVE('',#4417,#4419,#2113,.T.);
#5352=EDGE_CURVE('',#4419,#4420,#3924,.T.);
#5353=EDGE_CURVE('',#4418,#4420,#2114,.T.);
#5354=EDGE_CURVE('',#4421,#4422,#3925,.T.);
#5355=EDGE_CURVE('',#4422,#4421,#3926,.T.);
#5356=EDGE_CURVE('',#4422,#4423,#2115,.T.);
#5357=EDGE_CURVE('',#4423,#4423,#3927,.T.);
#5358=EDGE_CURVE('',#4424,#4425,#3928,.T.);
#5359=EDGE_CURVE('',#4425,#4424,#3929,.T.);
#5360=EDGE_CURVE('',#4425,#4426,#2116,.T.);
#5361=EDGE_CURVE('',#4426,#4426,#3930,.T.);
#5362=EDGE_CURVE('',#4421,#4427,#2117,.T.);
#5363=EDGE_CURVE('',#4427,#4427,#3931,.T.);
#5364=EDGE_CURVE('',#4424,#4428,#2118,.T.);
#5365=EDGE_CURVE('',#4428,#4428,#3932,.T.);
#5366=EDGE_CURVE('',#4429,#4429,#3933,.T.);
#5367=EDGE_CURVE('',#4429,#4430,#2119,.T.);
#5368=EDGE_CURVE('',#4430,#4430,#3934,.T.);
#5369=EDGE_CURVE('',#4431,#4431,#3935,.T.);
#5370=EDGE_CURVE('',#4431,#4432,#2120,.T.);
#5371=EDGE_CURVE('',#4432,#4432,#3936,.T.);
#5372=EDGE_CURVE('',#4433,#4434,#2121,.T.);
#5373=EDGE_CURVE('',#4433,#4435,#2122,.T.);
#5374=EDGE_CURVE('',#4436,#4435,#2123,.T.);
#5375=EDGE_CURVE('',#4436,#4434,#2124,.T.);
#5376=EDGE_CURVE('',#4437,#4438,#2125,.T.);
#5377=EDGE_CURVE('',#4437,#4439,#2126,.T.);
#5378=EDGE_CURVE('',#4440,#4439,#2127,.T.);
#5379=EDGE_CURVE('',#4440,#4438,#2128,.T.);
#5380=EDGE_CURVE('',#4441,#4442,#2129,.T.);
#5381=EDGE_CURVE('',#4441,#4443,#2130,.T.);
#5382=EDGE_CURVE('',#4444,#4443,#2131,.T.);
#5383=EDGE_CURVE('',#4444,#4442,#2132,.T.);
#5384=EDGE_CURVE('',#4445,#4446,#2133,.T.);
#5385=EDGE_CURVE('',#4445,#4447,#2134,.T.);
#5386=EDGE_CURVE('',#4448,#4447,#2135,.T.);
#5387=EDGE_CURVE('',#4448,#4446,#2136,.T.);
#5388=EDGE_CURVE('',#4449,#4450,#2137,.T.);
#5389=EDGE_CURVE('',#4450,#4451,#2138,.T.);
#5390=EDGE_CURVE('',#4451,#4443,#2139,.T.);
#5391=EDGE_CURVE('',#4443,#4452,#2140,.T.);
#5392=EDGE_CURVE('',#4453,#4452,#2141,.T.);
#5393=EDGE_CURVE('',#4453,#4454,#2142,.T.);
#5394=EDGE_CURVE('',#4454,#4455,#2143,.T.);
#5395=EDGE_CURVE('',#4455,#4456,#2144,.T.);
#5396=EDGE_CURVE('',#4456,#4457,#2145,.T.);
#5397=EDGE_CURVE('',#4457,#4449,#2146,.T.);
#5398=EDGE_CURVE('',#4458,#4459,#2147,.T.);
#5399=EDGE_CURVE('',#4460,#4459,#2148,.T.);
#5400=EDGE_CURVE('',#4461,#4460,#2149,.T.);
#5401=EDGE_CURVE('',#4462,#4461,#2150,.T.);
#5402=EDGE_CURVE('',#4462,#4463,#2151,.T.);
#5403=EDGE_CURVE('',#4435,#4463,#2152,.T.);
#5404=EDGE_CURVE('',#4435,#4464,#2153,.T.);
#5405=EDGE_CURVE('',#4464,#4465,#2154,.T.);
#5406=EDGE_CURVE('',#4465,#4466,#2155,.T.);
#5407=EDGE_CURVE('',#4458,#4466,#2156,.T.);
#5408=EDGE_CURVE('',#4467,#4468,#2157,.T.);
#5409=EDGE_CURVE('',#4467,#4441,#2158,.T.);
#5410=EDGE_CURVE('',#4442,#4469,#2159,.T.);
#5411=EDGE_CURVE('',#4470,#4469,#2160,.T.);
#5412=EDGE_CURVE('',#4470,#4445,#2161,.T.);
#5413=EDGE_CURVE('',#4446,#4471,#2162,.T.);
#5414=EDGE_CURVE('',#4472,#4471,#2163,.T.);
#5415=EDGE_CURVE('',#4472,#4473,#2164,.T.);
#5416=EDGE_CURVE('',#4473,#4474,#2165,.T.);
#5417=EDGE_CURVE('',#4474,#4468,#2166,.T.);
#5418=EDGE_CURVE('',#4475,#4476,#2167,.T.);
#5419=EDGE_CURVE('',#4475,#4453,#2168,.T.);
#5420=EDGE_CURVE('',#4452,#4467,#2169,.T.);
#5421=EDGE_CURVE('',#4468,#4465,#2170,.T.);
#5422=EDGE_CURVE('',#4464,#4476,#2171,.T.);
#5423=EDGE_CURVE('',#4477,#4478,#2172,.T.);
#5424=EDGE_CURVE('',#4478,#4475,#2173,.T.);
#5425=EDGE_CURVE('',#4476,#4433,#2174,.T.);
#5426=EDGE_CURVE('',#4434,#4479,#2175,.T.);
#5427=EDGE_CURVE('',#4480,#4479,#2176,.T.);
#5428=EDGE_CURVE('',#4480,#4437,#2177,.T.);
#5429=EDGE_CURVE('',#4438,#4481,#2178,.T.);
#5430=EDGE_CURVE('',#4482,#4481,#2179,.T.);
#5431=EDGE_CURVE('',#4482,#4477,#2180,.T.);
#5432=EDGE_CURVE('',#4451,#4458,#2181,.T.);
#5433=EDGE_CURVE('',#4466,#4483,#2182,.T.);
#5434=EDGE_CURVE('',#4483,#4484,#2183,.T.);
#5435=EDGE_CURVE('',#4484,#4485,#3937,.T.);
#5436=EDGE_CURVE('',#4485,#4448,#2184,.T.);
#5437=EDGE_CURVE('',#4447,#4486,#2185,.T.);
#5438=EDGE_CURVE('',#4486,#4487,#3938,.T.);
#5439=EDGE_CURVE('',#4487,#4444,#2186,.T.);
#5440=EDGE_CURVE('',#4459,#4450,#2187,.T.);
#5441=EDGE_CURVE('',#4460,#4449,#2188,.T.);
#5442=EDGE_CURVE('',#4461,#4457,#2189,.T.);
#5443=EDGE_CURVE('',#4456,#4462,#2190,.T.);
#5444=EDGE_CURVE('',#4463,#4455,#2191,.T.);
#5445=EDGE_CURVE('',#4454,#4488,#2192,.T.);
#5446=EDGE_CURVE('',#4488,#4489,#2193,.T.);
#5447=EDGE_CURVE('',#4489,#4490,#3939,.T.);
#5448=EDGE_CURVE('',#4490,#4440,#2194,.T.);
#5449=EDGE_CURVE('',#4439,#4491,#2195,.T.);
#5450=EDGE_CURVE('',#4491,#4492,#3940,.T.);
#5451=EDGE_CURVE('',#4492,#4436,#2196,.T.);
#5452=EDGE_CURVE('',#4454,#4478,#2197,.T.);
#5453=EDGE_CURVE('',#4477,#4488,#2198,.T.);
#5454=EDGE_CURVE('',#4466,#4474,#2199,.T.);
#5455=EDGE_CURVE('',#4473,#4483,#2200,.T.);
#5456=EDGE_CURVE('',#4418,#4493,#2201,.T.);
#5457=EDGE_CURVE('',#4493,#4472,#2202,.T.);
#5458=EDGE_CURVE('',#4471,#4494,#2203,.T.);
#5459=EDGE_CURVE('',#4494,#4417,#2204,.T.);
#5460=EDGE_CURVE('',#4494,#4495,#2205,.T.);
#5461=EDGE_CURVE('',#4495,#4496,#2206,.T.);
#5462=EDGE_CURVE('',#4496,#4419,#2207,.T.);
#5463=EDGE_CURVE('',#4497,#4498,#2208,.T.);
#5464=EDGE_CURVE('',#4498,#4493,#2209,.T.);
#5465=EDGE_CURVE('',#4420,#4497,#2210,.T.);
#5466=EDGE_CURVE('',#4414,#4499,#2211,.T.);
#5467=EDGE_CURVE('',#4499,#4470,#2212,.T.);
#5468=EDGE_CURVE('',#4469,#4500,#2213,.T.);
#5469=EDGE_CURVE('',#4500,#4413,#2214,.T.);
#5470=EDGE_CURVE('',#4500,#4501,#2215,.T.);
#5471=EDGE_CURVE('',#4501,#4502,#2216,.T.);
#5472=EDGE_CURVE('',#4502,#4415,#2217,.T.);
#5473=EDGE_CURVE('',#4503,#4504,#2218,.T.);
#5474=EDGE_CURVE('',#4504,#4499,#2219,.T.);
#5475=EDGE_CURVE('',#4416,#4503,#2220,.T.);
#5476=EDGE_CURVE('',#4505,#4506,#3941,.T.);
#5477=EDGE_CURVE('',#4506,#4507,#2221,.T.);
#5478=EDGE_CURVE('',#4507,#4482,#2222,.T.);
#5479=EDGE_CURVE('',#4481,#4508,#2223,.T.);
#5480=EDGE_CURVE('',#4508,#4505,#2224,.T.);
#5481=EDGE_CURVE('',#4505,#4509,#2225,.T.);
#5482=EDGE_CURVE('',#4509,#4510,#3942,.T.);
#5483=EDGE_CURVE('',#4506,#4510,#2226,.T.);
#5484=EDGE_CURVE('',#4508,#4511,#2227,.T.);
#5485=EDGE_CURVE('',#4511,#4512,#2228,.T.);
#5486=EDGE_CURVE('',#4512,#4509,#2229,.T.);
#5487=EDGE_CURVE('',#4510,#4513,#2230,.T.);
#5488=EDGE_CURVE('',#4513,#4514,#2231,.T.);
#5489=EDGE_CURVE('',#4514,#4507,#2232,.T.);
#5490=EDGE_CURVE('',#4515,#4516,#3943,.T.);
#5491=EDGE_CURVE('',#4516,#4517,#2233,.T.);
#5492=EDGE_CURVE('',#4517,#4480,#2234,.T.);
#5493=EDGE_CURVE('',#4479,#4518,#2235,.T.);
#5494=EDGE_CURVE('',#4518,#4515,#2236,.T.);
#5495=EDGE_CURVE('',#4515,#4519,#2237,.T.);
#5496=EDGE_CURVE('',#4519,#4520,#3944,.T.);
#5497=EDGE_CURVE('',#4516,#4520,#2238,.T.);
#5498=EDGE_CURVE('',#4518,#4521,#2239,.T.);
#5499=EDGE_CURVE('',#4521,#4522,#2240,.T.);
#5500=EDGE_CURVE('',#4522,#4519,#2241,.T.);
#5501=EDGE_CURVE('',#4523,#4524,#2242,.T.);
#5502=EDGE_CURVE('',#4524,#4517,#2243,.T.);
#5503=EDGE_CURVE('',#4520,#4523,#2244,.T.);
#5504=EDGE_CURVE('',#4521,#4434,#2245,.T.);
#5505=EDGE_CURVE('',#4522,#4436,#2246,.T.);
#5506=EDGE_CURVE('',#4519,#4492,#2247,.T.);
#5507=EDGE_CURVE('',#4520,#4491,#2248,.T.);
#5508=EDGE_CURVE('',#4523,#4439,#2249,.T.);
#5509=EDGE_CURVE('',#4524,#4437,#2250,.T.);
#5510=EDGE_CURVE('',#4477,#4514,#2251,.T.);
#5511=EDGE_CURVE('',#4488,#4513,#2252,.T.);
#5512=EDGE_CURVE('',#4489,#4510,#2253,.T.);
#5513=EDGE_CURVE('',#4490,#4509,#2254,.T.);
#5514=EDGE_CURVE('',#4440,#4512,#2255,.T.);
#5515=EDGE_CURVE('',#4438,#4511,#2256,.T.);
#5516=EDGE_CURVE('',#4501,#4442,#2257,.T.);
#5517=EDGE_CURVE('',#4502,#4444,#2258,.T.);
#5518=EDGE_CURVE('',#4415,#4487,#2259,.T.);
#5519=EDGE_CURVE('',#4416,#4486,#2260,.T.);
#5520=EDGE_CURVE('',#4503,#4447,#2261,.T.);
#5521=EDGE_CURVE('',#4504,#4445,#2262,.T.);
#5522=EDGE_CURVE('',#4495,#4446,#2263,.T.);
#5523=EDGE_CURVE('',#4496,#4448,#2264,.T.);
#5524=EDGE_CURVE('',#4419,#4485,#2265,.T.);
#5525=EDGE_CURVE('',#4420,#4484,#2266,.T.);
#5526=EDGE_CURVE('',#4497,#4483,#2267,.T.);
#5527=EDGE_CURVE('',#4498,#4473,#2268,.T.);
#5528=EDGE_CURVE('',#4525,#4525,#3945,.T.);
#5529=EDGE_CURVE('',#4525,#4526,#2269,.T.);
#5530=EDGE_CURVE('',#4526,#4526,#3946,.T.);
#5531=EDGE_CURVE('',#4527,#4527,#3947,.T.);
#5532=EDGE_CURVE('',#4527,#4528,#2270,.T.);
#5533=EDGE_CURVE('',#4528,#4528,#3948,.T.);
#5534=EDGE_CURVE('',#4529,#4529,#3949,.T.);
#5535=EDGE_CURVE('',#4529,#4530,#2271,.T.);
#5536=EDGE_CURVE('',#4530,#4530,#3950,.T.);
#5537=EDGE_CURVE('',#4531,#4531,#3951,.T.);
#5538=EDGE_CURVE('',#4531,#4532,#2272,.T.);
#5539=EDGE_CURVE('',#4532,#4532,#3952,.T.);
#5540=EDGE_CURVE('',#4533,#4534,#3953,.T.);
#5541=EDGE_CURVE('',#4533,#4535,#2273,.T.);
#5542=EDGE_CURVE('',#4536,#4535,#3954,.T.);
#5543=EDGE_CURVE('',#4534,#4536,#2274,.T.);
#5544=EDGE_CURVE('',#4535,#4537,#3955,.T.);
#5545=EDGE_CURVE('',#4538,#4533,#3956,.T.);
#5546=EDGE_CURVE('',#4538,#4537,#2275,.T.);
#5547=EDGE_CURVE('',#4539,#4540,#3957,.T.);
#5548=EDGE_CURVE('',#4541,#4539,#2276,.T.);
#5549=EDGE_CURVE('',#4542,#4541,#3958,.T.);
#5550=EDGE_CURVE('',#4542,#4540,#2277,.T.);
#5551=EDGE_CURVE('',#4543,#4542,#3959,.T.);
#5552=EDGE_CURVE('',#4543,#4544,#2278,.T.);
#5553=EDGE_CURVE('',#4540,#4544,#3960,.T.);
#5554=EDGE_CURVE('',#4545,#4546,#3961,.T.);
#5555=EDGE_CURVE('',#4546,#4545,#3962,.T.);
#5556=EDGE_CURVE('',#4546,#4547,#2279,.T.);
#5557=EDGE_CURVE('',#4547,#4547,#3963,.T.);
#5558=EDGE_CURVE('',#4548,#4549,#3964,.T.);
#5559=EDGE_CURVE('',#4549,#4548,#3965,.T.);
#5560=EDGE_CURVE('',#4549,#4550,#2280,.T.);
#5561=EDGE_CURVE('',#4550,#4550,#3966,.T.);
#5562=EDGE_CURVE('',#4551,#4552,#3967,.T.);
#5563=EDGE_CURVE('',#4552,#4551,#3968,.T.);
#5564=EDGE_CURVE('',#4552,#4553,#2281,.T.);
#5565=EDGE_CURVE('',#4553,#4553,#3969,.T.);
#5566=EDGE_CURVE('',#4554,#4555,#3970,.T.);
#5567=EDGE_CURVE('',#4555,#4554,#3971,.T.);
#5568=EDGE_CURVE('',#4555,#4556,#2282,.T.);
#5569=EDGE_CURVE('',#4556,#4556,#3972,.T.);
#5570=EDGE_CURVE('',#4557,#4558,#3973,.T.);
#5571=EDGE_CURVE('',#4557,#4559,#2283,.T.);
#5572=EDGE_CURVE('',#4560,#4559,#3974,.T.);
#5573=EDGE_CURVE('',#4558,#4560,#2284,.T.);
#5574=EDGE_CURVE('',#4559,#4561,#3975,.T.);
#5575=EDGE_CURVE('',#4562,#4557,#3976,.T.);
#5576=EDGE_CURVE('',#4562,#4561,#2285,.T.);
#5577=EDGE_CURVE('',#4563,#4564,#3977,.T.);
#5578=EDGE_CURVE('',#4565,#4563,#2286,.T.);
#5579=EDGE_CURVE('',#4566,#4565,#3978,.T.);
#5580=EDGE_CURVE('',#4566,#4564,#2287,.T.);
#5581=EDGE_CURVE('',#4567,#4566,#3979,.T.);
#5582=EDGE_CURVE('',#4567,#4568,#2288,.T.);
#5583=EDGE_CURVE('',#4564,#4568,#3980,.T.);
#5584=EDGE_CURVE('',#4545,#4525,#2289,.T.);
#5585=EDGE_CURVE('',#4548,#4527,#2290,.T.);
#5586=EDGE_CURVE('',#4551,#4529,#2291,.T.);
#5587=EDGE_CURVE('',#4554,#4531,#2292,.T.);
#5588=EDGE_CURVE('',#4569,#4570,#3981,.T.);
#5589=EDGE_CURVE('',#4570,#4567,#2293,.T.);
#5590=EDGE_CURVE('',#4569,#4566,#2294,.T.);
#5591=EDGE_CURVE('',#4541,#4571,#2295,.T.);
#5592=EDGE_CURVE('',#4571,#4572,#3982,.T.);
#5593=EDGE_CURVE('',#4542,#4572,#2296,.T.);
#5594=EDGE_CURVE('',#4533,#4573,#2297,.T.);
#5595=EDGE_CURVE('',#4573,#4574,#3983,.T.);
#5596=EDGE_CURVE('',#4538,#4574,#2298,.T.);
#5597=EDGE_CURVE('',#4575,#4576,#3984,.T.);
#5598=EDGE_CURVE('',#4576,#4557,#2299,.T.);
#5599=EDGE_CURVE('',#4575,#4558,#2300,.T.);
#5600=EDGE_CURVE('',#4577,#4578,#2301,.T.);
#5601=EDGE_CURVE('',#4578,#4579,#2302,.T.);
#5602=EDGE_CURVE('',#4580,#4579,#2303,.T.);
#5603=EDGE_CURVE('',#4580,#4577,#2304,.T.);
#5604=EDGE_CURVE('',#4558,#4581,#2305,.T.);
#5605=EDGE_CURVE('',#4582,#4581,#2306,.T.);
#5606=EDGE_CURVE('',#4582,#4575,#2307,.T.);
#5607=EDGE_CURVE('',#4581,#4583,#3985,.T.);
#5608=EDGE_CURVE('',#4584,#4583,#2308,.T.);
#5609=EDGE_CURVE('',#4584,#4582,#3986,.T.);
#5610=EDGE_CURVE('',#4583,#4585,#3987,.T.);
#5611=EDGE_CURVE('',#4586,#4585,#2309,.T.);
#5612=EDGE_CURVE('',#4586,#4584,#3988,.T.);
#5613=EDGE_CURVE('',#4585,#4587,#3989,.T.);
#5614=EDGE_CURVE('',#4588,#4587,#2310,.T.);
#5615=EDGE_CURVE('',#4588,#4586,#3990,.T.);
#5616=EDGE_CURVE('',#4587,#4589,#2311,.T.);
#5617=EDGE_CURVE('',#4534,#4589,#2312,.T.);
#5618=EDGE_CURVE('',#4534,#4588,#2313,.T.);
#5619=EDGE_CURVE('',#4589,#4573,#3991,.T.);
#5620=EDGE_CURVE('',#4574,#4590,#2314,.T.);
#5621=EDGE_CURVE('',#4591,#4590,#2315,.T.);
#5622=EDGE_CURVE('',#4591,#4538,#2316,.T.);
#5623=EDGE_CURVE('',#4590,#4592,#3992,.T.);
#5624=EDGE_CURVE('',#4593,#4592,#2317,.T.);
#5625=EDGE_CURVE('',#4593,#4591,#3993,.T.);
#5626=EDGE_CURVE('',#4592,#4594,#2318,.T.);
#5627=EDGE_CURVE('',#4595,#4594,#2319,.T.);
#5628=EDGE_CURVE('',#4595,#4593,#2320,.T.);
#5629=EDGE_CURVE('',#4594,#4596,#3994,.T.);
#5630=EDGE_CURVE('',#4597,#4596,#2321,.T.);
#5631=EDGE_CURVE('',#4597,#4595,#3995,.T.);
#5632=EDGE_CURVE('',#4596,#4571,#2322,.T.);
#5633=EDGE_CURVE('',#4541,#4597,#2323,.T.);
#5634=EDGE_CURVE('',#4572,#4598,#3996,.T.);
#5635=EDGE_CURVE('',#4543,#4598,#2324,.T.);
#5636=EDGE_CURVE('',#4598,#4599,#2325,.T.);
#5637=EDGE_CURVE('',#4600,#4599,#2326,.T.);
#5638=EDGE_CURVE('',#4600,#4543,#2327,.T.);
#5639=EDGE_CURVE('',#4599,#4601,#3997,.T.);
#5640=EDGE_CURVE('',#4602,#4601,#2328,.T.);
#5641=EDGE_CURVE('',#4602,#4600,#3998,.T.);
#5642=EDGE_CURVE('',#4601,#4603,#3999,.T.);
#5643=EDGE_CURVE('',#4604,#4603,#2329,.T.);
#5644=EDGE_CURVE('',#4604,#4602,#4000,.T.);
#5645=EDGE_CURVE('',#4603,#4605,#4001,.T.);
#5646=EDGE_CURVE('',#4606,#4605,#2330,.T.);
#5647=EDGE_CURVE('',#4606,#4604,#4002,.T.);
#5648=EDGE_CURVE('',#4605,#4567,#2331,.T.);
#5649=EDGE_CURVE('',#4570,#4606,#2332,.T.);
#5650=EDGE_CURVE('',#4607,#4565,#2333,.T.);
#5651=EDGE_CURVE('',#4607,#4569,#4003,.T.);
#5652=EDGE_CURVE('',#4565,#4608,#2334,.T.);
#5653=EDGE_CURVE('',#4609,#4608,#2335,.T.);
#5654=EDGE_CURVE('',#4609,#4607,#2336,.T.);
#5655=EDGE_CURVE('',#4608,#4610,#4004,.T.);
#5656=EDGE_CURVE('',#4611,#4610,#2337,.T.);
#5657=EDGE_CURVE('',#4611,#4609,#4005,.T.);
#5658=EDGE_CURVE('',#4610,#4612,#2338,.T.);
#5659=EDGE_CURVE('',#4612,#4613,#2339,.T.);
#5660=EDGE_CURVE('',#4613,#4611,#2340,.T.);
#5661=EDGE_CURVE('',#4579,#4614,#4006,.T.);
#5662=EDGE_CURVE('',#4615,#4614,#2341,.T.);
#5663=EDGE_CURVE('',#4615,#4580,#4007,.T.);
#5664=EDGE_CURVE('',#4614,#4562,#2342,.T.);
#5665=EDGE_CURVE('',#4616,#4562,#2343,.T.);
#5666=EDGE_CURVE('',#4616,#4615,#2344,.T.);
#5667=EDGE_CURVE('',#4576,#4616,#4008,.T.);
#5668=EDGE_CURVE('',#4617,#4618,#2345,.T.);
#5669=EDGE_CURVE('',#4618,#4619,#4009,.T.);
#5670=EDGE_CURVE('',#4619,#4620,#4010,.T.);
#5671=EDGE_CURVE('',#4620,#4621,#2346,.T.);
#5672=EDGE_CURVE('',#4621,#4622,#4011,.T.);
#5673=EDGE_CURVE('',#4622,#4623,#4012,.T.);
#5674=EDGE_CURVE('',#4623,#4624,#4013,.T.);
#5675=EDGE_CURVE('',#4624,#4536,#2347,.T.);
#5676=EDGE_CURVE('',#4537,#4625,#2348,.T.);
#5677=EDGE_CURVE('',#4625,#4626,#4014,.T.);
#5678=EDGE_CURVE('',#4626,#4627,#2349,.T.);
#5679=EDGE_CURVE('',#4627,#4628,#4015,.T.);
#5680=EDGE_CURVE('',#4628,#4539,#2350,.T.);
#5681=EDGE_CURVE('',#4544,#4629,#2351,.T.);
#5682=EDGE_CURVE('',#4629,#4630,#4016,.T.);
#5683=EDGE_CURVE('',#4630,#4631,#4017,.T.);
#5684=EDGE_CURVE('',#4631,#4632,#4018,.T.);
#5685=EDGE_CURVE('',#4632,#4633,#2352,.T.);
#5686=EDGE_CURVE('',#4633,#4634,#4019,.T.);
#5687=EDGE_CURVE('',#4634,#4635,#4020,.T.);
#5688=EDGE_CURVE('',#4635,#4636,#2353,.T.);
#5689=EDGE_CURVE('',#4636,#4637,#4021,.T.);
#5690=EDGE_CURVE('',#4637,#4638,#2354,.T.);
#5691=EDGE_CURVE('',#4638,#4639,#4022,.T.);
#5692=EDGE_CURVE('',#4639,#4640,#2355,.T.);
#5693=EDGE_CURVE('',#4640,#4641,#2356,.T.);
#5694=EDGE_CURVE('',#4641,#4642,#2357,.T.);
#5695=EDGE_CURVE('',#4642,#4643,#4023,.T.);
#5696=EDGE_CURVE('',#4643,#4644,#2358,.T.);
#5697=EDGE_CURVE('',#4644,#4617,#4024,.T.);
#5698=EDGE_CURVE('',#4645,#4646,#4025,.T.);
#5699=EDGE_CURVE('',#4646,#4560,#2359,.T.);
#5700=EDGE_CURVE('',#4561,#4647,#2360,.T.);
#5701=EDGE_CURVE('',#4647,#4648,#4026,.T.);
#5702=EDGE_CURVE('',#4648,#4649,#2361,.T.);
#5703=EDGE_CURVE('',#4649,#4650,#4027,.T.);
#5704=EDGE_CURVE('',#4650,#4651,#2362,.T.);
#5705=EDGE_CURVE('',#4651,#4652,#2363,.T.);
#5706=EDGE_CURVE('',#4652,#4653,#2364,.T.);
#5707=EDGE_CURVE('',#4653,#4654,#4028,.T.);
#5708=EDGE_CURVE('',#4654,#4655,#2365,.T.);
#5709=EDGE_CURVE('',#4655,#4656,#4029,.T.);
#5710=EDGE_CURVE('',#4656,#4563,#2366,.T.);
#5711=EDGE_CURVE('',#4568,#4657,#2367,.T.);
#5712=EDGE_CURVE('',#4657,#4658,#4030,.T.);
#5713=EDGE_CURVE('',#4658,#4659,#4031,.T.);
#5714=EDGE_CURVE('',#4659,#4660,#4032,.T.);
#5715=EDGE_CURVE('',#4660,#4661,#2368,.T.);
#5716=EDGE_CURVE('',#4661,#4662,#4033,.T.);
#5717=EDGE_CURVE('',#4662,#4663,#4034,.T.);
#5718=EDGE_CURVE('',#4663,#4664,#2369,.T.);
#5719=EDGE_CURVE('',#4664,#4665,#4035,.T.);
#5720=EDGE_CURVE('',#4665,#4666,#2370,.T.);
#5721=EDGE_CURVE('',#4666,#4667,#4036,.T.);
#5722=EDGE_CURVE('',#4667,#4668,#2371,.T.);
#5723=EDGE_CURVE('',#4668,#4669,#4037,.T.);
#5724=EDGE_CURVE('',#4669,#4670,#4038,.T.);
#5725=EDGE_CURVE('',#4670,#4671,#2372,.T.);
#5726=EDGE_CURVE('',#4671,#4672,#4039,.T.);
#5727=EDGE_CURVE('',#4672,#4645,#4040,.T.);
#5728=EDGE_CURVE('',#4673,#4674,#2373,.T.);
#5729=EDGE_CURVE('',#4673,#4675,#2374,.T.);
#5730=EDGE_CURVE('',#4675,#4676,#2375,.T.);
#5731=EDGE_CURVE('',#4676,#4674,#2376,.T.);
#5732=EDGE_CURVE('',#4677,#4678,#2377,.T.);
#5733=EDGE_CURVE('',#4677,#4673,#2378,.T.);
#5734=EDGE_CURVE('',#4674,#4678,#2379,.T.);
#5735=EDGE_CURVE('',#4679,#4680,#2380,.T.);
#5736=EDGE_CURVE('',#4680,#4677,#2381,.T.);
#5737=EDGE_CURVE('',#4678,#4679,#2382,.T.);
#5738=EDGE_CURVE('',#4612,#4680,#4041,.T.);
#5739=EDGE_CURVE('',#4679,#4613,#4042,.T.);
#5740=EDGE_CURVE('',#4675,#4578,#4043,.T.);
#5741=EDGE_CURVE('',#4577,#4676,#4044,.T.);
#5742=EDGE_CURVE('',#4658,#4603,#2383,.T.);
#5743=EDGE_CURVE('',#4605,#4657,#2384,.T.);
#5744=EDGE_CURVE('',#4659,#4601,#2385,.T.);
#5745=EDGE_CURVE('',#4660,#4599,#2386,.T.);
#5746=EDGE_CURVE('',#4661,#4598,#2387,.T.);
#5747=EDGE_CURVE('',#4608,#4656,#2388,.T.);
#5748=EDGE_CURVE('',#4662,#4572,#2389,.T.);
#5749=EDGE_CURVE('',#4610,#4655,#2390,.T.);
#5750=EDGE_CURVE('',#4663,#4571,#2391,.T.);
#5751=EDGE_CURVE('',#4612,#4654,#2392,.T.);
#5752=EDGE_CURVE('',#4664,#4596,#2393,.T.);
#5753=EDGE_CURVE('',#4680,#4653,#2394,.T.);
#5754=EDGE_CURVE('',#4665,#4594,#2395,.T.);
#5755=EDGE_CURVE('',#4677,#4652,#2396,.T.);
#5756=EDGE_CURVE('',#4666,#4592,#2397,.T.);
#5757=EDGE_CURVE('',#4673,#4651,#2398,.T.);
#5758=EDGE_CURVE('',#4667,#4590,#2399,.T.);
#5759=EDGE_CURVE('',#4675,#4650,#2400,.T.);
#5760=EDGE_CURVE('',#4668,#4574,#2401,.T.);
#5761=EDGE_CURVE('',#4578,#4649,#2402,.T.);
#5762=EDGE_CURVE('',#4669,#4573,#2403,.T.);
#5763=EDGE_CURVE('',#4579,#4648,#2404,.T.);
#5764=EDGE_CURVE('',#4670,#4589,#2405,.T.);
#5765=EDGE_CURVE('',#4614,#4647,#2406,.T.);
#5766=EDGE_CURVE('',#4671,#4587,#2407,.T.);
#5767=EDGE_CURVE('',#4672,#4585,#2408,.T.);
#5768=EDGE_CURVE('',#4645,#4583,#2409,.T.);
#5769=EDGE_CURVE('',#4646,#4581,#2410,.T.);
#5770=EDGE_CURVE('',#4600,#4629,#2411,.T.);
#5771=EDGE_CURVE('',#4630,#4602,#2412,.T.);
#5772=EDGE_CURVE('',#4631,#4604,#2413,.T.);
#5773=EDGE_CURVE('',#4632,#4606,#2414,.T.);
#5774=EDGE_CURVE('',#4633,#4570,#2415,.T.);
#5775=EDGE_CURVE('',#4634,#4569,#2416,.T.);
#5776=EDGE_CURVE('',#4597,#4628,#2417,.T.);
#5777=EDGE_CURVE('',#4635,#4607,#2418,.T.);
#5778=EDGE_CURVE('',#4595,#4627,#2419,.T.);
#5779=EDGE_CURVE('',#4636,#4609,#2420,.T.);
#5780=EDGE_CURVE('',#4593,#4626,#2421,.T.);
#5781=EDGE_CURVE('',#4637,#4611,#2422,.T.);
#5782=EDGE_CURVE('',#4591,#4625,#2423,.T.);
#5783=EDGE_CURVE('',#4638,#4613,#2424,.T.);
#5784=EDGE_CURVE('',#4639,#4679,#2425,.T.);
#5785=EDGE_CURVE('',#4640,#4678,#2426,.T.);
#5786=EDGE_CURVE('',#4641,#4674,#2427,.T.);
#5787=EDGE_CURVE('',#4588,#4624,#2428,.T.);
#5788=EDGE_CURVE('',#4642,#4676,#2429,.T.);
#5789=EDGE_CURVE('',#4586,#4623,#2430,.T.);
#5790=EDGE_CURVE('',#4643,#4577,#2431,.T.);
#5791=EDGE_CURVE('',#4584,#4622,#2432,.T.);
#5792=EDGE_CURVE('',#4644,#4580,#2433,.T.);
#5793=EDGE_CURVE('',#4582,#4621,#2434,.T.);
#5794=EDGE_CURVE('',#4617,#4615,#2435,.T.);
#5795=EDGE_CURVE('',#4575,#4620,#2436,.T.);
#5796=EDGE_CURVE('',#4618,#4616,#2437,.T.);
#5797=EDGE_CURVE('',#4576,#4619,#2438,.T.);
#5798=EDGE_CURVE('',#4681,#4682,#4045,.T.);
#5799=EDGE_CURVE('',#4681,#4683,#2439,.T.);
#5800=EDGE_CURVE('',#4684,#4683,#4046,.T.);
#5801=EDGE_CURVE('',#4684,#4682,#2440,.T.);
#5802=EDGE_CURVE('',#4685,#4685,#4047,.T.);
#5803=EDGE_CURVE('',#4685,#4686,#2441,.T.);
#5804=EDGE_CURVE('',#4686,#4686,#4048,.T.);
#5805=EDGE_CURVE('',#4687,#4687,#4049,.T.);
#5806=EDGE_CURVE('',#4687,#4688,#2442,.T.);
#5807=EDGE_CURVE('',#4688,#4688,#4050,.T.);
#5808=EDGE_CURVE('',#4689,#4689,#4051,.T.);
#5809=EDGE_CURVE('',#4689,#4685,#2443,.T.);
#5810=EDGE_CURVE('',#4690,#4691,#4052,.T.);
#5811=EDGE_CURVE('',#4690,#4681,#2444,.T.);
#5812=EDGE_CURVE('',#4691,#4682,#2445,.T.);
#5813=EDGE_CURVE('',#4692,#4692,#4053,.T.);
#5814=EDGE_CURVE('',#4692,#4693,#2446,.T.);
#5815=EDGE_CURVE('',#4693,#4693,#4054,.T.);
#5816=EDGE_CURVE('',#4694,#4694,#4055,.T.);
#5817=EDGE_CURVE('',#4694,#4692,#2447,.T.);
#5818=EDGE_CURVE('',#4695,#4695,#4056,.T.);
#5819=EDGE_CURVE('',#4695,#4696,#2448,.T.);
#5820=EDGE_CURVE('',#4696,#4696,#4057,.T.);
#5821=EDGE_CURVE('',#4697,#4697,#4058,.T.);
#5822=EDGE_CURVE('',#4697,#4695,#2449,.T.);
#5823=EDGE_CURVE('',#4698,#4698,#4059,.T.);
#5824=EDGE_CURVE('',#4698,#4699,#2450,.T.);
#5825=EDGE_CURVE('',#4699,#4699,#4060,.T.);
#5826=EDGE_CURVE('',#4700,#4700,#4061,.T.);
#5827=EDGE_CURVE('',#4700,#4698,#2451,.T.);
#5828=EDGE_CURVE('',#4701,#4701,#4062,.T.);
#5829=EDGE_CURVE('',#4701,#4702,#2452,.T.);
#5830=EDGE_CURVE('',#4702,#4702,#4063,.T.);
#5831=EDGE_CURVE('',#4703,#4703,#4064,.T.);
#5832=EDGE_CURVE('',#4703,#4701,#2453,.T.);
#5833=EDGE_CURVE('',#4704,#4704,#4065,.T.);
#5834=EDGE_CURVE('',#4704,#4687,#2454,.T.);
#5835=EDGE_CURVE('',#4705,#4705,#4066,.T.);
#5836=EDGE_CURVE('',#4705,#4706,#2455,.T.);
#5837=EDGE_CURVE('',#4706,#4706,#4067,.T.);
#5838=EDGE_CURVE('',#4707,#4708,#4068,.T.);
#5839=EDGE_CURVE('',#4707,#4709,#2456,.T.);
#5840=EDGE_CURVE('',#4709,#4710,#4069,.T.);
#5841=EDGE_CURVE('',#4710,#4705,#2457,.T.);
#5842=EDGE_CURVE('',#4710,#4711,#4070,.T.);
#5843=EDGE_CURVE('',#4711,#4708,#2458,.T.);
#5844=EDGE_CURVE('',#4712,#4713,#4071,.T.);
#5845=EDGE_CURVE('',#4712,#4714,#2459,.T.);
#5846=EDGE_CURVE('',#4715,#4714,#4072,.T.);
#5847=EDGE_CURVE('',#4713,#4715,#2460,.T.);
#5848=EDGE_CURVE('',#4716,#4716,#4073,.T.);
#5849=EDGE_CURVE('',#4716,#4717,#2461,.T.);
#5850=EDGE_CURVE('',#4717,#4717,#4074,.T.);
#5851=EDGE_CURVE('',#4718,#4718,#4075,.T.);
#5852=EDGE_CURVE('',#4718,#4716,#2462,.T.);
#5853=EDGE_CURVE('',#4719,#4719,#4076,.T.);
#5854=EDGE_CURVE('',#4719,#4720,#2463,.T.);
#5855=EDGE_CURVE('',#4720,#4720,#4077,.T.);
#5856=EDGE_CURVE('',#4721,#4721,#4078,.T.);
#5857=EDGE_CURVE('',#4721,#4719,#2464,.T.);
#5858=EDGE_CURVE('',#4722,#4722,#4079,.T.);
#5859=EDGE_CURVE('',#4722,#4723,#2465,.T.);
#5860=EDGE_CURVE('',#4723,#4723,#4080,.T.);
#5861=EDGE_CURVE('',#4724,#4724,#4081,.T.);
#5862=EDGE_CURVE('',#4724,#4722,#2466,.T.);
#5863=EDGE_CURVE('',#4725,#4725,#4082,.T.);
#5864=EDGE_CURVE('',#4725,#4726,#2467,.T.);
#5865=EDGE_CURVE('',#4726,#4726,#4083,.T.);
#5866=EDGE_CURVE('',#4727,#4727,#4084,.T.);
#5867=EDGE_CURVE('',#4727,#4725,#2468,.T.);
#5868=EDGE_CURVE('',#4728,#4728,#4085,.T.);
#5869=EDGE_CURVE('',#4728,#4729,#2469,.T.);
#5870=EDGE_CURVE('',#4729,#4729,#4086,.T.);
#5871=EDGE_CURVE('',#4730,#4731,#4087,.T.);
#5872=EDGE_CURVE('',#4730,#4732,#2470,.T.);
#5873=EDGE_CURVE('',#4733,#4732,#4088,.T.);
#5874=EDGE_CURVE('',#4733,#4731,#2471,.T.);
#5875=EDGE_CURVE('',#4734,#4734,#4089,.T.);
#5876=EDGE_CURVE('',#4734,#4735,#2472,.T.);
#5877=EDGE_CURVE('',#4735,#4735,#4090,.T.);
#5878=EDGE_CURVE('',#4736,#4737,#4091,.T.);
#5879=EDGE_CURVE('',#4738,#4736,#2473,.T.);
#5880=EDGE_CURVE('',#4739,#4738,#4092,.T.);
#5881=EDGE_CURVE('',#4739,#4737,#2474,.T.);
#5882=EDGE_CURVE('',#4740,#4740,#4093,.T.);
#5883=EDGE_CURVE('',#4740,#4741,#2475,.T.);
#5884=EDGE_CURVE('',#4741,#4741,#4094,.T.);
#5885=EDGE_CURVE('',#4742,#4742,#4095,.T.);
#5886=EDGE_CURVE('',#4742,#4740,#2476,.T.);
#5887=EDGE_CURVE('',#4743,#4743,#4096,.T.);
#5888=EDGE_CURVE('',#4743,#4744,#2477,.T.);
#5889=EDGE_CURVE('',#4744,#4744,#4097,.T.);
#5890=EDGE_CURVE('',#4745,#4745,#4098,.T.);
#5891=EDGE_CURVE('',#4745,#4743,#2478,.T.);
#5892=EDGE_CURVE('',#4746,#4746,#4099,.T.);
#5893=EDGE_CURVE('',#4746,#4747,#2479,.T.);
#5894=EDGE_CURVE('',#4747,#4747,#4100,.T.);
#5895=EDGE_CURVE('',#4748,#4748,#4101,.T.);
#5896=EDGE_CURVE('',#4748,#4746,#2480,.T.);
#5897=EDGE_CURVE('',#4749,#4749,#4102,.T.);
#5898=EDGE_CURVE('',#4749,#4750,#2481,.T.);
#5899=EDGE_CURVE('',#4750,#4750,#4103,.T.);
#5900=EDGE_CURVE('',#4751,#4751,#4104,.T.);
#5901=EDGE_CURVE('',#4751,#4749,#2482,.T.);
#5902=EDGE_CURVE('',#4752,#4753,#4105,.T.);
#5903=EDGE_CURVE('',#4752,#4736,#2483,.T.);
#5904=EDGE_CURVE('',#4753,#4737,#2484,.T.);
#5905=EDGE_CURVE('',#4754,#4754,#4106,.T.);
#5906=EDGE_CURVE('',#4754,#4734,#2485,.T.);
#5907=EDGE_CURVE('',#4755,#4755,#4107,.T.);
#5908=EDGE_CURVE('',#4755,#4756,#2486,.T.);
#5909=EDGE_CURVE('',#4756,#4756,#4108,.T.);
#5910=EDGE_CURVE('',#4757,#4757,#4109,.T.);
#5911=EDGE_CURVE('',#4757,#4755,#2487,.T.);
#5912=EDGE_CURVE('',#4758,#4758,#4110,.T.);
#5913=EDGE_CURVE('',#4758,#4759,#2488,.T.);
#5914=EDGE_CURVE('',#4759,#4759,#4111,.T.);
#5915=EDGE_CURVE('',#4760,#4760,#4112,.T.);
#5916=EDGE_CURVE('',#4760,#4758,#2489,.T.);
#5917=EDGE_CURVE('',#4761,#4761,#4113,.T.);
#5918=EDGE_CURVE('',#4761,#4762,#2490,.T.);
#5919=EDGE_CURVE('',#4762,#4762,#4114,.T.);
#5920=EDGE_CURVE('',#4763,#4763,#4115,.T.);
#5921=EDGE_CURVE('',#4763,#4761,#2491,.T.);
#5922=EDGE_CURVE('',#4764,#4764,#4116,.T.);
#5923=EDGE_CURVE('',#4764,#4765,#2492,.T.);
#5924=EDGE_CURVE('',#4765,#4765,#4117,.T.);
#5925=EDGE_CURVE('',#4766,#4766,#4118,.T.);
#5926=EDGE_CURVE('',#4766,#4764,#2493,.T.);
#5927=EDGE_CURVE('',#4767,#4768,#4119,.T.);
#5928=EDGE_CURVE('',#4767,#4730,#2494,.T.);
#5929=EDGE_CURVE('',#4768,#4731,#2495,.T.);
#5930=EDGE_CURVE('',#4769,#4769,#4120,.T.);
#5931=EDGE_CURVE('',#4769,#4728,#2496,.T.);
#5932=EDGE_CURVE('',#4770,#4770,#4121,.T.);
#5933=EDGE_CURVE('',#4770,#4771,#2497,.T.);
#5934=EDGE_CURVE('',#4771,#4771,#4122,.T.);
#5935=EDGE_CURVE('',#4772,#4772,#4123,.T.);
#5936=EDGE_CURVE('',#4772,#4770,#2498,.T.);
#5937=EDGE_CURVE('',#4773,#4773,#4124,.T.);
#5938=EDGE_CURVE('',#4773,#4774,#2499,.T.);
#5939=EDGE_CURVE('',#4774,#4774,#4125,.T.);
#5940=EDGE_CURVE('',#4775,#4775,#4126,.T.);
#5941=EDGE_CURVE('',#4775,#4773,#2500,.T.);
#5942=EDGE_CURVE('',#4776,#4776,#4127,.T.);
#5943=EDGE_CURVE('',#4776,#4777,#2501,.T.);
#5944=EDGE_CURVE('',#4777,#4777,#4128,.T.);
#5945=EDGE_CURVE('',#4778,#4778,#4129,.T.);
#5946=EDGE_CURVE('',#4778,#4776,#2502,.T.);
#5947=EDGE_CURVE('',#4779,#4779,#4130,.T.);
#5948=EDGE_CURVE('',#4779,#4780,#2503,.T.);
#5949=EDGE_CURVE('',#4780,#4780,#4131,.T.);
#5950=EDGE_CURVE('',#4781,#4781,#4132,.T.);
#5951=EDGE_CURVE('',#4781,#4779,#2504,.T.);
#5952=EDGE_CURVE('',#4782,#4783,#4133,.T.);
#5953=EDGE_CURVE('',#4783,#4784,#2505,.T.);
#5954=EDGE_CURVE('',#4784,#4785,#4134,.T.);
#5955=EDGE_CURVE('',#4785,#4782,#2506,.T.);
#5956=EDGE_CURVE('',#4786,#4787,#2507,.T.);
#5957=EDGE_CURVE('',#4786,#4788,#2508,.T.);
#5958=EDGE_CURVE('',#4788,#4789,#2509,.T.);
#5959=EDGE_CURVE('',#4789,#4787,#2510,.T.);
#5960=EDGE_CURVE('',#4790,#4791,#2511,.T.);
#5961=EDGE_CURVE('',#4792,#4791,#2512,.T.);
#5962=EDGE_CURVE('',#4793,#4792,#2513,.T.);
#5963=EDGE_CURVE('',#4793,#4790,#2514,.T.);
#5964=EDGE_CURVE('',#4794,#4795,#248,.T.);
#5965=EDGE_CURVE('',#4795,#4794,#4135,.T.);
#5966=EDGE_CURVE('',#4796,#4797,#2515,.T.);
#5967=EDGE_CURVE('',#4798,#4797,#2516,.T.);
#5968=EDGE_CURVE('',#4799,#4798,#2517,.T.);
#5969=EDGE_CURVE('',#4799,#4796,#2518,.T.);
#5970=EDGE_CURVE('',#4800,#4684,#2519,.T.);
#5971=EDGE_CURVE('',#4683,#4801,#2520,.T.);
#5972=EDGE_CURVE('',#4801,#4800,#4136,.T.);
#5973=EDGE_CURVE('',#4802,#4803,#2521,.T.);
#5974=EDGE_CURVE('',#4802,#4804,#2522,.T.);
#5975=EDGE_CURVE('',#4804,#4805,#2523,.T.);
#5976=EDGE_CURVE('',#4805,#4803,#2524,.T.);
#5977=EDGE_CURVE('',#4804,#4806,#2525,.T.);
#5978=EDGE_CURVE('',#4807,#4806,#2526,.T.);
#5979=EDGE_CURVE('',#4805,#4807,#2527,.T.);
#5980=EDGE_CURVE('',#4808,#4809,#2528,.T.);
#5981=EDGE_CURVE('',#4810,#4808,#2529,.T.);
#5982=EDGE_CURVE('',#4810,#4811,#2530,.T.);
#5983=EDGE_CURVE('',#4811,#4809,#2531,.T.);
#5984=EDGE_CURVE('',#4806,#4812,#4137,.T.);
#5985=EDGE_CURVE('',#4812,#4813,#2532,.T.);
#5986=EDGE_CURVE('',#4814,#4813,#2533,.T.);
#5987=EDGE_CURVE('',#4814,#4815,#2534,.T.);
#5988=EDGE_CURVE('',#4815,#4816,#2535,.T.);
#5989=EDGE_CURVE('',#4816,#4817,#2536,.T.);
#5990=EDGE_CURVE('',#4818,#4817,#2537,.T.);
#5991=EDGE_CURVE('',#4818,#4819,#2538,.T.);
#5992=EDGE_CURVE('',#4819,#4820,#2539,.T.);
#5993=EDGE_CURVE('',#4820,#4821,#2540,.T.);
#5994=EDGE_CURVE('',#4822,#4821,#2541,.T.);
#5995=EDGE_CURVE('',#4822,#4823,#2542,.T.);
#5996=EDGE_CURVE('',#4823,#4824,#2543,.T.);
#5997=EDGE_CURVE('',#4824,#4811,#2544,.T.);
#5998=EDGE_CURVE('',#4825,#4810,#2545,.T.);
#5999=EDGE_CURVE('',#4826,#4825,#2546,.T.);
#6000=EDGE_CURVE('',#4826,#4797,#2547,.T.);
#6001=EDGE_CURVE('',#4796,#4827,#2548,.T.);
#6002=EDGE_CURVE('',#4828,#4827,#2549,.T.);
#6003=EDGE_CURVE('',#4828,#4829,#2550,.T.);
#6004=EDGE_CURVE('',#4830,#4829,#2551,.T.);
#6005=EDGE_CURVE('',#4830,#4831,#2552,.T.);
#6006=EDGE_CURVE('',#4832,#4831,#2553,.T.);
#6007=EDGE_CURVE('',#4832,#4833,#2554,.T.);
#6008=EDGE_CURVE('',#4834,#4833,#2555,.T.);
#6009=EDGE_CURVE('',#4834,#4835,#2556,.T.);
#6010=EDGE_CURVE('',#4836,#4835,#2557,.T.);
#6011=EDGE_CURVE('',#4836,#4837,#2558,.T.);
#6012=EDGE_CURVE('',#4838,#4837,#2559,.T.);
#6013=EDGE_CURVE('',#4838,#4839,#2560,.T.);
#6014=EDGE_CURVE('',#4839,#4840,#4138,.T.);
#6015=EDGE_CURVE('',#4840,#4841,#2561,.T.);
#6016=EDGE_CURVE('',#4841,#4842,#4139,.T.);
#6017=EDGE_CURVE('',#4842,#4843,#2562,.T.);
#6018=EDGE_CURVE('',#4843,#4844,#4140,.T.);
#6019=EDGE_CURVE('',#4844,#4845,#4141,.T.);
#6020=EDGE_CURVE('',#4845,#4846,#2563,.T.);
#6021=EDGE_CURVE('',#4846,#4715,#4142,.T.);
#6022=EDGE_CURVE('',#4714,#4847,#4143,.T.);
#6023=EDGE_CURVE('',#4847,#4848,#2564,.T.);
#6024=EDGE_CURVE('',#4848,#4849,#4144,.T.);
#6025=EDGE_CURVE('',#4849,#4850,#4145,.T.);
#6026=EDGE_CURVE('',#4850,#4851,#2565,.T.);
#6027=EDGE_CURVE('',#4851,#4852,#4146,.T.);
#6028=EDGE_CURVE('',#4852,#4853,#2566,.T.);
#6029=EDGE_CURVE('',#4853,#4854,#2567,.T.);
#6030=EDGE_CURVE('',#4854,#4855,#2568,.T.);
#6031=EDGE_CURVE('',#4855,#4856,#4147,.T.);
#6032=EDGE_CURVE('',#4856,#4857,#2569,.T.);
#6033=EDGE_CURVE('',#4857,#4858,#4148,.T.);
#6034=EDGE_CURVE('',#4858,#4859,#4149,.T.);
#6035=EDGE_CURVE('',#4859,#4860,#2570,.T.);
#6036=EDGE_CURVE('',#4860,#4861,#4150,.T.);
#6037=EDGE_CURVE('',#4861,#4862,#4151,.T.);
#6038=EDGE_CURVE('',#4862,#4863,#4152,.T.);
#6039=EDGE_CURVE('',#4863,#4864,#2571,.T.);
#6040=EDGE_CURVE('',#4864,#4865,#4153,.T.);
#6041=EDGE_CURVE('',#4865,#4866,#4154,.T.);
#6042=EDGE_CURVE('',#4866,#4867,#2572,.T.);
#6043=EDGE_CURVE('',#4867,#4807,#4155,.T.);
#6044=EDGE_CURVE('',#4868,#4869,#2573,.T.);
#6045=EDGE_CURVE('',#4869,#4870,#4156,.T.);
#6046=EDGE_CURVE('',#4870,#4871,#2574,.T.);
#6047=EDGE_CURVE('',#4871,#4868,#4157,.T.);
#6048=EDGE_CURVE('',#4872,#4853,#2575,.T.);
#6049=EDGE_CURVE('',#4852,#4873,#2576,.T.);
#6050=EDGE_CURVE('',#4872,#4873,#2577,.T.);
#6051=EDGE_CURVE('',#4713,#4874,#2578,.T.);
#6052=EDGE_CURVE('',#4874,#4875,#4158,.T.);
#6053=EDGE_CURVE('',#4875,#4712,#2579,.T.);
#6054=EDGE_CURVE('',#4876,#4877,#2580,.T.);
#6055=EDGE_CURVE('',#4876,#4878,#2581,.T.);
#6056=EDGE_CURVE('',#4878,#4879,#2582,.T.);
#6057=EDGE_CURVE('',#4879,#4877,#2583,.T.);
#6058=EDGE_CURVE('',#4880,#4881,#2584,.T.);
#6059=EDGE_CURVE('',#4880,#4882,#2585,.T.);
#6060=EDGE_CURVE('',#4882,#4883,#2586,.T.);
#6061=EDGE_CURVE('',#4883,#4881,#2587,.T.);
#6062=EDGE_CURVE('',#4884,#4885,#4159,.T.);
#6063=EDGE_CURVE('',#4886,#4884,#2588,.T.);
#6064=EDGE_CURVE('',#4886,#4887,#4160,.T.);
#6065=EDGE_CURVE('',#4887,#4885,#2589,.T.);
#6066=EDGE_CURVE('',#4888,#4880,#4161,.T.);
#6067=EDGE_CURVE('',#4888,#4889,#2590,.T.);
#6068=EDGE_CURVE('',#4889,#4882,#4162,.T.);
#6069=EDGE_CURVE('',#4890,#4876,#4163,.T.);
#6070=EDGE_CURVE('',#4890,#4891,#2591,.T.);
#6071=EDGE_CURVE('',#4891,#4878,#4164,.T.);
#6072=EDGE_CURVE('',#4892,#4893,#4165,.T.);
#6073=EDGE_CURVE('',#4894,#4892,#2592,.T.);
#6074=EDGE_CURVE('',#4894,#4895,#4166,.T.);
#6075=EDGE_CURVE('',#4895,#4893,#2593,.T.);
#6076=EDGE_CURVE('',#4896,#4798,#2594,.T.);
#6077=EDGE_CURVE('',#4897,#4896,#2595,.T.);
#6078=EDGE_CURVE('',#4897,#4808,#2596,.T.);
#6079=EDGE_CURVE('',#4809,#4898,#2597,.T.);
#6080=EDGE_CURVE('',#4898,#4899,#2598,.T.);
#6081=EDGE_CURVE('',#4899,#4900,#2599,.T.);
#6082=EDGE_CURVE('',#4900,#4901,#2600,.T.);
#6083=EDGE_CURVE('',#4901,#4902,#2601,.T.);
#6084=EDGE_CURVE('',#4902,#4903,#2602,.T.);
#6085=EDGE_CURVE('',#4903,#4904,#2603,.T.);
#6086=EDGE_CURVE('',#4904,#4905,#2604,.T.);
#6087=EDGE_CURVE('',#4905,#4906,#2605,.T.);
#6088=EDGE_CURVE('',#4906,#4907,#2606,.T.);
#6089=EDGE_CURVE('',#4907,#4908,#2607,.T.);
#6090=EDGE_CURVE('',#4908,#4909,#2608,.T.);
#6091=EDGE_CURVE('',#4909,#4910,#2609,.T.);
#6092=EDGE_CURVE('',#4910,#4911,#2610,.T.);
#6093=EDGE_CURVE('',#4911,#4912,#2611,.T.);
#6094=EDGE_CURVE('',#4912,#4913,#2612,.T.);
#6095=EDGE_CURVE('',#4913,#4914,#2613,.T.);
#6096=EDGE_CURVE('',#4915,#4914,#2614,.T.);
#6097=EDGE_CURVE('',#4915,#4916,#2615,.T.);
#6098=EDGE_CURVE('',#4916,#4917,#2616,.T.);
#6099=EDGE_CURVE('',#4917,#4918,#2617,.T.);
#6100=EDGE_CURVE('',#4918,#4919,#2618,.T.);
#6101=EDGE_CURVE('',#4919,#4799,#2619,.T.);
#6102=EDGE_CURVE('',#4794,#4795,#2620,.T.);
#6103=EDGE_CURVE('',#4786,#4792,#2621,.T.);
#6104=EDGE_CURVE('',#4787,#4838,#2622,.T.);
#6105=EDGE_CURVE('',#4837,#4909,#2623,.T.);
#6106=EDGE_CURVE('',#4908,#4814,#2624,.T.);
#6107=EDGE_CURVE('',#4813,#4793,#2625,.T.);
#6108=EDGE_CURVE('',#4900,#4822,#2626,.T.);
#6109=EDGE_CURVE('',#4821,#4901,#2627,.T.);
#6110=EDGE_CURVE('',#4824,#4898,#2628,.T.);
#6111=EDGE_CURVE('',#4907,#4815,#2629,.T.);
#6112=EDGE_CURVE('',#4817,#4905,#2630,.T.);
#6113=EDGE_CURVE('',#4904,#4818,#2631,.T.);
#6114=EDGE_CURVE('',#4920,#4733,#2632,.T.);
#6115=EDGE_CURVE('',#4732,#4921,#2633,.T.);
#6116=EDGE_CURVE('',#4921,#4920,#4167,.T.);
#6117=EDGE_CURVE('',#4833,#4913,#2634,.T.);
#6118=EDGE_CURVE('',#4912,#4834,#2635,.T.);
#6119=EDGE_CURVE('',#4919,#4827,#2636,.T.);
#6120=EDGE_CURVE('',#4836,#4910,#2637,.T.);
#6121=EDGE_CURVE('',#4916,#4830,#2638,.T.);
#6122=EDGE_CURVE('',#4829,#4917,#2639,.T.);
#6123=EDGE_CURVE('',#4738,#4922,#2640,.T.);
#6124=EDGE_CURVE('',#4922,#4923,#4168,.T.);
#6125=EDGE_CURVE('',#4923,#4739,#2641,.T.);
#6126=EDGE_CURVE('',#4924,#4925,#2642,.T.);
#6127=EDGE_CURVE('',#4926,#4924,#4169,.T.);
#6128=EDGE_CURVE('',#4926,#4927,#2643,.T.);
#6129=EDGE_CURVE('',#4927,#4925,#4170,.T.);
#6130=EDGE_CURVE('',#4768,#4926,#2644,.T.);
#6131=EDGE_CURVE('',#4731,#4927,#2645,.T.);
#6132=EDGE_CURVE('',#4924,#4767,#2646,.T.);
#6133=EDGE_CURVE('',#4925,#4730,#2647,.T.);
#6134=EDGE_CURVE('',#4928,#4929,#2648,.T.);
#6135=EDGE_CURVE('',#4930,#4928,#4171,.T.);
#6136=EDGE_CURVE('',#4930,#4931,#2649,.T.);
#6137=EDGE_CURVE('',#4931,#4929,#4172,.T.);
#6138=EDGE_CURVE('',#4753,#4930,#2650,.T.);
#6139=EDGE_CURVE('',#4737,#4931,#2651,.T.);
#6140=EDGE_CURVE('',#4928,#4752,#2652,.T.);
#6141=EDGE_CURVE('',#4929,#4736,#2653,.T.);
#6142=EDGE_CURVE('',#4915,#4831,#2654,.T.);
#6143=EDGE_CURVE('',#4914,#4832,#2655,.T.);
#6144=EDGE_CURVE('',#4911,#4835,#2656,.T.);
#6145=EDGE_CURVE('',#4918,#4828,#2657,.T.);
#6146=EDGE_CURVE('',#4902,#4820,#2658,.T.);
#6147=EDGE_CURVE('',#4903,#4819,#2659,.T.);
#6148=EDGE_CURVE('',#4906,#4816,#2660,.T.);
#6149=EDGE_CURVE('',#4899,#4823,#2661,.T.);
#6150=EDGE_CURVE('',#4931,#4923,#2662,.T.);
#6151=EDGE_CURVE('',#4929,#4922,#2663,.T.);
#6152=EDGE_CURVE('',#4920,#4927,#2664,.T.);
#6153=EDGE_CURVE('',#4925,#4921,#2665,.T.);
#6154=EDGE_CURVE('',#4932,#4788,#4173,.T.);
#6155=EDGE_CURVE('',#4791,#4802,#4174,.T.);
#6156=EDGE_CURVE('',#4803,#4933,#4175,.T.);
#6157=EDGE_CURVE('',#4933,#4934,#2666,.T.);
#6158=EDGE_CURVE('',#4934,#4890,#4176,.T.);
#6159=EDGE_CURVE('',#4877,#4785,#4177,.T.);
#6160=EDGE_CURVE('',#4784,#4935,#4178,.T.);
#6161=EDGE_CURVE('',#4892,#4935,#2667,.T.);
#6162=EDGE_CURVE('',#4893,#4936,#4179,.T.);
#6163=EDGE_CURVE('',#4936,#4937,#2668,.T.);
#6164=EDGE_CURVE('',#4937,#4938,#4180,.T.);
#6165=EDGE_CURVE('',#4938,#4939,#2669,.T.);
#6166=EDGE_CURVE('',#4939,#4940,#4181,.T.);
#6167=EDGE_CURVE('',#4940,#4941,#2670,.T.);
#6168=EDGE_CURVE('',#4941,#4888,#4182,.T.);
#6169=EDGE_CURVE('',#4881,#4875,#4183,.T.);
#6170=EDGE_CURVE('',#4874,#4942,#4184,.T.);
#6171=EDGE_CURVE('',#4884,#4942,#2671,.T.);
#6172=EDGE_CURVE('',#4885,#4943,#4185,.T.);
#6173=EDGE_CURVE('',#4943,#4944,#2672,.T.);
#6174=EDGE_CURVE('',#4944,#4945,#4186,.T.);
#6175=EDGE_CURVE('',#4945,#4932,#2673,.T.);
#6176=EDGE_CURVE('',#4933,#4946,#2674,.T.);
#6177=EDGE_CURVE('',#4946,#4947,#2675,.T.);
#6178=EDGE_CURVE('',#4947,#4934,#2676,.T.);
#6179=EDGE_CURVE('',#4948,#4949,#2677,.T.);
#6180=EDGE_CURVE('',#4949,#4932,#2678,.T.);
#6181=EDGE_CURVE('',#4945,#4948,#2679,.T.);
#6182=EDGE_CURVE('',#4943,#4950,#2680,.T.);
#6183=EDGE_CURVE('',#4950,#4951,#2681,.T.);
#6184=EDGE_CURVE('',#4951,#4944,#2682,.T.);
#6185=EDGE_CURVE('',#4940,#4952,#2683,.T.);
#6186=EDGE_CURVE('',#4952,#4953,#2684,.T.);
#6187=EDGE_CURVE('',#4953,#4941,#2685,.T.);
#6188=EDGE_CURVE('',#4954,#4955,#2686,.T.);
#6189=EDGE_CURVE('',#4955,#4872,#2687,.T.);
#6190=EDGE_CURVE('',#4873,#4939,#2688,.T.);
#6191=EDGE_CURVE('',#4938,#4954,#2689,.T.);
#6192=EDGE_CURVE('',#4936,#4956,#2690,.T.);
#6193=EDGE_CURVE('',#4956,#4957,#2691,.T.);
#6194=EDGE_CURVE('',#4957,#4937,#2692,.T.);
#6195=EDGE_CURVE('',#4947,#4891,#4187,.T.);
#6196=EDGE_CURVE('',#4895,#4956,#4188,.T.);
#6197=EDGE_CURVE('',#4953,#4889,#4189,.T.);
#6198=EDGE_CURVE('',#4887,#4950,#4190,.T.);
#6199=EDGE_CURVE('',#4951,#4948,#4191,.T.);
#6200=EDGE_CURVE('',#4805,#4946,#4192,.T.);
#6201=EDGE_CURVE('',#4873,#4952,#4193,.T.);
#6202=EDGE_CURVE('',#4957,#4954,#4194,.T.);
#6203=EDGE_CURVE('',#4935,#4958,#2693,.T.);
#6204=EDGE_CURVE('',#4958,#4894,#2694,.T.);
#6205=EDGE_CURVE('',#4942,#4959,#2695,.T.);
#6206=EDGE_CURVE('',#4959,#4886,#2696,.T.);
#6207=EDGE_CURVE('',#4879,#4782,#4195,.T.);
#6208=EDGE_CURVE('',#4783,#4958,#4196,.T.);
#6209=EDGE_CURVE('',#4713,#4959,#4197,.T.);
#6210=EDGE_CURVE('',#4883,#4712,#4198,.T.);
#6211=EDGE_CURVE('',#4952,#4851,#2697,.T.);
#6212=EDGE_CURVE('',#4854,#4955,#2698,.T.);
#6213=EDGE_CURVE('',#4855,#4954,#2699,.T.);
#6214=EDGE_CURVE('',#4953,#4850,#2700,.T.);
#6215=EDGE_CURVE('',#4856,#4957,#2701,.T.);
#6216=EDGE_CURVE('',#4889,#4849,#2702,.T.);
#6217=EDGE_CURVE('',#4857,#4956,#2703,.T.);
#6218=EDGE_CURVE('',#4882,#4848,#2704,.T.);
#6219=EDGE_CURVE('',#4858,#4895,#2705,.T.);
#6220=EDGE_CURVE('',#4883,#4847,#2706,.T.);
#6221=EDGE_CURVE('',#4859,#4894,#2707,.T.);
#6222=EDGE_CURVE('',#4860,#4958,#2708,.T.);
#6223=EDGE_CURVE('',#4861,#4783,#2709,.T.);
#6224=EDGE_CURVE('',#4959,#4846,#2710,.T.);
#6225=EDGE_CURVE('',#4862,#4782,#2711,.T.);
#6226=EDGE_CURVE('',#4886,#4845,#2712,.T.);
#6227=EDGE_CURVE('',#4863,#4879,#2713,.T.);
#6228=EDGE_CURVE('',#4887,#4844,#2714,.T.);
#6229=EDGE_CURVE('',#4864,#4878,#2715,.T.);
#6230=EDGE_CURVE('',#4950,#4843,#2716,.T.);
#6231=EDGE_CURVE('',#4865,#4891,#2717,.T.);
#6232=EDGE_CURVE('',#4951,#4842,#2718,.T.);
#6233=EDGE_CURVE('',#4866,#4947,#2719,.T.);
#6234=EDGE_CURVE('',#4948,#4841,#2720,.T.);
#6235=EDGE_CURVE('',#4867,#4946,#2721,.T.);
#6236=EDGE_CURVE('',#4840,#4949,#2722,.T.);
#6237=EDGE_CURVE('',#4960,#4961,#2723,.T.);
#6238=EDGE_CURVE('',#4961,#4962,#2724,.T.);
#6239=EDGE_CURVE('',#4963,#4962,#2725,.T.);
#6240=EDGE_CURVE('',#4960,#4963,#2726,.T.);
#6241=EDGE_CURVE('',#4964,#4965,#2727,.T.);
#6242=EDGE_CURVE('',#4965,#4966,#4199,.T.);
#6243=EDGE_CURVE('',#4966,#4967,#2728,.T.);
#6244=EDGE_CURVE('',#4967,#4961,#4200,.T.);
#6245=EDGE_CURVE('',#4964,#4960,#4201,.T.);
#6246=EDGE_CURVE('',#4968,#4966,#2729,.T.);
#6247=EDGE_CURVE('',#4968,#4969,#2730,.T.);
#6248=EDGE_CURVE('',#4969,#4967,#2731,.T.);
#6249=EDGE_CURVE('',#4968,#4970,#4202,.T.);
#6250=EDGE_CURVE('',#4970,#4971,#2732,.T.);
#6251=EDGE_CURVE('',#4963,#4971,#4203,.T.);
#6252=EDGE_CURVE('',#4962,#4969,#4204,.T.);
#6253=EDGE_CURVE('',#4964,#4971,#2733,.T.);
#6254=EDGE_CURVE('',#4707,#4708,#2734,.T.);
#6255=EDGE_CURVE('',#4868,#4967,#2735,.T.);
#6256=EDGE_CURVE('',#4961,#4871,#2736,.T.);
#6257=EDGE_CURVE('',#4962,#4870,#2737,.T.);
#6258=EDGE_CURVE('',#4869,#4969,#2738,.T.);
#6259=EDGE_CURVE('',#4972,#4973,#4205,.T.);
#6260=EDGE_CURVE('',#4972,#4974,#2739,.T.);
#6261=EDGE_CURVE('',#4974,#4975,#4206,.T.);
#6262=EDGE_CURVE('',#4973,#4975,#2740,.T.);
#6263=EDGE_CURVE('',#4691,#4972,#2741,.T.);
#6264=EDGE_CURVE('',#4682,#4974,#2742,.T.);
#6265=EDGE_CURVE('',#4973,#4690,#2743,.T.);
#6266=EDGE_CURVE('',#4975,#4681,#2744,.T.);
#6267=EDGE_CURVE('',#4949,#4789,#4207,.T.);
#6268=EDGE_CURVE('',#4790,#4804,#4208,.T.);
#6269=EDGE_CURVE('',#4896,#4826,#2745,.T.);
#6270=EDGE_CURVE('',#4825,#4897,#2746,.T.);
#6271=EDGE_CURVE('',#4975,#4801,#2747,.T.);
#6272=EDGE_CURVE('',#4800,#4974,#2748,.T.);
#6273=EDGE_CURVE('',#4790,#4812,#2749,.T.);
#6274=EDGE_CURVE('',#4789,#4839,#2750,.T.);
#6275=EDGE_CURVE('',#4709,#4711,#2751,.T.);
#6276=EDGE_CURVE('',#4965,#4970,#2752,.T.);
#6277=EDGE_CURVE('',#4976,#4976,#4209,.T.);
#6278=EDGE_CURVE('',#4976,#4977,#2753,.T.);
#6279=EDGE_CURVE('',#4978,#4977,#4210,.T.);
#6280=EDGE_CURVE('',#4977,#4978,#4211,.T.);
#6281=EDGE_CURVE('',#4979,#4979,#4212,.T.);
#6282=EDGE_CURVE('',#4979,#4980,#2754,.T.);
#6283=EDGE_CURVE('',#4980,#4980,#4213,.T.);
#6284=EDGE_CURVE('',#4981,#4978,#4214,.T.);
#6285=EDGE_CURVE('',#4982,#4983,#4215,.T.);
#6286=EDGE_CURVE('',#4984,#4982,#2755,.T.);
#6287=EDGE_CURVE('',#4985,#4984,#4216,.T.);
#6288=EDGE_CURVE('',#4983,#4985,#2756,.T.);
#6289=EDGE_CURVE('',#4986,#4987,#4217,.T.);
#6290=EDGE_CURVE('',#4988,#4986,#2757,.T.);
#6291=EDGE_CURVE('',#4989,#4988,#4218,.T.);
#6292=EDGE_CURVE('',#4987,#4989,#2758,.T.);
#6293=EDGE_CURVE('',#4990,#4991,#4219,.T.);
#6294=EDGE_CURVE('',#4991,#4990,#4220,.T.);
#6295=EDGE_CURVE('',#4990,#4992,#2759,.T.);
#6296=EDGE_CURVE('',#4992,#4993,#4221,.T.);
#6297=EDGE_CURVE('',#4993,#4994,#4222,.T.);
#6298=EDGE_CURVE('',#4994,#4995,#4223,.T.);
#6299=EDGE_CURVE('',#4995,#4996,#2760,.T.);
#6300=EDGE_CURVE('',#4996,#4997,#4224,.T.);
#6301=EDGE_CURVE('',#4997,#4998,#4225,.T.);
#6302=EDGE_CURVE('',#4998,#4999,#4226,.T.);
#6303=EDGE_CURVE('',#4999,#5000,#2761,.T.);
#6304=EDGE_CURVE('',#5001,#5000,#4227,.T.);
#6305=EDGE_CURVE('',#5000,#5001,#4228,.T.);
#6306=EDGE_CURVE('',#4999,#5002,#4229,.T.);
#6307=EDGE_CURVE('',#5002,#5003,#4230,.T.);
#6308=EDGE_CURVE('',#5003,#4996,#4231,.T.);
#6309=EDGE_CURVE('',#4995,#5004,#4232,.T.);
#6310=EDGE_CURVE('',#5004,#5005,#4233,.T.);
#6311=EDGE_CURVE('',#5005,#4992,#4234,.T.);
#6312=EDGE_CURVE('',#5006,#5007,#4235,.T.);
#6313=EDGE_CURVE('',#5007,#5008,#4236,.T.);
#6314=EDGE_CURVE('',#5008,#5009,#4237,.T.);
#6315=EDGE_CURVE('',#5009,#5006,#4238,.T.);
#6316=EDGE_CURVE('',#5010,#5011,#4239,.T.);
#6317=EDGE_CURVE('',#5011,#5012,#4240,.T.);
#6318=EDGE_CURVE('',#5012,#5013,#4241,.T.);
#6319=EDGE_CURVE('',#5013,#5010,#4242,.T.);
#6320=EDGE_CURVE('',#5014,#5015,#4243,.T.);
#6321=EDGE_CURVE('',#5015,#5016,#4244,.T.);
#6322=EDGE_CURVE('',#5016,#5017,#4245,.T.);
#6323=EDGE_CURVE('',#5017,#5014,#4246,.T.);
#6324=EDGE_CURVE('',#5018,#5019,#4247,.T.);
#6325=EDGE_CURVE('',#5019,#5020,#4248,.T.);
#6326=EDGE_CURVE('',#5020,#5021,#4249,.T.);
#6327=EDGE_CURVE('',#5021,#5018,#4250,.T.);
#6328=EDGE_CURVE('',#5022,#5023,#4251,.T.);
#6329=EDGE_CURVE('',#5023,#5024,#4252,.T.);
#6330=EDGE_CURVE('',#5024,#5025,#4253,.T.);
#6331=EDGE_CURVE('',#5025,#5022,#4254,.T.);
#6332=EDGE_CURVE('',#5026,#5027,#4255,.T.);
#6333=EDGE_CURVE('',#5027,#5028,#4256,.T.);
#6334=EDGE_CURVE('',#5028,#5029,#4257,.T.);
#6335=EDGE_CURVE('',#5029,#5026,#4258,.T.);
#6336=EDGE_CURVE('',#5030,#5031,#4259,.T.);
#6337=EDGE_CURVE('',#5031,#5032,#4260,.T.);
#6338=EDGE_CURVE('',#5032,#5033,#4261,.T.);
#6339=EDGE_CURVE('',#5033,#5030,#4262,.T.);
#6340=EDGE_CURVE('',#5034,#5035,#4263,.T.);
#6341=EDGE_CURVE('',#5035,#5036,#4264,.T.);
#6342=EDGE_CURVE('',#5036,#5037,#4265,.T.);
#6343=EDGE_CURVE('',#5037,#5034,#4266,.T.);
#6344=EDGE_CURVE('',#5038,#5039,#4267,.T.);
#6345=EDGE_CURVE('',#5040,#5039,#172,.T.);
#6346=EDGE_CURVE('',#5024,#5040,#132,.F.);
#6347=EDGE_CURVE('',#5023,#5041,#133,.T.);
#6348=EDGE_CURVE('',#5038,#5041,#173,.T.);
#6349=EDGE_CURVE('',#5042,#5043,#4268,.T.);
#6350=EDGE_CURVE('',#5043,#5044,#174,.T.);
#6351=EDGE_CURVE('',#5002,#5044,#134,.F.);
#6352=EDGE_CURVE('',#4998,#5045,#135,.T.);
#6353=EDGE_CURVE('',#5045,#5042,#175,.T.);
#6354=EDGE_CURVE('',#5046,#5047,#4269,.T.);
#6355=EDGE_CURVE('',#5047,#5048,#176,.T.);
#6356=EDGE_CURVE('',#5013,#5048,#136,.T.);
#6357=EDGE_CURVE('',#5012,#5049,#137,.T.);
#6358=EDGE_CURVE('',#5049,#5046,#177,.T.);
#6359=EDGE_CURVE('',#5050,#5051,#4270,.T.);
#6360=EDGE_CURVE('',#5051,#5052,#178,.T.);
#6361=EDGE_CURVE('',#5009,#5052,#138,.T.);
#6362=EDGE_CURVE('',#5008,#5053,#139,.T.);
#6363=EDGE_CURVE('',#5053,#5050,#179,.T.);
#6364=EDGE_CURVE('',#5054,#5055,#4271,.T.);
#6365=EDGE_CURVE('',#5055,#5056,#180,.T.);
#6366=EDGE_CURVE('',#5034,#5056,#140,.T.);
#6367=EDGE_CURVE('',#5037,#5057,#141,.T.);
#6368=EDGE_CURVE('',#5057,#5054,#181,.T.);
#6369=EDGE_CURVE('',#5058,#5059,#4272,.T.);
#6370=EDGE_CURVE('',#5059,#5060,#182,.T.);
#6371=EDGE_CURVE('',#5030,#5060,#142,.T.);
#6372=EDGE_CURVE('',#5033,#5061,#143,.T.);
#6373=EDGE_CURVE('',#5061,#5058,#183,.T.);
#6374=EDGE_CURVE('',#5062,#5063,#4273,.T.);
#6375=EDGE_CURVE('',#5063,#5064,#184,.T.);
#6376=EDGE_CURVE('',#5065,#5064,#144,.T.);
#6377=EDGE_CURVE('',#5066,#5065,#4274,.T.);
#6378=EDGE_CURVE('',#5067,#5066,#4275,.T.);
#6379=EDGE_CURVE('',#5068,#5067,#145,.T.);
#6380=EDGE_CURVE('',#5068,#5062,#185,.T.);
#6381=EDGE_CURVE('',#5069,#5070,#4276,.T.);
#6382=EDGE_CURVE('',#5070,#5071,#2762,.T.);
#6383=EDGE_CURVE('',#5071,#5072,#4277,.T.);
#6384=EDGE_CURVE('',#5072,#5069,#2763,.T.);
#6385=EDGE_CURVE('',#5073,#5074,#4278,.T.);
#6386=EDGE_CURVE('',#5074,#5075,#2764,.T.);
#6387=EDGE_CURVE('',#5075,#5076,#4279,.T.);
#6388=EDGE_CURVE('',#5076,#5073,#2765,.T.);
#6389=EDGE_CURVE('',#5077,#5077,#4280,.T.);
#6390=EDGE_CURVE('',#5077,#5078,#2766,.T.);
#6391=EDGE_CURVE('',#5078,#5078,#4281,.T.);
#6392=EDGE_CURVE('',#5079,#5079,#4282,.T.);
#6393=EDGE_CURVE('',#5079,#5080,#2767,.T.);
#6394=EDGE_CURVE('',#5080,#5080,#4283,.T.);
#6395=EDGE_CURVE('',#5081,#5082,#2768,.T.);
#6396=EDGE_CURVE('',#5083,#5082,#4284,.T.);
#6397=EDGE_CURVE('',#5084,#5083,#4285,.T.);
#6398=EDGE_CURVE('',#5085,#5084,#4286,.T.);
#6399=EDGE_CURVE('',#5086,#5085,#4287,.T.);
#6400=EDGE_CURVE('',#5086,#5087,#2769,.T.);
#6401=EDGE_CURVE('',#5087,#5081,#4288,.T.);
#6402=EDGE_CURVE('',#5088,#5089,#2770,.T.);
#6403=EDGE_CURVE('',#5088,#5090,#4289,.T.);
#6404=EDGE_CURVE('',#5091,#5090,#2771,.T.);
#6405=EDGE_CURVE('',#5091,#5092,#4290,.T.);
#6406=EDGE_CURVE('',#5093,#5092,#2772,.T.);
#6407=EDGE_CURVE('',#5093,#5089,#2773,.T.);
#6408=EDGE_CURVE('',#4989,#4983,#2774,.T.);
#6409=EDGE_CURVE('',#4988,#5094,#2775,.T.);
#6410=EDGE_CURVE('',#5094,#5095,#2776,.T.);
#6411=EDGE_CURVE('',#4982,#5095,#2777,.T.);
#6412=EDGE_CURVE('',#5096,#5097,#2778,.T.);
#6413=EDGE_CURVE('',#5097,#5098,#4291,.T.);
#6414=EDGE_CURVE('',#5099,#5098,#2779,.T.);
#6415=EDGE_CURVE('',#5099,#5096,#4292,.T.);
#6416=EDGE_CURVE('',#5100,#5101,#2780,.T.);
#6417=EDGE_CURVE('',#5100,#5102,#4293,.T.);
#6418=EDGE_CURVE('',#5102,#5103,#2781,.T.);
#6419=EDGE_CURVE('',#5103,#5101,#4294,.T.);
#6420=EDGE_CURVE('',#5104,#5094,#2782,.T.);
#6421=EDGE_CURVE('',#5105,#5104,#4295,.T.);
#6422=EDGE_CURVE('',#5089,#5105,#2783,.T.);
#6423=EDGE_CURVE('',#5106,#5093,#2784,.T.);
#6424=EDGE_CURVE('',#5107,#5106,#4296,.T.);
#6425=EDGE_CURVE('',#5095,#5107,#2785,.T.);
#6426=EDGE_CURVE('',#5098,#5100,#2786,.T.);
#6427=EDGE_CURVE('',#5101,#5099,#2787,.T.);
#6428=EDGE_CURVE('',#5087,#5107,#2788,.T.);
#6429=EDGE_CURVE('',#4984,#5086,#2789,.T.);
#6430=EDGE_CURVE('',#5092,#5108,#2790,.T.);
#6431=EDGE_CURVE('',#5108,#5082,#2791,.T.);
#6432=EDGE_CURVE('',#5081,#5106,#2792,.T.);
#6433=EDGE_CURVE('',#5109,#5110,#4297,.T.);
#6434=EDGE_CURVE('',#5110,#5109,#4298,.T.);
#6435=EDGE_CURVE('',#5109,#5001,#4299,.T.);
#6436=EDGE_CURVE('',#5000,#5110,#4300,.T.);
#6437=EDGE_CURVE('',#5022,#5111,#146,.T.);
#6438=EDGE_CURVE('',#5041,#5111,#2793,.T.);
#6439=EDGE_CURVE('',#5025,#5112,#147,.T.);
#6440=EDGE_CURVE('',#5113,#5112,#186,.T.);
#6441=EDGE_CURVE('',#5113,#5114,#4301,.T.);
#6442=EDGE_CURVE('',#5111,#5114,#187,.T.);
#6443=EDGE_CURVE('',#5112,#5040,#2794,.T.);
#6444=EDGE_CURVE('',#5115,#5020,#188,.T.);
#6445=EDGE_CURVE('',#5019,#5116,#189,.T.);
#6446=EDGE_CURVE('',#5116,#5115,#4302,.T.);
#6447=EDGE_CURVE('',#5117,#5116,#148,.T.);
#6448=EDGE_CURVE('',#5018,#5118,#149,.T.);
#6449=EDGE_CURVE('',#5117,#5118,#2795,.T.);
#6450=EDGE_CURVE('',#5021,#5119,#150,.T.);
#6451=EDGE_CURVE('',#5120,#5119,#190,.T.);
#6452=EDGE_CURVE('',#5120,#5121,#4303,.T.);
#6453=EDGE_CURVE('',#5118,#5121,#191,.T.);
#6454=EDGE_CURVE('',#5115,#5122,#151,.T.);
#6455=EDGE_CURVE('',#5119,#5122,#2796,.T.);
#6456=EDGE_CURVE('',#5123,#5016,#152,.F.);
#6457=EDGE_CURVE('',#5015,#5124,#153,.T.);
#6458=EDGE_CURVE('',#5125,#5124,#192,.T.);
#6459=EDGE_CURVE('',#5125,#5126,#4304,.T.);
#6460=EDGE_CURVE('',#5123,#5126,#193,.T.);
#6461=EDGE_CURVE('',#5014,#5127,#154,.T.);
#6462=EDGE_CURVE('',#5124,#5127,#2797,.T.);
#6463=EDGE_CURVE('',#5017,#5128,#155,.T.);
#6464=EDGE_CURVE('',#5129,#5128,#194,.T.);
#6465=EDGE_CURVE('',#5129,#5130,#4305,.T.);
#6466=EDGE_CURVE('',#5127,#5130,#195,.T.);
#6467=EDGE_CURVE('',#5128,#5123,#2798,.T.);
#6468=EDGE_CURVE('',#4997,#5131,#156,.T.);
#6469=EDGE_CURVE('',#5131,#5045,#2799,.T.);
#6470=EDGE_CURVE('',#5003,#5132,#157,.T.);
#6471=EDGE_CURVE('',#5132,#5133,#196,.T.);
#6472=EDGE_CURVE('',#5133,#5134,#4306,.T.);
#6473=EDGE_CURVE('',#5134,#5131,#197,.T.);
#6474=EDGE_CURVE('',#4994,#5067,#198,.T.);
#6475=EDGE_CURVE('',#5066,#4995,#199,.T.);
#6476=EDGE_CURVE('',#4993,#5135,#158,.T.);
#6477=EDGE_CURVE('',#5135,#5068,#2800,.T.);
#6478=EDGE_CURVE('',#5005,#5136,#159,.T.);
#6479=EDGE_CURVE('',#5136,#5137,#200,.T.);
#6480=EDGE_CURVE('',#5137,#5138,#4307,.T.);
#6481=EDGE_CURVE('',#5138,#5135,#201,.T.);
#6482=EDGE_CURVE('',#5082,#5086,#4308,.T.);
#6483=EDGE_CURVE('',#5084,#4991,#4309,.T.);
#6484=EDGE_CURVE('',#5011,#5139,#202,.T.);
#6485=EDGE_CURVE('',#5140,#5139,#160,.T.);
#6486=EDGE_CURVE('',#5140,#5049,#2801,.T.);
#6487=EDGE_CURVE('',#5010,#5141,#203,.T.);
#6488=EDGE_CURVE('',#5141,#5139,#4310,.T.);
#6489=EDGE_CURVE('',#5007,#5142,#161,.T.);
#6490=EDGE_CURVE('',#5142,#5053,#2802,.T.);
#6491=EDGE_CURVE('',#5006,#5143,#162,.T.);
#6492=EDGE_CURVE('',#5143,#5144,#204,.T.);
#6493=EDGE_CURVE('',#5144,#5145,#4311,.T.);
#6494=EDGE_CURVE('',#5145,#5142,#205,.T.);
#6495=EDGE_CURVE('',#5052,#5143,#2803,.T.);
#6496=EDGE_CURVE('',#5146,#5141,#163,.T.);
#6497=EDGE_CURVE('',#5048,#5146,#2804,.T.);
#6498=EDGE_CURVE('',#5064,#5136,#2805,.T.);
#6499=EDGE_CURVE('',#5004,#5065,#206,.T.);
#6500=EDGE_CURVE('',#5044,#5132,#2806,.T.);
#6501=EDGE_CURVE('',#5147,#5036,#164,.F.);
#6502=EDGE_CURVE('',#5035,#5148,#165,.T.);
#6503=EDGE_CURVE('',#5148,#5149,#207,.T.);
#6504=EDGE_CURVE('',#5149,#5150,#4312,.T.);
#6505=EDGE_CURVE('',#5150,#5147,#208,.T.);
#6506=EDGE_CURVE('',#5056,#5148,#2807,.T.);
#6507=EDGE_CURVE('',#5147,#5057,#2808,.T.);
#6508=EDGE_CURVE('',#5151,#5032,#166,.F.);
#6509=EDGE_CURVE('',#5031,#5152,#167,.T.);
#6510=EDGE_CURVE('',#5152,#5153,#209,.T.);
#6511=EDGE_CURVE('',#5153,#5154,#4313,.T.);
#6512=EDGE_CURVE('',#5154,#5151,#210,.T.);
#6513=EDGE_CURVE('',#5060,#5152,#2809,.T.);
#6514=EDGE_CURVE('',#5151,#5061,#2810,.T.);
#6515=EDGE_CURVE('',#5155,#5028,#211,.T.);
#6516=EDGE_CURVE('',#5027,#5156,#212,.T.);
#6517=EDGE_CURVE('',#5156,#5155,#4314,.T.);
#6518=EDGE_CURVE('',#5157,#5156,#168,.T.);
#6519=EDGE_CURVE('',#5026,#5158,#169,.T.);
#6520=EDGE_CURVE('',#5158,#5157,#2811,.T.);
#6521=EDGE_CURVE('',#5029,#5159,#170,.T.);
#6522=EDGE_CURVE('',#5159,#5160,#213,.T.);
#6523=EDGE_CURVE('',#5160,#5161,#4315,.T.);
#6524=EDGE_CURVE('',#5161,#5158,#214,.T.);
#6525=EDGE_CURVE('',#5155,#5162,#171,.T.);
#6526=EDGE_CURVE('',#5162,#5159,#2812,.T.);
#6527=EDGE_CURVE('',#5163,#5113,#2813,.T.);
#6528=EDGE_CURVE('',#5164,#5163,#4316,.T.);
#6529=EDGE_CURVE('',#5114,#5164,#2814,.T.);
#6530=EDGE_CURVE('',#5122,#5165,#215,.T.);
#6531=EDGE_CURVE('',#5166,#5117,#216,.T.);
#6532=EDGE_CURVE('',#5166,#5165,#4317,.T.);
#6533=EDGE_CURVE('',#5167,#5120,#2815,.T.);
#6534=EDGE_CURVE('',#5168,#5167,#4318,.T.);
#6535=EDGE_CURVE('',#5121,#5168,#2816,.T.);
#6536=EDGE_CURVE('',#5169,#5129,#2817,.T.);
#6537=EDGE_CURVE('',#5170,#5169,#4319,.T.);
#6538=EDGE_CURVE('',#5130,#5170,#2818,.T.);
#6539=EDGE_CURVE('',#5171,#5133,#2819,.T.);
#6540=EDGE_CURVE('',#5172,#5171,#4320,.T.);
#6541=EDGE_CURVE('',#5134,#5172,#2820,.T.);
#6542=EDGE_CURVE('',#5173,#5137,#2821,.T.);
#6543=EDGE_CURVE('',#5174,#5173,#4321,.T.);
#6544=EDGE_CURVE('',#5138,#5174,#2822,.T.);
#6545=EDGE_CURVE('',#5072,#5046,#2823,.T.);
#6546=EDGE_CURVE('',#5047,#5071,#2824,.T.);
#6547=EDGE_CURVE('',#5175,#5140,#217,.T.);
#6548=EDGE_CURVE('',#5146,#5176,#218,.T.);
#6549=EDGE_CURVE('',#5176,#5175,#4322,.T.);
#6550=EDGE_CURVE('',#5076,#5050,#2825,.T.);
#6551=EDGE_CURVE('',#5051,#5075,#2826,.T.);
#6552=EDGE_CURVE('',#5177,#5054,#2827,.T.);
#6553=EDGE_CURVE('',#5178,#5177,#4323,.T.);
#6554=EDGE_CURVE('',#5055,#5178,#2828,.T.);
#6555=EDGE_CURVE('',#5179,#5058,#2829,.T.);
#6556=EDGE_CURVE('',#5180,#5179,#4324,.T.);
#6557=EDGE_CURVE('',#5059,#5180,#2830,.T.);
#6558=EDGE_CURVE('',#5181,#5162,#219,.T.);
#6559=EDGE_CURVE('',#5157,#5182,#220,.T.);
#6560=EDGE_CURVE('',#5182,#5181,#4325,.T.);
#6561=EDGE_CURVE('',#5183,#5160,#2831,.T.);
#6562=EDGE_CURVE('',#5184,#5183,#4326,.T.);
#6563=EDGE_CURVE('',#5161,#5184,#2832,.T.);
#6564=EDGE_CURVE('',#5185,#5038,#2833,.T.);
#6565=EDGE_CURVE('',#5186,#5185,#4327,.T.);
#6566=EDGE_CURVE('',#5039,#5186,#2834,.T.);
#6567=EDGE_CURVE('',#5186,#5163,#2835,.T.);
#6568=EDGE_CURVE('',#5185,#5164,#2836,.T.);
#6569=EDGE_CURVE('',#5187,#5166,#2837,.T.);
#6570=EDGE_CURVE('',#5188,#5187,#4328,.T.);
#6571=EDGE_CURVE('',#5165,#5188,#2838,.T.);
#6572=EDGE_CURVE('',#5188,#5167,#2839,.T.);
#6573=EDGE_CURVE('',#5187,#5168,#2840,.T.);
#6574=EDGE_CURVE('',#5189,#5125,#2841,.T.);
#6575=EDGE_CURVE('',#5190,#5189,#4329,.T.);
#6576=EDGE_CURVE('',#5126,#5190,#2842,.T.);
#6577=EDGE_CURVE('',#5190,#5169,#2843,.T.);
#6578=EDGE_CURVE('',#5189,#5170,#2844,.T.);
#6579=EDGE_CURVE('',#5191,#5042,#2845,.T.);
#6580=EDGE_CURVE('',#5192,#5191,#4330,.T.);
#6581=EDGE_CURVE('',#5043,#5192,#2846,.T.);
#6582=EDGE_CURVE('',#5171,#5192,#2847,.T.);
#6583=EDGE_CURVE('',#5191,#5172,#2848,.T.);
#6584=EDGE_CURVE('',#5193,#5062,#2849,.T.);
#6585=EDGE_CURVE('',#5194,#5193,#4331,.T.);
#6586=EDGE_CURVE('',#5063,#5194,#2850,.T.);
#6587=EDGE_CURVE('',#5173,#5194,#2851,.T.);
#6588=EDGE_CURVE('',#5193,#5174,#2852,.T.);
#6589=EDGE_CURVE('',#5069,#5175,#2853,.T.);
#6590=EDGE_CURVE('',#5176,#5070,#2854,.T.);
#6591=EDGE_CURVE('',#5073,#5145,#2855,.T.);
#6592=EDGE_CURVE('',#5144,#5074,#2856,.T.);
#6593=EDGE_CURVE('',#5195,#5149,#2857,.T.);
#6594=EDGE_CURVE('',#5196,#5195,#4332,.T.);
#6595=EDGE_CURVE('',#5150,#5196,#2858,.T.);
#6596=EDGE_CURVE('',#5177,#5196,#2859,.T.);
#6597=EDGE_CURVE('',#5195,#5178,#2860,.T.);
#6598=EDGE_CURVE('',#5197,#5153,#2861,.T.);
#6599=EDGE_CURVE('',#5198,#5197,#4333,.T.);
#6600=EDGE_CURVE('',#5154,#5198,#2862,.T.);
#6601=EDGE_CURVE('',#5179,#5198,#2863,.T.);
#6602=EDGE_CURVE('',#5197,#5180,#2864,.T.);
#6603=EDGE_CURVE('',#5199,#5182,#2865,.T.);
#6604=EDGE_CURVE('',#5200,#5199,#4334,.T.);
#6605=EDGE_CURVE('',#5181,#5200,#2866,.T.);
#6606=EDGE_CURVE('',#5183,#5200,#2867,.T.);
#6607=EDGE_CURVE('',#5199,#5184,#2868,.T.);
#6608=EDGE_CURVE('',#5201,#5096,#2869,.T.);
#6609=EDGE_CURVE('',#5103,#5202,#2870,.T.);
#6610=EDGE_CURVE('',#5202,#5201,#4335,.T.);
#6611=EDGE_CURVE('',#4986,#5097,#2871,.T.);
#6612=EDGE_CURVE('',#5201,#5104,#2872,.T.);
#6613=EDGE_CURVE('',#5202,#5105,#2873,.T.);
#6614=EDGE_CURVE('',#5203,#5102,#2874,.T.);
#6615=EDGE_CURVE('',#5203,#5088,#2875,.T.);
#6616=EDGE_CURVE('',#5204,#4987,#2876,.T.);
#6617=EDGE_CURVE('',#5204,#5203,#4336,.T.);
#6618=EDGE_CURVE('',#4985,#5205,#2877,.T.);
#6619=EDGE_CURVE('',#5205,#5091,#2878,.T.);
#6620=EDGE_CURVE('',#5090,#5204,#2879,.T.);
#6621=EDGE_CURVE('',#5108,#5205,#4337,.T.);
#6622=EDGE_CURVE('',#5206,#5206,#4338,.T.);
#6623=EDGE_CURVE('',#5206,#5207,#2880,.T.);
#6624=EDGE_CURVE('',#5207,#5207,#4339,.T.);
#6625=EDGE_CURVE('',#5208,#5208,#4340,.T.);
#6626=EDGE_CURVE('',#5208,#5209,#2881,.T.);
#6627=EDGE_CURVE('',#5209,#5209,#4341,.T.);
#6628=EDGE_CURVE('',#5210,#5210,#4342,.T.);
#6629=EDGE_CURVE('',#5210,#5211,#2882,.T.);
#6630=EDGE_CURVE('',#5211,#5211,#4343,.T.);
#6631=EDGE_CURVE('',#5212,#5212,#4344,.T.);
#6632=EDGE_CURVE('',#5212,#5213,#2883,.T.);
#6633=EDGE_CURVE('',#5213,#5213,#4345,.T.);
#6634=EDGE_CURVE('',#5214,#5215,#2884,.T.);
#6635=EDGE_CURVE('',#5214,#5216,#2885,.T.);
#6636=EDGE_CURVE('',#5216,#5217,#2886,.T.);
#6637=EDGE_CURVE('',#5217,#5218,#2887,.T.);
#6638=EDGE_CURVE('',#5219,#5218,#2888,.T.);
#6639=EDGE_CURVE('',#5219,#5220,#2889,.T.);
#6640=EDGE_CURVE('',#5221,#5220,#2890,.T.);
#6641=EDGE_CURVE('',#5221,#5215,#2891,.T.);
#6642=EDGE_CURVE('',#5222,#5223,#2892,.T.);
#6643=EDGE_CURVE('',#5223,#5224,#2893,.T.);
#6644=EDGE_CURVE('',#5225,#5224,#2894,.T.);
#6645=EDGE_CURVE('',#5225,#5226,#2895,.T.);
#6646=EDGE_CURVE('',#5227,#5226,#2896,.T.);
#6647=EDGE_CURVE('',#5227,#5228,#2897,.T.);
#6648=EDGE_CURVE('',#5229,#5228,#2898,.T.);
#6649=EDGE_CURVE('',#5229,#5222,#2899,.T.);
#6650=EDGE_CURVE('',#5230,#5231,#2900,.T.);
#6651=EDGE_CURVE('',#5231,#5232,#2901,.T.);
#6652=EDGE_CURVE('',#5233,#5232,#2902,.T.);
#6653=EDGE_CURVE('',#5233,#5234,#2903,.T.);
#6654=EDGE_CURVE('',#5235,#5234,#2904,.T.);
#6655=EDGE_CURVE('',#5235,#5236,#2905,.T.);
#6656=EDGE_CURVE('',#5237,#5236,#2906,.T.);
#6657=EDGE_CURVE('',#5237,#5230,#2907,.T.);
#6658=EDGE_CURVE('',#5238,#5239,#2908,.T.);
#6659=EDGE_CURVE('',#5239,#5240,#2909,.T.);
#6660=EDGE_CURVE('',#5241,#5240,#2910,.T.);
#6661=EDGE_CURVE('',#5241,#5242,#2911,.T.);
#6662=EDGE_CURVE('',#5243,#5242,#2912,.T.);
#6663=EDGE_CURVE('',#5243,#5244,#2913,.T.);
#6664=EDGE_CURVE('',#5245,#5244,#2914,.T.);
#6665=EDGE_CURVE('',#5245,#5238,#2915,.T.);
#6666=EDGE_CURVE('',#5226,#5246,#4346,.T.);
#6667=EDGE_CURVE('',#5247,#5246,#2916,.T.);
#6668=EDGE_CURVE('',#5247,#5248,#4347,.T.);
#6669=EDGE_CURVE('',#5249,#5248,#2917,.T.);
#6670=EDGE_CURVE('',#5249,#5235,#4348,.T.);
#6671=EDGE_CURVE('',#5234,#5250,#4349,.T.);
#6672=EDGE_CURVE('',#5251,#5250,#2918,.T.);
#6673=EDGE_CURVE('',#5251,#5252,#4350,.T.);
#6674=EDGE_CURVE('',#5253,#5252,#2919,.T.);
#6675=EDGE_CURVE('',#5253,#5243,#4351,.T.);
#6676=EDGE_CURVE('',#5242,#5254,#4352,.T.);
#6677=EDGE_CURVE('',#5255,#5254,#2920,.T.);
#6678=EDGE_CURVE('',#5255,#5256,#4353,.T.);
#6679=EDGE_CURVE('',#5257,#5256,#2921,.T.);
#6680=EDGE_CURVE('',#5257,#5221,#4354,.T.);
#6681=EDGE_CURVE('',#5220,#5258,#4355,.T.);
#6682=EDGE_CURVE('',#5259,#5258,#2922,.T.);
#6683=EDGE_CURVE('',#5259,#5260,#4356,.T.);
#6684=EDGE_CURVE('',#5261,#5260,#2923,.T.);
#6685=EDGE_CURVE('',#5261,#5227,#4357,.T.);
#6686=EDGE_CURVE('',#5216,#5239,#4358,.T.);
#6687=EDGE_CURVE('',#5238,#5231,#4359,.T.);
#6688=EDGE_CURVE('',#5230,#5223,#4360,.T.);
#6689=EDGE_CURVE('',#5222,#5217,#4361,.T.);
#6690=EDGE_CURVE('',#5262,#5263,#2924,.T.);
#6691=EDGE_CURVE('',#5262,#5255,#2925,.T.);
#6692=EDGE_CURVE('',#5254,#5263,#2926,.T.);
#6693=EDGE_CURVE('',#5264,#5265,#2927,.T.);
#6694=EDGE_CURVE('',#5264,#5257,#2928,.T.);
#6695=EDGE_CURVE('',#5256,#5265,#2929,.T.);
#6696=EDGE_CURVE('',#5240,#5214,#4362,.T.);
#6697=EDGE_CURVE('',#5215,#5264,#4363,.T.);
#6698=EDGE_CURVE('',#5265,#5262,#4364,.T.);
#6699=EDGE_CURVE('',#5263,#5241,#4365,.T.);
#6700=EDGE_CURVE('',#5246,#5266,#2930,.T.);
#6701=EDGE_CURVE('',#5267,#5266,#2931,.T.);
#6702=EDGE_CURVE('',#5267,#5247,#2932,.T.);
#6703=EDGE_CURVE('',#5268,#5269,#2933,.T.);
#6704=EDGE_CURVE('',#5268,#5249,#2934,.T.);
#6705=EDGE_CURVE('',#5248,#5269,#2935,.T.);
#6706=EDGE_CURVE('',#5224,#5237,#4366,.T.);
#6707=EDGE_CURVE('',#5236,#5268,#4367,.T.);
#6708=EDGE_CURVE('',#5269,#5267,#4368,.T.);
#6709=EDGE_CURVE('',#5266,#5225,#4369,.T.);
#6710=EDGE_CURVE('',#5270,#5271,#2936,.T.);
#6711=EDGE_CURVE('',#5270,#5259,#2937,.T.);
#6712=EDGE_CURVE('',#5258,#5271,#2938,.T.);
#6713=EDGE_CURVE('',#5272,#5273,#2939,.T.);
#6714=EDGE_CURVE('',#5272,#5261,#2940,.T.);
#6715=EDGE_CURVE('',#5260,#5273,#2941,.T.);
#6716=EDGE_CURVE('',#5218,#5229,#4370,.T.);
#6717=EDGE_CURVE('',#5228,#5272,#4371,.T.);
#6718=EDGE_CURVE('',#5273,#5270,#4372,.T.);
#6719=EDGE_CURVE('',#5271,#5219,#4373,.T.);
#6720=EDGE_CURVE('',#5250,#5274,#2942,.T.);
#6721=EDGE_CURVE('',#5275,#5274,#2943,.T.);
#6722=EDGE_CURVE('',#5275,#5251,#2944,.T.);
#6723=EDGE_CURVE('',#5252,#5276,#2945,.T.);
#6724=EDGE_CURVE('',#5277,#5276,#2946,.T.);
#6725=EDGE_CURVE('',#5277,#5253,#2947,.T.);
#6726=EDGE_CURVE('',#5232,#5245,#4374,.T.);
#6727=EDGE_CURVE('',#5244,#5277,#4375,.T.);
#6728=EDGE_CURVE('',#5276,#5275,#4376,.T.);
#6729=EDGE_CURVE('',#5274,#5233,#4377,.T.);
#6730=EDGE_CURVE('',#5278,#5278,#4378,.T.);
#6731=EDGE_CURVE('',#5278,#5279,#2948,.T.);
#6732=EDGE_CURVE('',#5279,#5279,#4379,.T.);
#6733=EDGE_CURVE('',#5280,#5281,#4380,.T.);
#6734=EDGE_CURVE('',#5281,#5280,#4381,.T.);
#6735=EDGE_CURVE('',#5281,#5282,#4382,.T.);
#6736=EDGE_CURVE('',#5282,#5282,#4383,.T.);
#6737=EDGE_CURVE('',#5283,#5283,#4384,.T.);
#6738=EDGE_CURVE('',#5283,#5278,#2949,.T.);
#6739=EDGE_CURVE('',#5280,#5284,#2950,.T.);
#6740=EDGE_CURVE('',#5284,#5284,#4385,.T.);
#6741=EDGE_CURVE('',#5285,#5285,#4386,.T.);
#6742=EDGE_CURVE('',#5285,#5286,#2951,.T.);
#6743=EDGE_CURVE('',#5286,#5286,#4387,.T.);
#6744=EDGE_CURVE('',#5287,#5288,#4388,.T.);
#6745=EDGE_CURVE('',#5288,#5287,#4389,.T.);
#6746=EDGE_CURVE('',#5288,#5289,#4390,.T.);
#6747=EDGE_CURVE('',#5289,#5289,#4391,.T.);
#6748=EDGE_CURVE('',#5290,#5290,#4392,.T.);
#6749=EDGE_CURVE('',#5290,#5285,#2952,.T.);
#6750=EDGE_CURVE('',#5287,#5291,#2953,.T.);
#6751=EDGE_CURVE('',#5291,#5291,#4393,.T.);
#6752=EDGE_CURVE('',#5292,#5292,#4394,.T.);
#6753=EDGE_CURVE('',#5292,#5293,#2954,.T.);
#6754=EDGE_CURVE('',#5293,#5293,#4395,.T.);
#6755=EDGE_CURVE('',#5294,#5294,#4396,.T.);
#6756=EDGE_CURVE('',#5294,#5295,#4397,.T.);
#6757=EDGE_CURVE('',#5296,#5295,#4398,.T.);
#6758=EDGE_CURVE('',#5295,#5296,#4399,.T.);
#6759=EDGE_CURVE('',#5297,#5297,#4400,.T.);
#6760=EDGE_CURVE('',#5297,#5296,#2955,.T.);
#6761=EDGE_CURVE('',#5298,#5298,#4401,.T.);
#6762=EDGE_CURVE('',#5298,#5299,#2956,.T.);
#6763=EDGE_CURVE('',#5299,#5299,#4402,.T.);
#6764=EDGE_CURVE('',#5300,#5300,#4403,.T.);
#6765=EDGE_CURVE('',#5300,#5301,#2957,.T.);
#6766=EDGE_CURVE('',#5301,#5301,#4404,.T.);
#6767=EDGE_CURVE('',#5302,#5302,#4405,.T.);
#6768=EDGE_CURVE('',#5302,#5303,#2958,.T.);
#6769=EDGE_CURVE('',#5303,#5303,#4406,.T.);
#6770=EDGE_CURVE('',#5304,#5304,#4407,.T.);
#6771=EDGE_CURVE('',#5304,#5305,#2959,.T.);
#6772=EDGE_CURVE('',#5305,#5305,#4408,.T.);
#6773=EDGE_CURVE('',#5306,#5307,#2960,.T.);
#6774=EDGE_CURVE('',#5306,#5308,#2961,.T.);
#6775=EDGE_CURVE('',#5309,#5308,#2962,.T.);
#6776=EDGE_CURVE('',#5309,#5310,#2963,.T.);
#6777=EDGE_CURVE('',#5310,#5311,#2964,.T.);
#6778=EDGE_CURVE('',#5311,#5307,#2965,.T.);
#6779=EDGE_CURVE('',#5312,#5313,#2966,.T.);
#6780=EDGE_CURVE('',#5314,#5313,#2967,.T.);
#6781=EDGE_CURVE('',#5314,#5315,#2968,.T.);
#6782=EDGE_CURVE('',#5315,#5312,#2969,.T.);
#6783=EDGE_CURVE('',#5316,#5317,#2970,.T.);
#6784=EDGE_CURVE('',#5318,#5317,#2971,.T.);
#6785=EDGE_CURVE('',#5318,#5319,#2972,.T.);
#6786=EDGE_CURVE('',#5319,#5320,#2973,.T.);
#6787=EDGE_CURVE('',#5320,#5321,#2974,.T.);
#6788=EDGE_CURVE('',#5321,#5316,#2975,.T.);
#6789=EDGE_CURVE('',#5322,#5323,#2976,.T.);
#6790=EDGE_CURVE('',#5323,#5324,#2977,.T.);
#6791=EDGE_CURVE('',#5325,#5324,#2978,.T.);
#6792=EDGE_CURVE('',#5325,#5322,#2979,.T.);
#6793=EDGE_CURVE('',#5326,#5327,#2980,.T.);
#6794=EDGE_CURVE('',#5326,#5328,#2981,.T.);
#6795=EDGE_CURVE('',#5329,#5328,#2982,.T.);
#6796=EDGE_CURVE('',#5329,#5323,#2983,.T.);
#6797=EDGE_CURVE('',#5322,#5330,#2984,.T.);
#6798=EDGE_CURVE('',#5331,#5330,#2985,.T.);
#6799=EDGE_CURVE('',#5331,#5332,#2986,.T.);
#6800=EDGE_CURVE('',#5333,#5332,#2987,.T.);
#6801=EDGE_CURVE('',#5333,#5320,#4409,.T.);
#6802=EDGE_CURVE('',#5319,#5312,#2988,.T.);
#6803=EDGE_CURVE('',#5315,#5311,#2989,.T.);
#6804=EDGE_CURVE('',#5310,#5327,#4410,.T.);
#6805=EDGE_CURVE('',#5334,#5335,#2990,.T.);
#6806=EDGE_CURVE('',#5336,#5335,#2991,.T.);
#6807=EDGE_CURVE('',#5336,#5337,#2992,.T.);
#6808=EDGE_CURVE('',#5337,#5334,#2993,.T.);
#6809=EDGE_CURVE('',#5338,#5339,#2994,.T.);
#6810=EDGE_CURVE('',#5339,#5340,#2995,.T.);
#6811=EDGE_CURVE('',#5340,#5341,#2996,.T.);
#6812=EDGE_CURVE('',#5341,#5309,#4411,.T.);
#6813=EDGE_CURVE('',#5308,#5334,#2997,.T.);
#6814=EDGE_CURVE('',#5337,#5316,#2998,.T.);
#6815=EDGE_CURVE('',#5321,#5342,#4412,.T.);
#6816=EDGE_CURVE('',#5342,#5343,#2999,.T.);
#6817=EDGE_CURVE('',#5343,#5344,#3000,.T.);
#6818=EDGE_CURVE('',#5344,#5345,#3001,.T.);
#6819=EDGE_CURVE('',#5345,#5325,#3002,.T.);
#6820=EDGE_CURVE('',#5324,#5338,#3003,.T.);
#6821=EDGE_CURVE('',#5342,#5333,#3004,.T.);
#6822=EDGE_CURVE('',#5332,#5343,#3005,.T.);
#6823=EDGE_CURVE('',#5330,#5345,#3006,.T.);
#6824=EDGE_CURVE('',#5344,#5331,#3007,.T.);
#6825=EDGE_CURVE('',#5328,#5339,#3008,.T.);
#6826=EDGE_CURVE('',#5338,#5329,#3009,.T.);
#6827=EDGE_CURVE('',#5327,#5341,#3010,.T.);
#6828=EDGE_CURVE('',#5340,#5326,#3011,.T.);
#6829=EDGE_CURVE('',#5317,#5336,#3012,.T.);
#6830=EDGE_CURVE('',#5335,#5306,#3013,.T.);
#6831=EDGE_CURVE('',#5307,#5314,#3014,.T.);
#6832=EDGE_CURVE('',#5313,#5318,#3015,.T.);
#6833=ORIENTED_EDGE('',*,*,#5346,.F.);
#6834=ORIENTED_EDGE('',*,*,#5347,.T.);
#6835=ORIENTED_EDGE('',*,*,#5348,.T.);
#6836=ORIENTED_EDGE('',*,*,#5349,.F.);
#6837=ORIENTED_EDGE('',*,*,#5350,.F.);
#6838=ORIENTED_EDGE('',*,*,#5351,.T.);
#6839=ORIENTED_EDGE('',*,*,#5352,.T.);
#6840=ORIENTED_EDGE('',*,*,#5353,.F.);
#6841=ORIENTED_EDGE('',*,*,#5354,.F.);
#6842=ORIENTED_EDGE('',*,*,#5355,.F.);
#6843=ORIENTED_EDGE('',*,*,#5356,.T.);
#6844=ORIENTED_EDGE('',*,*,#5357,.F.);
#6845=ORIENTED_EDGE('',*,*,#5356,.F.);
#6846=ORIENTED_EDGE('',*,*,#5358,.F.);
#6847=ORIENTED_EDGE('',*,*,#5359,.F.);
#6848=ORIENTED_EDGE('',*,*,#5360,.T.);
#6849=ORIENTED_EDGE('',*,*,#5361,.F.);
#6850=ORIENTED_EDGE('',*,*,#5360,.F.);
#6851=ORIENTED_EDGE('',*,*,#5354,.T.);
#6852=ORIENTED_EDGE('',*,*,#5355,.T.);
#6853=ORIENTED_EDGE('',*,*,#5362,.T.);
#6854=ORIENTED_EDGE('',*,*,#5363,.F.);
#6855=ORIENTED_EDGE('',*,*,#5362,.F.);
#6856=ORIENTED_EDGE('',*,*,#5358,.T.);
#6857=ORIENTED_EDGE('',*,*,#5359,.T.);
#6858=ORIENTED_EDGE('',*,*,#5364,.T.);
#6859=ORIENTED_EDGE('',*,*,#5365,.F.);
#6860=ORIENTED_EDGE('',*,*,#5364,.F.);
#6861=ORIENTED_EDGE('',*,*,#5366,.F.);
#6862=ORIENTED_EDGE('',*,*,#5367,.T.);
#6863=ORIENTED_EDGE('',*,*,#5368,.F.);
#6864=ORIENTED_EDGE('',*,*,#5367,.F.);
#6865=ORIENTED_EDGE('',*,*,#5369,.F.);
#6866=ORIENTED_EDGE('',*,*,#5370,.T.);
#6867=ORIENTED_EDGE('',*,*,#5371,.F.);
#6868=ORIENTED_EDGE('',*,*,#5370,.F.);
#6869=ORIENTED_EDGE('',*,*,#5372,.F.);
#6870=ORIENTED_EDGE('',*,*,#5373,.T.);
#6871=ORIENTED_EDGE('',*,*,#5374,.F.);
#6872=ORIENTED_EDGE('',*,*,#5375,.T.);
#6873=ORIENTED_EDGE('',*,*,#5376,.F.);
#6874=ORIENTED_EDGE('',*,*,#5377,.T.);
#6875=ORIENTED_EDGE('',*,*,#5378,.F.);
#6876=ORIENTED_EDGE('',*,*,#5379,.T.);
#6877=ORIENTED_EDGE('',*,*,#5380,.F.);
#6878=ORIENTED_EDGE('',*,*,#5381,.T.);
#6879=ORIENTED_EDGE('',*,*,#5382,.F.);
#6880=ORIENTED_EDGE('',*,*,#5383,.T.);
#6881=ORIENTED_EDGE('',*,*,#5384,.F.);
#6882=ORIENTED_EDGE('',*,*,#5385,.T.);
#6883=ORIENTED_EDGE('',*,*,#5386,.F.);
#6884=ORIENTED_EDGE('',*,*,#5387,.T.);
#6885=ORIENTED_EDGE('',*,*,#5388,.T.);
#6886=ORIENTED_EDGE('',*,*,#5389,.T.);
#6887=ORIENTED_EDGE('',*,*,#5390,.T.);
#6888=ORIENTED_EDGE('',*,*,#5391,.T.);
#6889=ORIENTED_EDGE('',*,*,#5392,.F.);
#6890=ORIENTED_EDGE('',*,*,#5393,.T.);
#6891=ORIENTED_EDGE('',*,*,#5394,.T.);
#6892=ORIENTED_EDGE('',*,*,#5395,.T.);
#6893=ORIENTED_EDGE('',*,*,#5396,.T.);
#6894=ORIENTED_EDGE('',*,*,#5397,.T.);
#6895=ORIENTED_EDGE('',*,*,#5398,.T.);
#6896=ORIENTED_EDGE('',*,*,#5399,.F.);
#6897=ORIENTED_EDGE('',*,*,#5400,.F.);
#6898=ORIENTED_EDGE('',*,*,#5401,.F.);
#6899=ORIENTED_EDGE('',*,*,#5402,.T.);
#6900=ORIENTED_EDGE('',*,*,#5403,.F.);
#6901=ORIENTED_EDGE('',*,*,#5404,.T.);
#6902=ORIENTED_EDGE('',*,*,#5405,.T.);
#6903=ORIENTED_EDGE('',*,*,#5406,.T.);
#6904=ORIENTED_EDGE('',*,*,#5407,.F.);
#6905=ORIENTED_EDGE('',*,*,#5408,.F.);
#6906=ORIENTED_EDGE('',*,*,#5409,.T.);
#6907=ORIENTED_EDGE('',*,*,#5380,.T.);
#6908=ORIENTED_EDGE('',*,*,#5410,.T.);
#6909=ORIENTED_EDGE('',*,*,#5411,.F.);
#6910=ORIENTED_EDGE('',*,*,#5412,.T.);
#6911=ORIENTED_EDGE('',*,*,#5384,.T.);
#6912=ORIENTED_EDGE('',*,*,#5413,.T.);
#6913=ORIENTED_EDGE('',*,*,#5414,.F.);
#6914=ORIENTED_EDGE('',*,*,#5415,.T.);
#6915=ORIENTED_EDGE('',*,*,#5416,.T.);
#6916=ORIENTED_EDGE('',*,*,#5417,.T.);
#6917=ORIENTED_EDGE('',*,*,#5418,.F.);
#6918=ORIENTED_EDGE('',*,*,#5419,.T.);
#6919=ORIENTED_EDGE('',*,*,#5392,.T.);
#6920=ORIENTED_EDGE('',*,*,#5420,.T.);
#6921=ORIENTED_EDGE('',*,*,#5408,.T.);
#6922=ORIENTED_EDGE('',*,*,#5421,.T.);
#6923=ORIENTED_EDGE('',*,*,#5405,.F.);
#6924=ORIENTED_EDGE('',*,*,#5422,.T.);
#6925=ORIENTED_EDGE('',*,*,#5361,.T.);
#6926=ORIENTED_EDGE('',*,*,#5357,.T.);
#6927=ORIENTED_EDGE('',*,*,#5366,.T.);
#6928=ORIENTED_EDGE('',*,*,#5369,.T.);
#6929=ORIENTED_EDGE('',*,*,#5423,.T.);
#6930=ORIENTED_EDGE('',*,*,#5424,.T.);
#6931=ORIENTED_EDGE('',*,*,#5418,.T.);
#6932=ORIENTED_EDGE('',*,*,#5425,.T.);
#6933=ORIENTED_EDGE('',*,*,#5372,.T.);
#6934=ORIENTED_EDGE('',*,*,#5426,.T.);
#6935=ORIENTED_EDGE('',*,*,#5427,.F.);
#6936=ORIENTED_EDGE('',*,*,#5428,.T.);
#6937=ORIENTED_EDGE('',*,*,#5376,.T.);
#6938=ORIENTED_EDGE('',*,*,#5429,.T.);
#6939=ORIENTED_EDGE('',*,*,#5430,.F.);
#6940=ORIENTED_EDGE('',*,*,#5431,.T.);
#6941=ORIENTED_EDGE('',*,*,#5390,.F.);
#6942=ORIENTED_EDGE('',*,*,#5432,.T.);
#6943=ORIENTED_EDGE('',*,*,#5407,.T.);
#6944=ORIENTED_EDGE('',*,*,#5433,.T.);
#6945=ORIENTED_EDGE('',*,*,#5434,.T.);
#6946=ORIENTED_EDGE('',*,*,#5435,.T.);
#6947=ORIENTED_EDGE('',*,*,#5436,.T.);
#6948=ORIENTED_EDGE('',*,*,#5386,.T.);
#6949=ORIENTED_EDGE('',*,*,#5437,.T.);
#6950=ORIENTED_EDGE('',*,*,#5438,.T.);
#6951=ORIENTED_EDGE('',*,*,#5439,.T.);
#6952=ORIENTED_EDGE('',*,*,#5382,.T.);
#6953=ORIENTED_EDGE('',*,*,#5399,.T.);
#6954=ORIENTED_EDGE('',*,*,#5440,.T.);
#6955=ORIENTED_EDGE('',*,*,#5388,.F.);
#6956=ORIENTED_EDGE('',*,*,#5441,.F.);
#6957=ORIENTED_EDGE('',*,*,#5397,.F.);
#6958=ORIENTED_EDGE('',*,*,#5442,.F.);
#6959=ORIENTED_EDGE('',*,*,#5400,.T.);
#6960=ORIENTED_EDGE('',*,*,#5441,.T.);
#6961=ORIENTED_EDGE('',*,*,#5442,.T.);
#6962=ORIENTED_EDGE('',*,*,#5396,.F.);
#6963=ORIENTED_EDGE('',*,*,#5443,.T.);
#6964=ORIENTED_EDGE('',*,*,#5401,.T.);
#6965=ORIENTED_EDGE('',*,*,#5403,.T.);
#6966=ORIENTED_EDGE('',*,*,#5444,.T.);
#6967=ORIENTED_EDGE('',*,*,#5394,.F.);
#6968=ORIENTED_EDGE('',*,*,#5445,.T.);
#6969=ORIENTED_EDGE('',*,*,#5446,.T.);
#6970=ORIENTED_EDGE('',*,*,#5447,.T.);
#6971=ORIENTED_EDGE('',*,*,#5448,.T.);
#6972=ORIENTED_EDGE('',*,*,#5378,.T.);
#6973=ORIENTED_EDGE('',*,*,#5449,.T.);
#6974=ORIENTED_EDGE('',*,*,#5450,.T.);
#6975=ORIENTED_EDGE('',*,*,#5451,.T.);
#6976=ORIENTED_EDGE('',*,*,#5374,.T.);
#6977=ORIENTED_EDGE('',*,*,#5445,.F.);
#6978=ORIENTED_EDGE('',*,*,#5452,.T.);
#6979=ORIENTED_EDGE('',*,*,#5423,.F.);
#6980=ORIENTED_EDGE('',*,*,#5453,.T.);
#6981=ORIENTED_EDGE('',*,*,#5433,.F.);
#6982=ORIENTED_EDGE('',*,*,#5454,.T.);
#6983=ORIENTED_EDGE('',*,*,#5416,.F.);
#6984=ORIENTED_EDGE('',*,*,#5455,.T.);
#6985=ORIENTED_EDGE('',*,*,#5350,.T.);
#6986=ORIENTED_EDGE('',*,*,#5456,.T.);
#6987=ORIENTED_EDGE('',*,*,#5457,.T.);
#6988=ORIENTED_EDGE('',*,*,#5414,.T.);
#6989=ORIENTED_EDGE('',*,*,#5458,.T.);
#6990=ORIENTED_EDGE('',*,*,#5459,.T.);
#6991=ORIENTED_EDGE('',*,*,#5365,.T.);
#6992=ORIENTED_EDGE('',*,*,#5459,.F.);
#6993=ORIENTED_EDGE('',*,*,#5460,.T.);
#6994=ORIENTED_EDGE('',*,*,#5461,.T.);
#6995=ORIENTED_EDGE('',*,*,#5462,.T.);
#6996=ORIENTED_EDGE('',*,*,#5351,.F.);
#6997=ORIENTED_EDGE('',*,*,#5463,.T.);
#6998=ORIENTED_EDGE('',*,*,#5464,.T.);
#6999=ORIENTED_EDGE('',*,*,#5456,.F.);
#7000=ORIENTED_EDGE('',*,*,#5353,.T.);
#7001=ORIENTED_EDGE('',*,*,#5465,.T.);
#7002=ORIENTED_EDGE('',*,*,#5346,.T.);
#7003=ORIENTED_EDGE('',*,*,#5466,.T.);
#7004=ORIENTED_EDGE('',*,*,#5467,.T.);
#7005=ORIENTED_EDGE('',*,*,#5411,.T.);
#7006=ORIENTED_EDGE('',*,*,#5468,.T.);
#7007=ORIENTED_EDGE('',*,*,#5469,.T.);
#7008=ORIENTED_EDGE('',*,*,#5363,.T.);
#7009=ORIENTED_EDGE('',*,*,#5469,.F.);
#7010=ORIENTED_EDGE('',*,*,#5470,.T.);
#7011=ORIENTED_EDGE('',*,*,#5471,.T.);
#7012=ORIENTED_EDGE('',*,*,#5472,.T.);
#7013=ORIENTED_EDGE('',*,*,#5347,.F.);
#7014=ORIENTED_EDGE('',*,*,#5473,.T.);
#7015=ORIENTED_EDGE('',*,*,#5474,.T.);
#7016=ORIENTED_EDGE('',*,*,#5466,.F.);
#7017=ORIENTED_EDGE('',*,*,#5349,.T.);
#7018=ORIENTED_EDGE('',*,*,#5475,.T.);
#7019=ORIENTED_EDGE('',*,*,#5476,.T.);
#7020=ORIENTED_EDGE('',*,*,#5477,.T.);
#7021=ORIENTED_EDGE('',*,*,#5478,.T.);
#7022=ORIENTED_EDGE('',*,*,#5430,.T.);
#7023=ORIENTED_EDGE('',*,*,#5479,.T.);
#7024=ORIENTED_EDGE('',*,*,#5480,.T.);
#7025=ORIENTED_EDGE('',*,*,#5371,.T.);
#7026=ORIENTED_EDGE('',*,*,#5481,.T.);
#7027=ORIENTED_EDGE('',*,*,#5482,.T.);
#7028=ORIENTED_EDGE('',*,*,#5483,.F.);
#7029=ORIENTED_EDGE('',*,*,#5476,.F.);
#7030=ORIENTED_EDGE('',*,*,#5480,.F.);
#7031=ORIENTED_EDGE('',*,*,#5484,.T.);
#7032=ORIENTED_EDGE('',*,*,#5485,.T.);
#7033=ORIENTED_EDGE('',*,*,#5486,.T.);
#7034=ORIENTED_EDGE('',*,*,#5481,.F.);
#7035=ORIENTED_EDGE('',*,*,#5483,.T.);
#7036=ORIENTED_EDGE('',*,*,#5487,.T.);
#7037=ORIENTED_EDGE('',*,*,#5488,.T.);
#7038=ORIENTED_EDGE('',*,*,#5489,.T.);
#7039=ORIENTED_EDGE('',*,*,#5477,.F.);
#7040=ORIENTED_EDGE('',*,*,#5490,.T.);
#7041=ORIENTED_EDGE('',*,*,#5491,.T.);
#7042=ORIENTED_EDGE('',*,*,#5492,.T.);
#7043=ORIENTED_EDGE('',*,*,#5427,.T.);
#7044=ORIENTED_EDGE('',*,*,#5493,.T.);
#7045=ORIENTED_EDGE('',*,*,#5494,.T.);
#7046=ORIENTED_EDGE('',*,*,#5368,.T.);
#7047=ORIENTED_EDGE('',*,*,#5495,.T.);
#7048=ORIENTED_EDGE('',*,*,#5496,.T.);
#7049=ORIENTED_EDGE('',*,*,#5497,.F.);
#7050=ORIENTED_EDGE('',*,*,#5490,.F.);
#7051=ORIENTED_EDGE('',*,*,#5494,.F.);
#7052=ORIENTED_EDGE('',*,*,#5498,.T.);
#7053=ORIENTED_EDGE('',*,*,#5499,.T.);
#7054=ORIENTED_EDGE('',*,*,#5500,.T.);
#7055=ORIENTED_EDGE('',*,*,#5495,.F.);
#7056=ORIENTED_EDGE('',*,*,#5501,.T.);
#7057=ORIENTED_EDGE('',*,*,#5502,.T.);
#7058=ORIENTED_EDGE('',*,*,#5491,.F.);
#7059=ORIENTED_EDGE('',*,*,#5497,.T.);
#7060=ORIENTED_EDGE('',*,*,#5503,.T.);
#7061=ORIENTED_EDGE('',*,*,#5493,.F.);
#7062=ORIENTED_EDGE('',*,*,#5426,.F.);
#7063=ORIENTED_EDGE('',*,*,#5504,.F.);
#7064=ORIENTED_EDGE('',*,*,#5498,.F.);
#7065=ORIENTED_EDGE('',*,*,#5504,.T.);
#7066=ORIENTED_EDGE('',*,*,#5375,.F.);
#7067=ORIENTED_EDGE('',*,*,#5505,.F.);
#7068=ORIENTED_EDGE('',*,*,#5499,.F.);
#7069=ORIENTED_EDGE('',*,*,#5505,.T.);
#7070=ORIENTED_EDGE('',*,*,#5451,.F.);
#7071=ORIENTED_EDGE('',*,*,#5506,.F.);
#7072=ORIENTED_EDGE('',*,*,#5500,.F.);
#7073=ORIENTED_EDGE('',*,*,#5506,.T.);
#7074=ORIENTED_EDGE('',*,*,#5450,.F.);
#7075=ORIENTED_EDGE('',*,*,#5507,.F.);
#7076=ORIENTED_EDGE('',*,*,#5496,.F.);
#7077=ORIENTED_EDGE('',*,*,#5507,.T.);
#7078=ORIENTED_EDGE('',*,*,#5449,.F.);
#7079=ORIENTED_EDGE('',*,*,#5508,.F.);
#7080=ORIENTED_EDGE('',*,*,#5503,.F.);
#7081=ORIENTED_EDGE('',*,*,#5508,.T.);
#7082=ORIENTED_EDGE('',*,*,#5377,.F.);
#7083=ORIENTED_EDGE('',*,*,#5509,.F.);
#7084=ORIENTED_EDGE('',*,*,#5501,.F.);
#7085=ORIENTED_EDGE('',*,*,#5492,.F.);
#7086=ORIENTED_EDGE('',*,*,#5502,.F.);
#7087=ORIENTED_EDGE('',*,*,#5509,.T.);
#7088=ORIENTED_EDGE('',*,*,#5428,.F.);
#7089=ORIENTED_EDGE('',*,*,#5478,.F.);
#7090=ORIENTED_EDGE('',*,*,#5489,.F.);
#7091=ORIENTED_EDGE('',*,*,#5510,.F.);
#7092=ORIENTED_EDGE('',*,*,#5431,.F.);
#7093=ORIENTED_EDGE('',*,*,#5510,.T.);
#7094=ORIENTED_EDGE('',*,*,#5488,.F.);
#7095=ORIENTED_EDGE('',*,*,#5511,.F.);
#7096=ORIENTED_EDGE('',*,*,#5453,.F.);
#7097=ORIENTED_EDGE('',*,*,#5511,.T.);
#7098=ORIENTED_EDGE('',*,*,#5487,.F.);
#7099=ORIENTED_EDGE('',*,*,#5512,.F.);
#7100=ORIENTED_EDGE('',*,*,#5446,.F.);
#7101=ORIENTED_EDGE('',*,*,#5512,.T.);
#7102=ORIENTED_EDGE('',*,*,#5482,.F.);
#7103=ORIENTED_EDGE('',*,*,#5513,.F.);
#7104=ORIENTED_EDGE('',*,*,#5447,.F.);
#7105=ORIENTED_EDGE('',*,*,#5513,.T.);
#7106=ORIENTED_EDGE('',*,*,#5486,.F.);
#7107=ORIENTED_EDGE('',*,*,#5514,.F.);
#7108=ORIENTED_EDGE('',*,*,#5448,.F.);
#7109=ORIENTED_EDGE('',*,*,#5514,.T.);
#7110=ORIENTED_EDGE('',*,*,#5485,.F.);
#7111=ORIENTED_EDGE('',*,*,#5515,.F.);
#7112=ORIENTED_EDGE('',*,*,#5379,.F.);
#7113=ORIENTED_EDGE('',*,*,#5479,.F.);
#7114=ORIENTED_EDGE('',*,*,#5429,.F.);
#7115=ORIENTED_EDGE('',*,*,#5515,.T.);
#7116=ORIENTED_EDGE('',*,*,#5484,.F.);
#7117=ORIENTED_EDGE('',*,*,#5468,.F.);
#7118=ORIENTED_EDGE('',*,*,#5410,.F.);
#7119=ORIENTED_EDGE('',*,*,#5516,.F.);
#7120=ORIENTED_EDGE('',*,*,#5470,.F.);
#7121=ORIENTED_EDGE('',*,*,#5516,.T.);
#7122=ORIENTED_EDGE('',*,*,#5383,.F.);
#7123=ORIENTED_EDGE('',*,*,#5517,.F.);
#7124=ORIENTED_EDGE('',*,*,#5471,.F.);
#7125=ORIENTED_EDGE('',*,*,#5517,.T.);
#7126=ORIENTED_EDGE('',*,*,#5439,.F.);
#7127=ORIENTED_EDGE('',*,*,#5518,.F.);
#7128=ORIENTED_EDGE('',*,*,#5472,.F.);
#7129=ORIENTED_EDGE('',*,*,#5518,.T.);
#7130=ORIENTED_EDGE('',*,*,#5438,.F.);
#7131=ORIENTED_EDGE('',*,*,#5519,.F.);
#7132=ORIENTED_EDGE('',*,*,#5348,.F.);
#7133=ORIENTED_EDGE('',*,*,#5519,.T.);
#7134=ORIENTED_EDGE('',*,*,#5437,.F.);
#7135=ORIENTED_EDGE('',*,*,#5520,.F.);
#7136=ORIENTED_EDGE('',*,*,#5475,.F.);
#7137=ORIENTED_EDGE('',*,*,#5520,.T.);
#7138=ORIENTED_EDGE('',*,*,#5385,.F.);
#7139=ORIENTED_EDGE('',*,*,#5521,.F.);
#7140=ORIENTED_EDGE('',*,*,#5473,.F.);
#7141=ORIENTED_EDGE('',*,*,#5467,.F.);
#7142=ORIENTED_EDGE('',*,*,#5474,.F.);
#7143=ORIENTED_EDGE('',*,*,#5521,.T.);
#7144=ORIENTED_EDGE('',*,*,#5412,.F.);
#7145=ORIENTED_EDGE('',*,*,#5458,.F.);
#7146=ORIENTED_EDGE('',*,*,#5413,.F.);
#7147=ORIENTED_EDGE('',*,*,#5522,.F.);
#7148=ORIENTED_EDGE('',*,*,#5460,.F.);
#7149=ORIENTED_EDGE('',*,*,#5522,.T.);
#7150=ORIENTED_EDGE('',*,*,#5387,.F.);
#7151=ORIENTED_EDGE('',*,*,#5523,.F.);
#7152=ORIENTED_EDGE('',*,*,#5461,.F.);
#7153=ORIENTED_EDGE('',*,*,#5523,.T.);
#7154=ORIENTED_EDGE('',*,*,#5436,.F.);
#7155=ORIENTED_EDGE('',*,*,#5524,.F.);
#7156=ORIENTED_EDGE('',*,*,#5462,.F.);
#7157=ORIENTED_EDGE('',*,*,#5524,.T.);
#7158=ORIENTED_EDGE('',*,*,#5435,.F.);
#7159=ORIENTED_EDGE('',*,*,#5525,.F.);
#7160=ORIENTED_EDGE('',*,*,#5352,.F.);
#7161=ORIENTED_EDGE('',*,*,#5525,.T.);
#7162=ORIENTED_EDGE('',*,*,#5434,.F.);
#7163=ORIENTED_EDGE('',*,*,#5526,.F.);
#7164=ORIENTED_EDGE('',*,*,#5465,.F.);
#7165=ORIENTED_EDGE('',*,*,#5526,.T.);
#7166=ORIENTED_EDGE('',*,*,#5455,.F.);
#7167=ORIENTED_EDGE('',*,*,#5527,.F.);
#7168=ORIENTED_EDGE('',*,*,#5463,.F.);
#7169=ORIENTED_EDGE('',*,*,#5457,.F.);
#7170=ORIENTED_EDGE('',*,*,#5464,.F.);
#7171=ORIENTED_EDGE('',*,*,#5527,.T.);
#7172=ORIENTED_EDGE('',*,*,#5415,.F.);
#7173=ORIENTED_EDGE('',*,*,#5452,.F.);
#7174=ORIENTED_EDGE('',*,*,#5393,.F.);
#7175=ORIENTED_EDGE('',*,*,#5419,.F.);
#7176=ORIENTED_EDGE('',*,*,#5424,.F.);
#7177=ORIENTED_EDGE('',*,*,#5420,.F.);
#7178=ORIENTED_EDGE('',*,*,#5391,.F.);
#7179=ORIENTED_EDGE('',*,*,#5381,.F.);
#7180=ORIENTED_EDGE('',*,*,#5409,.F.);
#7181=ORIENTED_EDGE('',*,*,#5421,.F.);
#7182=ORIENTED_EDGE('',*,*,#5417,.F.);
#7183=ORIENTED_EDGE('',*,*,#5454,.F.);
#7184=ORIENTED_EDGE('',*,*,#5406,.F.);
#7185=ORIENTED_EDGE('',*,*,#5373,.F.);
#7186=ORIENTED_EDGE('',*,*,#5425,.F.);
#7187=ORIENTED_EDGE('',*,*,#5422,.F.);
#7188=ORIENTED_EDGE('',*,*,#5404,.F.);
#7189=ORIENTED_EDGE('',*,*,#5402,.F.);
#7190=ORIENTED_EDGE('',*,*,#5443,.F.);
#7191=ORIENTED_EDGE('',*,*,#5395,.F.);
#7192=ORIENTED_EDGE('',*,*,#5444,.F.);
#7193=ORIENTED_EDGE('',*,*,#5398,.F.);
#7194=ORIENTED_EDGE('',*,*,#5432,.F.);
#7195=ORIENTED_EDGE('',*,*,#5389,.F.);
#7196=ORIENTED_EDGE('',*,*,#5440,.F.);
#7197=ORIENTED_EDGE('',*,*,#5528,.F.);
#7198=ORIENTED_EDGE('',*,*,#5529,.T.);
#7199=ORIENTED_EDGE('',*,*,#5530,.F.);
#7200=ORIENTED_EDGE('',*,*,#5529,.F.);
#7201=ORIENTED_EDGE('',*,*,#5531,.F.);
#7202=ORIENTED_EDGE('',*,*,#5532,.T.);
#7203=ORIENTED_EDGE('',*,*,#5533,.F.);
#7204=ORIENTED_EDGE('',*,*,#5532,.F.);
#7205=ORIENTED_EDGE('',*,*,#5534,.F.);
#7206=ORIENTED_EDGE('',*,*,#5535,.T.);
#7207=ORIENTED_EDGE('',*,*,#5536,.F.);
#7208=ORIENTED_EDGE('',*,*,#5535,.F.);
#7209=ORIENTED_EDGE('',*,*,#5537,.F.);
#7210=ORIENTED_EDGE('',*,*,#5538,.T.);
#7211=ORIENTED_EDGE('',*,*,#5539,.F.);
#7212=ORIENTED_EDGE('',*,*,#5538,.F.);
#7213=ORIENTED_EDGE('',*,*,#5540,.F.);
#7214=ORIENTED_EDGE('',*,*,#5541,.T.);
#7215=ORIENTED_EDGE('',*,*,#5542,.F.);
#7216=ORIENTED_EDGE('',*,*,#5543,.F.);
#7217=ORIENTED_EDGE('',*,*,#5544,.F.);
#7218=ORIENTED_EDGE('',*,*,#5541,.F.);
#7219=ORIENTED_EDGE('',*,*,#5545,.F.);
#7220=ORIENTED_EDGE('',*,*,#5546,.T.);
#7221=ORIENTED_EDGE('',*,*,#5547,.F.);
#7222=ORIENTED_EDGE('',*,*,#5548,.F.);
#7223=ORIENTED_EDGE('',*,*,#5549,.F.);
#7224=ORIENTED_EDGE('',*,*,#5550,.T.);
#7225=ORIENTED_EDGE('',*,*,#5551,.F.);
#7226=ORIENTED_EDGE('',*,*,#5552,.T.);
#7227=ORIENTED_EDGE('',*,*,#5553,.F.);
#7228=ORIENTED_EDGE('',*,*,#5550,.F.);
#7229=ORIENTED_EDGE('',*,*,#5554,.F.);
#7230=ORIENTED_EDGE('',*,*,#5555,.F.);
#7231=ORIENTED_EDGE('',*,*,#5556,.T.);
#7232=ORIENTED_EDGE('',*,*,#5557,.F.);
#7233=ORIENTED_EDGE('',*,*,#5556,.F.);
#7234=ORIENTED_EDGE('',*,*,#5558,.F.);
#7235=ORIENTED_EDGE('',*,*,#5559,.F.);
#7236=ORIENTED_EDGE('',*,*,#5560,.T.);
#7237=ORIENTED_EDGE('',*,*,#5561,.F.);
#7238=ORIENTED_EDGE('',*,*,#5560,.F.);
#7239=ORIENTED_EDGE('',*,*,#5562,.F.);
#7240=ORIENTED_EDGE('',*,*,#5563,.F.);
#7241=ORIENTED_EDGE('',*,*,#5564,.T.);
#7242=ORIENTED_EDGE('',*,*,#5565,.F.);
#7243=ORIENTED_EDGE('',*,*,#5564,.F.);
#7244=ORIENTED_EDGE('',*,*,#5566,.F.);
#7245=ORIENTED_EDGE('',*,*,#5567,.F.);
#7246=ORIENTED_EDGE('',*,*,#5568,.T.);
#7247=ORIENTED_EDGE('',*,*,#5569,.F.);
#7248=ORIENTED_EDGE('',*,*,#5568,.F.);
#7249=ORIENTED_EDGE('',*,*,#5570,.F.);
#7250=ORIENTED_EDGE('',*,*,#5571,.T.);
#7251=ORIENTED_EDGE('',*,*,#5572,.F.);
#7252=ORIENTED_EDGE('',*,*,#5573,.F.);
#7253=ORIENTED_EDGE('',*,*,#5574,.F.);
#7254=ORIENTED_EDGE('',*,*,#5571,.F.);
#7255=ORIENTED_EDGE('',*,*,#5575,.F.);
#7256=ORIENTED_EDGE('',*,*,#5576,.T.);
#7257=ORIENTED_EDGE('',*,*,#5577,.F.);
#7258=ORIENTED_EDGE('',*,*,#5578,.F.);
#7259=ORIENTED_EDGE('',*,*,#5579,.F.);
#7260=ORIENTED_EDGE('',*,*,#5580,.T.);
#7261=ORIENTED_EDGE('',*,*,#5581,.F.);
#7262=ORIENTED_EDGE('',*,*,#5582,.T.);
#7263=ORIENTED_EDGE('',*,*,#5583,.F.);
#7264=ORIENTED_EDGE('',*,*,#5580,.F.);
#7265=ORIENTED_EDGE('',*,*,#5554,.T.);
#7266=ORIENTED_EDGE('',*,*,#5555,.T.);
#7267=ORIENTED_EDGE('',*,*,#5584,.T.);
#7268=ORIENTED_EDGE('',*,*,#5528,.T.);
#7269=ORIENTED_EDGE('',*,*,#5584,.F.);
#7270=ORIENTED_EDGE('',*,*,#5558,.T.);
#7271=ORIENTED_EDGE('',*,*,#5559,.T.);
#7272=ORIENTED_EDGE('',*,*,#5585,.T.);
#7273=ORIENTED_EDGE('',*,*,#5531,.T.);
#7274=ORIENTED_EDGE('',*,*,#5585,.F.);
#7275=ORIENTED_EDGE('',*,*,#5562,.T.);
#7276=ORIENTED_EDGE('',*,*,#5563,.T.);
#7277=ORIENTED_EDGE('',*,*,#5586,.T.);
#7278=ORIENTED_EDGE('',*,*,#5534,.T.);
#7279=ORIENTED_EDGE('',*,*,#5586,.F.);
#7280=ORIENTED_EDGE('',*,*,#5566,.T.);
#7281=ORIENTED_EDGE('',*,*,#5567,.T.);
#7282=ORIENTED_EDGE('',*,*,#5587,.T.);
#7283=ORIENTED_EDGE('',*,*,#5537,.T.);
#7284=ORIENTED_EDGE('',*,*,#5587,.F.);
#7285=ORIENTED_EDGE('',*,*,#5588,.T.);
#7286=ORIENTED_EDGE('',*,*,#5589,.T.);
#7287=ORIENTED_EDGE('',*,*,#5581,.T.);
#7288=ORIENTED_EDGE('',*,*,#5590,.F.);
#7289=ORIENTED_EDGE('',*,*,#5549,.T.);
#7290=ORIENTED_EDGE('',*,*,#5591,.T.);
#7291=ORIENTED_EDGE('',*,*,#5592,.T.);
#7292=ORIENTED_EDGE('',*,*,#5593,.F.);
#7293=ORIENTED_EDGE('',*,*,#5545,.T.);
#7294=ORIENTED_EDGE('',*,*,#5594,.T.);
#7295=ORIENTED_EDGE('',*,*,#5595,.T.);
#7296=ORIENTED_EDGE('',*,*,#5596,.F.);
#7297=ORIENTED_EDGE('',*,*,#5597,.T.);
#7298=ORIENTED_EDGE('',*,*,#5598,.T.);
#7299=ORIENTED_EDGE('',*,*,#5570,.T.);
#7300=ORIENTED_EDGE('',*,*,#5599,.F.);
#7301=ORIENTED_EDGE('',*,*,#5600,.T.);
#7302=ORIENTED_EDGE('',*,*,#5601,.T.);
#7303=ORIENTED_EDGE('',*,*,#5602,.F.);
#7304=ORIENTED_EDGE('',*,*,#5603,.T.);
#7305=ORIENTED_EDGE('',*,*,#5599,.T.);
#7306=ORIENTED_EDGE('',*,*,#5604,.T.);
#7307=ORIENTED_EDGE('',*,*,#5605,.F.);
#7308=ORIENTED_EDGE('',*,*,#5606,.T.);
#7309=ORIENTED_EDGE('',*,*,#5605,.T.);
#7310=ORIENTED_EDGE('',*,*,#5607,.T.);
#7311=ORIENTED_EDGE('',*,*,#5608,.F.);
#7312=ORIENTED_EDGE('',*,*,#5609,.T.);
#7313=ORIENTED_EDGE('',*,*,#5608,.T.);
#7314=ORIENTED_EDGE('',*,*,#5610,.T.);
#7315=ORIENTED_EDGE('',*,*,#5611,.F.);
#7316=ORIENTED_EDGE('',*,*,#5612,.T.);
#7317=ORIENTED_EDGE('',*,*,#5611,.T.);
#7318=ORIENTED_EDGE('',*,*,#5613,.T.);
#7319=ORIENTED_EDGE('',*,*,#5614,.F.);
#7320=ORIENTED_EDGE('',*,*,#5615,.T.);
#7321=ORIENTED_EDGE('',*,*,#5614,.T.);
#7322=ORIENTED_EDGE('',*,*,#5616,.T.);
#7323=ORIENTED_EDGE('',*,*,#5617,.F.);
#7324=ORIENTED_EDGE('',*,*,#5618,.T.);
#7325=ORIENTED_EDGE('',*,*,#5617,.T.);
#7326=ORIENTED_EDGE('',*,*,#5619,.T.);
#7327=ORIENTED_EDGE('',*,*,#5594,.F.);
#7328=ORIENTED_EDGE('',*,*,#5540,.T.);
#7329=ORIENTED_EDGE('',*,*,#5596,.T.);
#7330=ORIENTED_EDGE('',*,*,#5620,.T.);
#7331=ORIENTED_EDGE('',*,*,#5621,.F.);
#7332=ORIENTED_EDGE('',*,*,#5622,.T.);
#7333=ORIENTED_EDGE('',*,*,#5621,.T.);
#7334=ORIENTED_EDGE('',*,*,#5623,.T.);
#7335=ORIENTED_EDGE('',*,*,#5624,.F.);
#7336=ORIENTED_EDGE('',*,*,#5625,.T.);
#7337=ORIENTED_EDGE('',*,*,#5624,.T.);
#7338=ORIENTED_EDGE('',*,*,#5626,.T.);
#7339=ORIENTED_EDGE('',*,*,#5627,.F.);
#7340=ORIENTED_EDGE('',*,*,#5628,.T.);
#7341=ORIENTED_EDGE('',*,*,#5627,.T.);
#7342=ORIENTED_EDGE('',*,*,#5629,.T.);
#7343=ORIENTED_EDGE('',*,*,#5630,.F.);
#7344=ORIENTED_EDGE('',*,*,#5631,.T.);
#7345=ORIENTED_EDGE('',*,*,#5630,.T.);
#7346=ORIENTED_EDGE('',*,*,#5632,.T.);
#7347=ORIENTED_EDGE('',*,*,#5591,.F.);
#7348=ORIENTED_EDGE('',*,*,#5633,.T.);
#7349=ORIENTED_EDGE('',*,*,#5593,.T.);
#7350=ORIENTED_EDGE('',*,*,#5634,.T.);
#7351=ORIENTED_EDGE('',*,*,#5635,.F.);
#7352=ORIENTED_EDGE('',*,*,#5551,.T.);
#7353=ORIENTED_EDGE('',*,*,#5635,.T.);
#7354=ORIENTED_EDGE('',*,*,#5636,.T.);
#7355=ORIENTED_EDGE('',*,*,#5637,.F.);
#7356=ORIENTED_EDGE('',*,*,#5638,.T.);
#7357=ORIENTED_EDGE('',*,*,#5637,.T.);
#7358=ORIENTED_EDGE('',*,*,#5639,.T.);
#7359=ORIENTED_EDGE('',*,*,#5640,.F.);
#7360=ORIENTED_EDGE('',*,*,#5641,.T.);
#7361=ORIENTED_EDGE('',*,*,#5640,.T.);
#7362=ORIENTED_EDGE('',*,*,#5642,.T.);
#7363=ORIENTED_EDGE('',*,*,#5643,.F.);
#7364=ORIENTED_EDGE('',*,*,#5644,.T.);
#7365=ORIENTED_EDGE('',*,*,#5643,.T.);
#7366=ORIENTED_EDGE('',*,*,#5645,.T.);
#7367=ORIENTED_EDGE('',*,*,#5646,.F.);
#7368=ORIENTED_EDGE('',*,*,#5647,.T.);
#7369=ORIENTED_EDGE('',*,*,#5646,.T.);
#7370=ORIENTED_EDGE('',*,*,#5648,.T.);
#7371=ORIENTED_EDGE('',*,*,#5589,.F.);
#7372=ORIENTED_EDGE('',*,*,#5649,.T.);
#7373=ORIENTED_EDGE('',*,*,#5590,.T.);
#7374=ORIENTED_EDGE('',*,*,#5579,.T.);
#7375=ORIENTED_EDGE('',*,*,#5650,.F.);
#7376=ORIENTED_EDGE('',*,*,#5651,.T.);
#7377=ORIENTED_EDGE('',*,*,#5650,.T.);
#7378=ORIENTED_EDGE('',*,*,#5652,.T.);
#7379=ORIENTED_EDGE('',*,*,#5653,.F.);
#7380=ORIENTED_EDGE('',*,*,#5654,.T.);
#7381=ORIENTED_EDGE('',*,*,#5653,.T.);
#7382=ORIENTED_EDGE('',*,*,#5655,.T.);
#7383=ORIENTED_EDGE('',*,*,#5656,.F.);
#7384=ORIENTED_EDGE('',*,*,#5657,.T.);
#7385=ORIENTED_EDGE('',*,*,#5656,.T.);
#7386=ORIENTED_EDGE('',*,*,#5658,.T.);
#7387=ORIENTED_EDGE('',*,*,#5659,.T.);
#7388=ORIENTED_EDGE('',*,*,#5660,.T.);
#7389=ORIENTED_EDGE('',*,*,#5602,.T.);
#7390=ORIENTED_EDGE('',*,*,#5661,.T.);
#7391=ORIENTED_EDGE('',*,*,#5662,.F.);
#7392=ORIENTED_EDGE('',*,*,#5663,.T.);
#7393=ORIENTED_EDGE('',*,*,#5662,.T.);
#7394=ORIENTED_EDGE('',*,*,#5664,.T.);
#7395=ORIENTED_EDGE('',*,*,#5665,.F.);
#7396=ORIENTED_EDGE('',*,*,#5666,.T.);
#7397=ORIENTED_EDGE('',*,*,#5665,.T.);
#7398=ORIENTED_EDGE('',*,*,#5575,.T.);
#7399=ORIENTED_EDGE('',*,*,#5598,.F.);
#7400=ORIENTED_EDGE('',*,*,#5667,.T.);
#7401=ORIENTED_EDGE('',*,*,#5668,.T.);
#7402=ORIENTED_EDGE('',*,*,#5669,.T.);
#7403=ORIENTED_EDGE('',*,*,#5670,.T.);
#7404=ORIENTED_EDGE('',*,*,#5671,.T.);
#7405=ORIENTED_EDGE('',*,*,#5672,.T.);
#7406=ORIENTED_EDGE('',*,*,#5673,.T.);
#7407=ORIENTED_EDGE('',*,*,#5674,.T.);
#7408=ORIENTED_EDGE('',*,*,#5675,.T.);
#7409=ORIENTED_EDGE('',*,*,#5542,.T.);
#7410=ORIENTED_EDGE('',*,*,#5544,.T.);
#7411=ORIENTED_EDGE('',*,*,#5676,.T.);
#7412=ORIENTED_EDGE('',*,*,#5677,.T.);
#7413=ORIENTED_EDGE('',*,*,#5678,.T.);
#7414=ORIENTED_EDGE('',*,*,#5679,.T.);
#7415=ORIENTED_EDGE('',*,*,#5680,.T.);
#7416=ORIENTED_EDGE('',*,*,#5547,.T.);
#7417=ORIENTED_EDGE('',*,*,#5553,.T.);
#7418=ORIENTED_EDGE('',*,*,#5681,.T.);
#7419=ORIENTED_EDGE('',*,*,#5682,.T.);
#7420=ORIENTED_EDGE('',*,*,#5683,.T.);
#7421=ORIENTED_EDGE('',*,*,#5684,.T.);
#7422=ORIENTED_EDGE('',*,*,#5685,.T.);
#7423=ORIENTED_EDGE('',*,*,#5686,.T.);
#7424=ORIENTED_EDGE('',*,*,#5687,.T.);
#7425=ORIENTED_EDGE('',*,*,#5688,.T.);
#7426=ORIENTED_EDGE('',*,*,#5689,.T.);
#7427=ORIENTED_EDGE('',*,*,#5690,.T.);
#7428=ORIENTED_EDGE('',*,*,#5691,.T.);
#7429=ORIENTED_EDGE('',*,*,#5692,.T.);
#7430=ORIENTED_EDGE('',*,*,#5693,.T.);
#7431=ORIENTED_EDGE('',*,*,#5694,.T.);
#7432=ORIENTED_EDGE('',*,*,#5695,.T.);
#7433=ORIENTED_EDGE('',*,*,#5696,.T.);
#7434=ORIENTED_EDGE('',*,*,#5697,.T.);
#7435=ORIENTED_EDGE('',*,*,#5539,.T.);
#7436=ORIENTED_EDGE('',*,*,#5536,.T.);
#7437=ORIENTED_EDGE('',*,*,#5533,.T.);
#7438=ORIENTED_EDGE('',*,*,#5530,.T.);
#7439=ORIENTED_EDGE('',*,*,#5698,.T.);
#7440=ORIENTED_EDGE('',*,*,#5699,.T.);
#7441=ORIENTED_EDGE('',*,*,#5572,.T.);
#7442=ORIENTED_EDGE('',*,*,#5574,.T.);
#7443=ORIENTED_EDGE('',*,*,#5700,.T.);
#7444=ORIENTED_EDGE('',*,*,#5701,.T.);
#7445=ORIENTED_EDGE('',*,*,#5702,.T.);
#7446=ORIENTED_EDGE('',*,*,#5703,.T.);
#7447=ORIENTED_EDGE('',*,*,#5704,.T.);
#7448=ORIENTED_EDGE('',*,*,#5705,.T.);
#7449=ORIENTED_EDGE('',*,*,#5706,.T.);
#7450=ORIENTED_EDGE('',*,*,#5707,.T.);
#7451=ORIENTED_EDGE('',*,*,#5708,.T.);
#7452=ORIENTED_EDGE('',*,*,#5709,.T.);
#7453=ORIENTED_EDGE('',*,*,#5710,.T.);
#7454=ORIENTED_EDGE('',*,*,#5577,.T.);
#7455=ORIENTED_EDGE('',*,*,#5583,.T.);
#7456=ORIENTED_EDGE('',*,*,#5711,.T.);
#7457=ORIENTED_EDGE('',*,*,#5712,.T.);
#7458=ORIENTED_EDGE('',*,*,#5713,.T.);
#7459=ORIENTED_EDGE('',*,*,#5714,.T.);
#7460=ORIENTED_EDGE('',*,*,#5715,.T.);
#7461=ORIENTED_EDGE('',*,*,#5716,.T.);
#7462=ORIENTED_EDGE('',*,*,#5717,.T.);
#7463=ORIENTED_EDGE('',*,*,#5718,.T.);
#7464=ORIENTED_EDGE('',*,*,#5719,.T.);
#7465=ORIENTED_EDGE('',*,*,#5720,.T.);
#7466=ORIENTED_EDGE('',*,*,#5721,.T.);
#7467=ORIENTED_EDGE('',*,*,#5722,.T.);
#7468=ORIENTED_EDGE('',*,*,#5723,.T.);
#7469=ORIENTED_EDGE('',*,*,#5724,.T.);
#7470=ORIENTED_EDGE('',*,*,#5725,.T.);
#7471=ORIENTED_EDGE('',*,*,#5726,.T.);
#7472=ORIENTED_EDGE('',*,*,#5727,.T.);
#7473=ORIENTED_EDGE('',*,*,#5569,.T.);
#7474=ORIENTED_EDGE('',*,*,#5565,.T.);
#7475=ORIENTED_EDGE('',*,*,#5561,.T.);
#7476=ORIENTED_EDGE('',*,*,#5557,.T.);
#7477=ORIENTED_EDGE('',*,*,#5728,.F.);
#7478=ORIENTED_EDGE('',*,*,#5729,.T.);
#7479=ORIENTED_EDGE('',*,*,#5730,.T.);
#7480=ORIENTED_EDGE('',*,*,#5731,.T.);
#7481=ORIENTED_EDGE('',*,*,#5732,.F.);
#7482=ORIENTED_EDGE('',*,*,#5733,.T.);
#7483=ORIENTED_EDGE('',*,*,#5728,.T.);
#7484=ORIENTED_EDGE('',*,*,#5734,.T.);
#7485=ORIENTED_EDGE('',*,*,#5735,.T.);
#7486=ORIENTED_EDGE('',*,*,#5736,.T.);
#7487=ORIENTED_EDGE('',*,*,#5732,.T.);
#7488=ORIENTED_EDGE('',*,*,#5737,.T.);
#7489=ORIENTED_EDGE('',*,*,#5659,.F.);
#7490=ORIENTED_EDGE('',*,*,#5738,.T.);
#7491=ORIENTED_EDGE('',*,*,#5735,.F.);
#7492=ORIENTED_EDGE('',*,*,#5739,.T.);
#7493=ORIENTED_EDGE('',*,*,#5730,.F.);
#7494=ORIENTED_EDGE('',*,*,#5740,.T.);
#7495=ORIENTED_EDGE('',*,*,#5600,.F.);
#7496=ORIENTED_EDGE('',*,*,#5741,.T.);
#7497=ORIENTED_EDGE('',*,*,#5742,.F.);
#7498=ORIENTED_EDGE('',*,*,#5712,.F.);
#7499=ORIENTED_EDGE('',*,*,#5743,.F.);
#7500=ORIENTED_EDGE('',*,*,#5645,.F.);
#7501=ORIENTED_EDGE('',*,*,#5743,.T.);
#7502=ORIENTED_EDGE('',*,*,#5711,.F.);
#7503=ORIENTED_EDGE('',*,*,#5582,.F.);
#7504=ORIENTED_EDGE('',*,*,#5648,.F.);
#7505=ORIENTED_EDGE('',*,*,#5742,.T.);
#7506=ORIENTED_EDGE('',*,*,#5642,.F.);
#7507=ORIENTED_EDGE('',*,*,#5744,.F.);
#7508=ORIENTED_EDGE('',*,*,#5713,.F.);
#7509=ORIENTED_EDGE('',*,*,#5744,.T.);
#7510=ORIENTED_EDGE('',*,*,#5639,.F.);
#7511=ORIENTED_EDGE('',*,*,#5745,.F.);
#7512=ORIENTED_EDGE('',*,*,#5714,.F.);
#7513=ORIENTED_EDGE('',*,*,#5745,.T.);
#7514=ORIENTED_EDGE('',*,*,#5636,.F.);
#7515=ORIENTED_EDGE('',*,*,#5746,.F.);
#7516=ORIENTED_EDGE('',*,*,#5715,.F.);
#7517=ORIENTED_EDGE('',*,*,#5578,.T.);
#7518=ORIENTED_EDGE('',*,*,#5710,.F.);
#7519=ORIENTED_EDGE('',*,*,#5747,.F.);
#7520=ORIENTED_EDGE('',*,*,#5652,.F.);
#7521=ORIENTED_EDGE('',*,*,#5746,.T.);
#7522=ORIENTED_EDGE('',*,*,#5634,.F.);
#7523=ORIENTED_EDGE('',*,*,#5748,.F.);
#7524=ORIENTED_EDGE('',*,*,#5716,.F.);
#7525=ORIENTED_EDGE('',*,*,#5747,.T.);
#7526=ORIENTED_EDGE('',*,*,#5709,.F.);
#7527=ORIENTED_EDGE('',*,*,#5749,.F.);
#7528=ORIENTED_EDGE('',*,*,#5655,.F.);
#7529=ORIENTED_EDGE('',*,*,#5748,.T.);
#7530=ORIENTED_EDGE('',*,*,#5592,.F.);
#7531=ORIENTED_EDGE('',*,*,#5750,.F.);
#7532=ORIENTED_EDGE('',*,*,#5717,.F.);
#7533=ORIENTED_EDGE('',*,*,#5749,.T.);
#7534=ORIENTED_EDGE('',*,*,#5708,.F.);
#7535=ORIENTED_EDGE('',*,*,#5751,.F.);
#7536=ORIENTED_EDGE('',*,*,#5658,.F.);
#7537=ORIENTED_EDGE('',*,*,#5750,.T.);
#7538=ORIENTED_EDGE('',*,*,#5632,.F.);
#7539=ORIENTED_EDGE('',*,*,#5752,.F.);
#7540=ORIENTED_EDGE('',*,*,#5718,.F.);
#7541=ORIENTED_EDGE('',*,*,#5751,.T.);
#7542=ORIENTED_EDGE('',*,*,#5707,.F.);
#7543=ORIENTED_EDGE('',*,*,#5753,.F.);
#7544=ORIENTED_EDGE('',*,*,#5738,.F.);
#7545=ORIENTED_EDGE('',*,*,#5752,.T.);
#7546=ORIENTED_EDGE('',*,*,#5629,.F.);
#7547=ORIENTED_EDGE('',*,*,#5754,.F.);
#7548=ORIENTED_EDGE('',*,*,#5719,.F.);
#7549=ORIENTED_EDGE('',*,*,#5753,.T.);
#7550=ORIENTED_EDGE('',*,*,#5706,.F.);
#7551=ORIENTED_EDGE('',*,*,#5755,.F.);
#7552=ORIENTED_EDGE('',*,*,#5736,.F.);
#7553=ORIENTED_EDGE('',*,*,#5754,.T.);
#7554=ORIENTED_EDGE('',*,*,#5626,.F.);
#7555=ORIENTED_EDGE('',*,*,#5756,.F.);
#7556=ORIENTED_EDGE('',*,*,#5720,.F.);
#7557=ORIENTED_EDGE('',*,*,#5755,.T.);
#7558=ORIENTED_EDGE('',*,*,#5705,.F.);
#7559=ORIENTED_EDGE('',*,*,#5757,.F.);
#7560=ORIENTED_EDGE('',*,*,#5733,.F.);
#7561=ORIENTED_EDGE('',*,*,#5756,.T.);
#7562=ORIENTED_EDGE('',*,*,#5623,.F.);
#7563=ORIENTED_EDGE('',*,*,#5758,.F.);
#7564=ORIENTED_EDGE('',*,*,#5721,.F.);
#7565=ORIENTED_EDGE('',*,*,#5757,.T.);
#7566=ORIENTED_EDGE('',*,*,#5704,.F.);
#7567=ORIENTED_EDGE('',*,*,#5759,.F.);
#7568=ORIENTED_EDGE('',*,*,#5729,.F.);
#7569=ORIENTED_EDGE('',*,*,#5758,.T.);
#7570=ORIENTED_EDGE('',*,*,#5620,.F.);
#7571=ORIENTED_EDGE('',*,*,#5760,.F.);
#7572=ORIENTED_EDGE('',*,*,#5722,.F.);
#7573=ORIENTED_EDGE('',*,*,#5759,.T.);
#7574=ORIENTED_EDGE('',*,*,#5703,.F.);
#7575=ORIENTED_EDGE('',*,*,#5761,.F.);
#7576=ORIENTED_EDGE('',*,*,#5740,.F.);
#7577=ORIENTED_EDGE('',*,*,#5760,.T.);
#7578=ORIENTED_EDGE('',*,*,#5595,.F.);
#7579=ORIENTED_EDGE('',*,*,#5762,.F.);
#7580=ORIENTED_EDGE('',*,*,#5723,.F.);
#7581=ORIENTED_EDGE('',*,*,#5761,.T.);
#7582=ORIENTED_EDGE('',*,*,#5702,.F.);
#7583=ORIENTED_EDGE('',*,*,#5763,.F.);
#7584=ORIENTED_EDGE('',*,*,#5601,.F.);
#7585=ORIENTED_EDGE('',*,*,#5762,.T.);
#7586=ORIENTED_EDGE('',*,*,#5619,.F.);
#7587=ORIENTED_EDGE('',*,*,#5764,.F.);
#7588=ORIENTED_EDGE('',*,*,#5724,.F.);
#7589=ORIENTED_EDGE('',*,*,#5763,.T.);
#7590=ORIENTED_EDGE('',*,*,#5701,.F.);
#7591=ORIENTED_EDGE('',*,*,#5765,.F.);
#7592=ORIENTED_EDGE('',*,*,#5661,.F.);
#7593=ORIENTED_EDGE('',*,*,#5764,.T.);
#7594=ORIENTED_EDGE('',*,*,#5616,.F.);
#7595=ORIENTED_EDGE('',*,*,#5766,.F.);
#7596=ORIENTED_EDGE('',*,*,#5725,.F.);
#7597=ORIENTED_EDGE('',*,*,#5765,.T.);
#7598=ORIENTED_EDGE('',*,*,#5700,.F.);
#7599=ORIENTED_EDGE('',*,*,#5576,.F.);
#7600=ORIENTED_EDGE('',*,*,#5664,.F.);
#7601=ORIENTED_EDGE('',*,*,#5766,.T.);
#7602=ORIENTED_EDGE('',*,*,#5613,.F.);
#7603=ORIENTED_EDGE('',*,*,#5767,.F.);
#7604=ORIENTED_EDGE('',*,*,#5726,.F.);
#7605=ORIENTED_EDGE('',*,*,#5767,.T.);
#7606=ORIENTED_EDGE('',*,*,#5610,.F.);
#7607=ORIENTED_EDGE('',*,*,#5768,.F.);
#7608=ORIENTED_EDGE('',*,*,#5727,.F.);
#7609=ORIENTED_EDGE('',*,*,#5768,.T.);
#7610=ORIENTED_EDGE('',*,*,#5607,.F.);
#7611=ORIENTED_EDGE('',*,*,#5769,.F.);
#7612=ORIENTED_EDGE('',*,*,#5698,.F.);
#7613=ORIENTED_EDGE('',*,*,#5573,.T.);
#7614=ORIENTED_EDGE('',*,*,#5699,.F.);
#7615=ORIENTED_EDGE('',*,*,#5769,.T.);
#7616=ORIENTED_EDGE('',*,*,#5604,.F.);
#7617=ORIENTED_EDGE('',*,*,#5770,.F.);
#7618=ORIENTED_EDGE('',*,*,#5641,.F.);
#7619=ORIENTED_EDGE('',*,*,#5771,.F.);
#7620=ORIENTED_EDGE('',*,*,#5682,.F.);
#7621=ORIENTED_EDGE('',*,*,#5771,.T.);
#7622=ORIENTED_EDGE('',*,*,#5644,.F.);
#7623=ORIENTED_EDGE('',*,*,#5772,.F.);
#7624=ORIENTED_EDGE('',*,*,#5683,.F.);
#7625=ORIENTED_EDGE('',*,*,#5770,.T.);
#7626=ORIENTED_EDGE('',*,*,#5681,.F.);
#7627=ORIENTED_EDGE('',*,*,#5552,.F.);
#7628=ORIENTED_EDGE('',*,*,#5638,.F.);
#7629=ORIENTED_EDGE('',*,*,#5772,.T.);
#7630=ORIENTED_EDGE('',*,*,#5647,.F.);
#7631=ORIENTED_EDGE('',*,*,#5773,.F.);
#7632=ORIENTED_EDGE('',*,*,#5684,.F.);
#7633=ORIENTED_EDGE('',*,*,#5773,.T.);
#7634=ORIENTED_EDGE('',*,*,#5649,.F.);
#7635=ORIENTED_EDGE('',*,*,#5774,.F.);
#7636=ORIENTED_EDGE('',*,*,#5685,.F.);
#7637=ORIENTED_EDGE('',*,*,#5774,.T.);
#7638=ORIENTED_EDGE('',*,*,#5588,.F.);
#7639=ORIENTED_EDGE('',*,*,#5775,.F.);
#7640=ORIENTED_EDGE('',*,*,#5686,.F.);
#7641=ORIENTED_EDGE('',*,*,#5548,.T.);
#7642=ORIENTED_EDGE('',*,*,#5680,.F.);
#7643=ORIENTED_EDGE('',*,*,#5776,.F.);
#7644=ORIENTED_EDGE('',*,*,#5633,.F.);
#7645=ORIENTED_EDGE('',*,*,#5775,.T.);
#7646=ORIENTED_EDGE('',*,*,#5651,.F.);
#7647=ORIENTED_EDGE('',*,*,#5777,.F.);
#7648=ORIENTED_EDGE('',*,*,#5687,.F.);
#7649=ORIENTED_EDGE('',*,*,#5776,.T.);
#7650=ORIENTED_EDGE('',*,*,#5679,.F.);
#7651=ORIENTED_EDGE('',*,*,#5778,.F.);
#7652=ORIENTED_EDGE('',*,*,#5631,.F.);
#7653=ORIENTED_EDGE('',*,*,#5777,.T.);
#7654=ORIENTED_EDGE('',*,*,#5654,.F.);
#7655=ORIENTED_EDGE('',*,*,#5779,.F.);
#7656=ORIENTED_EDGE('',*,*,#5688,.F.);
#7657=ORIENTED_EDGE('',*,*,#5778,.T.);
#7658=ORIENTED_EDGE('',*,*,#5678,.F.);
#7659=ORIENTED_EDGE('',*,*,#5780,.F.);
#7660=ORIENTED_EDGE('',*,*,#5628,.F.);
#7661=ORIENTED_EDGE('',*,*,#5779,.T.);
#7662=ORIENTED_EDGE('',*,*,#5657,.F.);
#7663=ORIENTED_EDGE('',*,*,#5781,.F.);
#7664=ORIENTED_EDGE('',*,*,#5689,.F.);
#7665=ORIENTED_EDGE('',*,*,#5780,.T.);
#7666=ORIENTED_EDGE('',*,*,#5677,.F.);
#7667=ORIENTED_EDGE('',*,*,#5782,.F.);
#7668=ORIENTED_EDGE('',*,*,#5625,.F.);
#7669=ORIENTED_EDGE('',*,*,#5781,.T.);
#7670=ORIENTED_EDGE('',*,*,#5660,.F.);
#7671=ORIENTED_EDGE('',*,*,#5783,.F.);
#7672=ORIENTED_EDGE('',*,*,#5690,.F.);
#7673=ORIENTED_EDGE('',*,*,#5782,.T.);
#7674=ORIENTED_EDGE('',*,*,#5676,.F.);
#7675=ORIENTED_EDGE('',*,*,#5546,.F.);
#7676=ORIENTED_EDGE('',*,*,#5622,.F.);
#7677=ORIENTED_EDGE('',*,*,#5783,.T.);
#7678=ORIENTED_EDGE('',*,*,#5739,.F.);
#7679=ORIENTED_EDGE('',*,*,#5784,.F.);
#7680=ORIENTED_EDGE('',*,*,#5691,.F.);
#7681=ORIENTED_EDGE('',*,*,#5784,.T.);
#7682=ORIENTED_EDGE('',*,*,#5737,.F.);
#7683=ORIENTED_EDGE('',*,*,#5785,.F.);
#7684=ORIENTED_EDGE('',*,*,#5692,.F.);
#7685=ORIENTED_EDGE('',*,*,#5785,.T.);
#7686=ORIENTED_EDGE('',*,*,#5734,.F.);
#7687=ORIENTED_EDGE('',*,*,#5786,.F.);
#7688=ORIENTED_EDGE('',*,*,#5693,.F.);
#7689=ORIENTED_EDGE('',*,*,#5543,.T.);
#7690=ORIENTED_EDGE('',*,*,#5675,.F.);
#7691=ORIENTED_EDGE('',*,*,#5787,.F.);
#7692=ORIENTED_EDGE('',*,*,#5618,.F.);
#7693=ORIENTED_EDGE('',*,*,#5786,.T.);
#7694=ORIENTED_EDGE('',*,*,#5731,.F.);
#7695=ORIENTED_EDGE('',*,*,#5788,.F.);
#7696=ORIENTED_EDGE('',*,*,#5694,.F.);
#7697=ORIENTED_EDGE('',*,*,#5787,.T.);
#7698=ORIENTED_EDGE('',*,*,#5674,.F.);
#7699=ORIENTED_EDGE('',*,*,#5789,.F.);
#7700=ORIENTED_EDGE('',*,*,#5615,.F.);
#7701=ORIENTED_EDGE('',*,*,#5788,.T.);
#7702=ORIENTED_EDGE('',*,*,#5741,.F.);
#7703=ORIENTED_EDGE('',*,*,#5790,.F.);
#7704=ORIENTED_EDGE('',*,*,#5695,.F.);
#7705=ORIENTED_EDGE('',*,*,#5789,.T.);
#7706=ORIENTED_EDGE('',*,*,#5673,.F.);
#7707=ORIENTED_EDGE('',*,*,#5791,.F.);
#7708=ORIENTED_EDGE('',*,*,#5612,.F.);
#7709=ORIENTED_EDGE('',*,*,#5790,.T.);
#7710=ORIENTED_EDGE('',*,*,#5603,.F.);
#7711=ORIENTED_EDGE('',*,*,#5792,.F.);
#7712=ORIENTED_EDGE('',*,*,#5696,.F.);
#7713=ORIENTED_EDGE('',*,*,#5791,.T.);
#7714=ORIENTED_EDGE('',*,*,#5672,.F.);
#7715=ORIENTED_EDGE('',*,*,#5793,.F.);
#7716=ORIENTED_EDGE('',*,*,#5609,.F.);
#7717=ORIENTED_EDGE('',*,*,#5792,.T.);
#7718=ORIENTED_EDGE('',*,*,#5663,.F.);
#7719=ORIENTED_EDGE('',*,*,#5794,.F.);
#7720=ORIENTED_EDGE('',*,*,#5697,.F.);
#7721=ORIENTED_EDGE('',*,*,#5793,.T.);
#7722=ORIENTED_EDGE('',*,*,#5671,.F.);
#7723=ORIENTED_EDGE('',*,*,#5795,.F.);
#7724=ORIENTED_EDGE('',*,*,#5606,.F.);
#7725=ORIENTED_EDGE('',*,*,#5794,.T.);
#7726=ORIENTED_EDGE('',*,*,#5666,.F.);
#7727=ORIENTED_EDGE('',*,*,#5796,.F.);
#7728=ORIENTED_EDGE('',*,*,#5668,.F.);
#7729=ORIENTED_EDGE('',*,*,#5795,.T.);
#7730=ORIENTED_EDGE('',*,*,#5670,.F.);
#7731=ORIENTED_EDGE('',*,*,#5797,.F.);
#7732=ORIENTED_EDGE('',*,*,#5597,.F.);
#7733=ORIENTED_EDGE('',*,*,#5796,.T.);
#7734=ORIENTED_EDGE('',*,*,#5667,.F.);
#7735=ORIENTED_EDGE('',*,*,#5797,.T.);
#7736=ORIENTED_EDGE('',*,*,#5669,.F.);
#7737=ORIENTED_EDGE('',*,*,#5798,.F.);
#7738=ORIENTED_EDGE('',*,*,#5799,.T.);
#7739=ORIENTED_EDGE('',*,*,#5800,.F.);
#7740=ORIENTED_EDGE('',*,*,#5801,.T.);
#7741=ORIENTED_EDGE('',*,*,#5802,.F.);
#7742=ORIENTED_EDGE('',*,*,#5803,.T.);
#7743=ORIENTED_EDGE('',*,*,#5804,.F.);
#7744=ORIENTED_EDGE('',*,*,#5803,.F.);
#7745=ORIENTED_EDGE('',*,*,#5805,.F.);
#7746=ORIENTED_EDGE('',*,*,#5806,.T.);
#7747=ORIENTED_EDGE('',*,*,#5807,.F.);
#7748=ORIENTED_EDGE('',*,*,#5806,.F.);
#7749=ORIENTED_EDGE('',*,*,#5808,.F.);
#7750=ORIENTED_EDGE('',*,*,#5809,.T.);
#7751=ORIENTED_EDGE('',*,*,#5802,.T.);
#7752=ORIENTED_EDGE('',*,*,#5809,.F.);
#7753=ORIENTED_EDGE('',*,*,#5810,.F.);
#7754=ORIENTED_EDGE('',*,*,#5811,.T.);
#7755=ORIENTED_EDGE('',*,*,#5798,.T.);
#7756=ORIENTED_EDGE('',*,*,#5812,.F.);
#7757=ORIENTED_EDGE('',*,*,#5813,.F.);
#7758=ORIENTED_EDGE('',*,*,#5814,.T.);
#7759=ORIENTED_EDGE('',*,*,#5815,.T.);
#7760=ORIENTED_EDGE('',*,*,#5814,.F.);
#7761=ORIENTED_EDGE('',*,*,#5816,.T.);
#7762=ORIENTED_EDGE('',*,*,#5817,.T.);
#7763=ORIENTED_EDGE('',*,*,#5813,.T.);
#7764=ORIENTED_EDGE('',*,*,#5817,.F.);
#7765=ORIENTED_EDGE('',*,*,#5818,.F.);
#7766=ORIENTED_EDGE('',*,*,#5819,.T.);
#7767=ORIENTED_EDGE('',*,*,#5820,.T.);
#7768=ORIENTED_EDGE('',*,*,#5819,.F.);
#7769=ORIENTED_EDGE('',*,*,#5821,.T.);
#7770=ORIENTED_EDGE('',*,*,#5822,.T.);
#7771=ORIENTED_EDGE('',*,*,#5818,.T.);
#7772=ORIENTED_EDGE('',*,*,#5822,.F.);
#7773=ORIENTED_EDGE('',*,*,#5823,.F.);
#7774=ORIENTED_EDGE('',*,*,#5824,.T.);
#7775=ORIENTED_EDGE('',*,*,#5825,.T.);
#7776=ORIENTED_EDGE('',*,*,#5824,.F.);
#7777=ORIENTED_EDGE('',*,*,#5826,.T.);
#7778=ORIENTED_EDGE('',*,*,#5827,.T.);
#7779=ORIENTED_EDGE('',*,*,#5823,.T.);
#7780=ORIENTED_EDGE('',*,*,#5827,.F.);
#7781=ORIENTED_EDGE('',*,*,#5828,.F.);
#7782=ORIENTED_EDGE('',*,*,#5829,.T.);
#7783=ORIENTED_EDGE('',*,*,#5830,.T.);
#7784=ORIENTED_EDGE('',*,*,#5829,.F.);
#7785=ORIENTED_EDGE('',*,*,#5831,.T.);
#7786=ORIENTED_EDGE('',*,*,#5832,.T.);
#7787=ORIENTED_EDGE('',*,*,#5828,.T.);
#7788=ORIENTED_EDGE('',*,*,#5832,.F.);
#7789=ORIENTED_EDGE('',*,*,#5833,.T.);
#7790=ORIENTED_EDGE('',*,*,#5834,.T.);
#7791=ORIENTED_EDGE('',*,*,#5805,.T.);
#7792=ORIENTED_EDGE('',*,*,#5834,.F.);
#7793=ORIENTED_EDGE('',*,*,#5835,.F.);
#7794=ORIENTED_EDGE('',*,*,#5836,.T.);
#7795=ORIENTED_EDGE('',*,*,#5837,.F.);
#7796=ORIENTED_EDGE('',*,*,#5836,.F.);
#7797=ORIENTED_EDGE('',*,*,#5838,.F.);
#7798=ORIENTED_EDGE('',*,*,#5839,.T.);
#7799=ORIENTED_EDGE('',*,*,#5840,.T.);
#7800=ORIENTED_EDGE('',*,*,#5841,.T.);
#7801=ORIENTED_EDGE('',*,*,#5835,.T.);
#7802=ORIENTED_EDGE('',*,*,#5841,.F.);
#7803=ORIENTED_EDGE('',*,*,#5842,.T.);
#7804=ORIENTED_EDGE('',*,*,#5843,.T.);
#7805=ORIENTED_EDGE('',*,*,#5844,.F.);
#7806=ORIENTED_EDGE('',*,*,#5845,.T.);
#7807=ORIENTED_EDGE('',*,*,#5846,.F.);
#7808=ORIENTED_EDGE('',*,*,#5847,.F.);
#7809=ORIENTED_EDGE('',*,*,#5848,.F.);
#7810=ORIENTED_EDGE('',*,*,#5849,.T.);
#7811=ORIENTED_EDGE('',*,*,#5850,.T.);
#7812=ORIENTED_EDGE('',*,*,#5849,.F.);
#7813=ORIENTED_EDGE('',*,*,#5851,.T.);
#7814=ORIENTED_EDGE('',*,*,#5852,.T.);
#7815=ORIENTED_EDGE('',*,*,#5848,.T.);
#7816=ORIENTED_EDGE('',*,*,#5852,.F.);
#7817=ORIENTED_EDGE('',*,*,#5853,.F.);
#7818=ORIENTED_EDGE('',*,*,#5854,.T.);
#7819=ORIENTED_EDGE('',*,*,#5855,.T.);
#7820=ORIENTED_EDGE('',*,*,#5854,.F.);
#7821=ORIENTED_EDGE('',*,*,#5856,.T.);
#7822=ORIENTED_EDGE('',*,*,#5857,.T.);
#7823=ORIENTED_EDGE('',*,*,#5853,.T.);
#7824=ORIENTED_EDGE('',*,*,#5857,.F.);
#7825=ORIENTED_EDGE('',*,*,#5858,.F.);
#7826=ORIENTED_EDGE('',*,*,#5859,.T.);
#7827=ORIENTED_EDGE('',*,*,#5860,.T.);
#7828=ORIENTED_EDGE('',*,*,#5859,.F.);
#7829=ORIENTED_EDGE('',*,*,#5861,.T.);
#7830=ORIENTED_EDGE('',*,*,#5862,.T.);
#7831=ORIENTED_EDGE('',*,*,#5858,.T.);
#7832=ORIENTED_EDGE('',*,*,#5862,.F.);
#7833=ORIENTED_EDGE('',*,*,#5863,.F.);
#7834=ORIENTED_EDGE('',*,*,#5864,.T.);
#7835=ORIENTED_EDGE('',*,*,#5865,.T.);
#7836=ORIENTED_EDGE('',*,*,#5864,.F.);
#7837=ORIENTED_EDGE('',*,*,#5866,.T.);
#7838=ORIENTED_EDGE('',*,*,#5867,.T.);
#7839=ORIENTED_EDGE('',*,*,#5863,.T.);
#7840=ORIENTED_EDGE('',*,*,#5867,.F.);
#7841=ORIENTED_EDGE('',*,*,#5868,.F.);
#7842=ORIENTED_EDGE('',*,*,#5869,.T.);
#7843=ORIENTED_EDGE('',*,*,#5870,.F.);
#7844=ORIENTED_EDGE('',*,*,#5869,.F.);
#7845=ORIENTED_EDGE('',*,*,#5871,.F.);
#7846=ORIENTED_EDGE('',*,*,#5872,.T.);
#7847=ORIENTED_EDGE('',*,*,#5873,.F.);
#7848=ORIENTED_EDGE('',*,*,#5874,.T.);
#7849=ORIENTED_EDGE('',*,*,#5875,.F.);
#7850=ORIENTED_EDGE('',*,*,#5876,.T.);
#7851=ORIENTED_EDGE('',*,*,#5877,.F.);
#7852=ORIENTED_EDGE('',*,*,#5876,.F.);
#7853=ORIENTED_EDGE('',*,*,#5878,.F.);
#7854=ORIENTED_EDGE('',*,*,#5879,.F.);
#7855=ORIENTED_EDGE('',*,*,#5880,.F.);
#7856=ORIENTED_EDGE('',*,*,#5881,.T.);
#7857=ORIENTED_EDGE('',*,*,#5882,.F.);
#7858=ORIENTED_EDGE('',*,*,#5883,.T.);
#7859=ORIENTED_EDGE('',*,*,#5884,.T.);
#7860=ORIENTED_EDGE('',*,*,#5883,.F.);
#7861=ORIENTED_EDGE('',*,*,#5885,.F.);
#7862=ORIENTED_EDGE('',*,*,#5886,.T.);
#7863=ORIENTED_EDGE('',*,*,#5882,.T.);
#7864=ORIENTED_EDGE('',*,*,#5886,.F.);
#7865=ORIENTED_EDGE('',*,*,#5887,.F.);
#7866=ORIENTED_EDGE('',*,*,#5888,.T.);
#7867=ORIENTED_EDGE('',*,*,#5889,.T.);
#7868=ORIENTED_EDGE('',*,*,#5888,.F.);
#7869=ORIENTED_EDGE('',*,*,#5890,.F.);
#7870=ORIENTED_EDGE('',*,*,#5891,.T.);
#7871=ORIENTED_EDGE('',*,*,#5887,.T.);
#7872=ORIENTED_EDGE('',*,*,#5891,.F.);
#7873=ORIENTED_EDGE('',*,*,#5892,.F.);
#7874=ORIENTED_EDGE('',*,*,#5893,.T.);
#7875=ORIENTED_EDGE('',*,*,#5894,.T.);
#7876=ORIENTED_EDGE('',*,*,#5893,.F.);
#7877=ORIENTED_EDGE('',*,*,#5895,.F.);
#7878=ORIENTED_EDGE('',*,*,#5896,.T.);
#7879=ORIENTED_EDGE('',*,*,#5892,.T.);
#7880=ORIENTED_EDGE('',*,*,#5896,.F.);
#7881=ORIENTED_EDGE('',*,*,#5897,.F.);
#7882=ORIENTED_EDGE('',*,*,#5898,.T.);
#7883=ORIENTED_EDGE('',*,*,#5899,.T.);
#7884=ORIENTED_EDGE('',*,*,#5898,.F.);
#7885=ORIENTED_EDGE('',*,*,#5900,.F.);
#7886=ORIENTED_EDGE('',*,*,#5901,.T.);
#7887=ORIENTED_EDGE('',*,*,#5897,.T.);
#7888=ORIENTED_EDGE('',*,*,#5901,.F.);
#7889=ORIENTED_EDGE('',*,*,#5902,.F.);
#7890=ORIENTED_EDGE('',*,*,#5903,.T.);
#7891=ORIENTED_EDGE('',*,*,#5878,.T.);
#7892=ORIENTED_EDGE('',*,*,#5904,.F.);
#7893=ORIENTED_EDGE('',*,*,#5905,.F.);
#7894=ORIENTED_EDGE('',*,*,#5906,.T.);
#7895=ORIENTED_EDGE('',*,*,#5875,.T.);
#7896=ORIENTED_EDGE('',*,*,#5906,.F.);
#7897=ORIENTED_EDGE('',*,*,#5907,.F.);
#7898=ORIENTED_EDGE('',*,*,#5908,.T.);
#7899=ORIENTED_EDGE('',*,*,#5909,.T.);
#7900=ORIENTED_EDGE('',*,*,#5908,.F.);
#7901=ORIENTED_EDGE('',*,*,#5910,.F.);
#7902=ORIENTED_EDGE('',*,*,#5911,.T.);
#7903=ORIENTED_EDGE('',*,*,#5907,.T.);
#7904=ORIENTED_EDGE('',*,*,#5911,.F.);
#7905=ORIENTED_EDGE('',*,*,#5912,.F.);
#7906=ORIENTED_EDGE('',*,*,#5913,.T.);
#7907=ORIENTED_EDGE('',*,*,#5914,.T.);
#7908=ORIENTED_EDGE('',*,*,#5913,.F.);
#7909=ORIENTED_EDGE('',*,*,#5915,.F.);
#7910=ORIENTED_EDGE('',*,*,#5916,.T.);
#7911=ORIENTED_EDGE('',*,*,#5912,.T.);
#7912=ORIENTED_EDGE('',*,*,#5916,.F.);
#7913=ORIENTED_EDGE('',*,*,#5917,.F.);
#7914=ORIENTED_EDGE('',*,*,#5918,.T.);
#7915=ORIENTED_EDGE('',*,*,#5919,.T.);
#7916=ORIENTED_EDGE('',*,*,#5918,.F.);
#7917=ORIENTED_EDGE('',*,*,#5920,.F.);
#7918=ORIENTED_EDGE('',*,*,#5921,.T.);
#7919=ORIENTED_EDGE('',*,*,#5917,.T.);
#7920=ORIENTED_EDGE('',*,*,#5921,.F.);
#7921=ORIENTED_EDGE('',*,*,#5922,.F.);
#7922=ORIENTED_EDGE('',*,*,#5923,.T.);
#7923=ORIENTED_EDGE('',*,*,#5924,.T.);
#7924=ORIENTED_EDGE('',*,*,#5923,.F.);
#7925=ORIENTED_EDGE('',*,*,#5925,.F.);
#7926=ORIENTED_EDGE('',*,*,#5926,.T.);
#7927=ORIENTED_EDGE('',*,*,#5922,.T.);
#7928=ORIENTED_EDGE('',*,*,#5926,.F.);
#7929=ORIENTED_EDGE('',*,*,#5927,.F.);
#7930=ORIENTED_EDGE('',*,*,#5928,.T.);
#7931=ORIENTED_EDGE('',*,*,#5871,.T.);
#7932=ORIENTED_EDGE('',*,*,#5929,.F.);
#7933=ORIENTED_EDGE('',*,*,#5930,.F.);
#7934=ORIENTED_EDGE('',*,*,#5931,.T.);
#7935=ORIENTED_EDGE('',*,*,#5868,.T.);
#7936=ORIENTED_EDGE('',*,*,#5931,.F.);
#7937=ORIENTED_EDGE('',*,*,#5932,.F.);
#7938=ORIENTED_EDGE('',*,*,#5933,.T.);
#7939=ORIENTED_EDGE('',*,*,#5934,.T.);
#7940=ORIENTED_EDGE('',*,*,#5933,.F.);
#7941=ORIENTED_EDGE('',*,*,#5935,.F.);
#7942=ORIENTED_EDGE('',*,*,#5936,.T.);
#7943=ORIENTED_EDGE('',*,*,#5932,.T.);
#7944=ORIENTED_EDGE('',*,*,#5936,.F.);
#7945=ORIENTED_EDGE('',*,*,#5937,.F.);
#7946=ORIENTED_EDGE('',*,*,#5938,.T.);
#7947=ORIENTED_EDGE('',*,*,#5939,.T.);
#7948=ORIENTED_EDGE('',*,*,#5938,.F.);
#7949=ORIENTED_EDGE('',*,*,#5940,.F.);
#7950=ORIENTED_EDGE('',*,*,#5941,.T.);
#7951=ORIENTED_EDGE('',*,*,#5937,.T.);
#7952=ORIENTED_EDGE('',*,*,#5941,.F.);
#7953=ORIENTED_EDGE('',*,*,#5942,.F.);
#7954=ORIENTED_EDGE('',*,*,#5943,.T.);
#7955=ORIENTED_EDGE('',*,*,#5944,.T.);
#7956=ORIENTED_EDGE('',*,*,#5943,.F.);
#7957=ORIENTED_EDGE('',*,*,#5945,.F.);
#7958=ORIENTED_EDGE('',*,*,#5946,.T.);
#7959=ORIENTED_EDGE('',*,*,#5942,.T.);
#7960=ORIENTED_EDGE('',*,*,#5946,.F.);
#7961=ORIENTED_EDGE('',*,*,#5947,.F.);
#7962=ORIENTED_EDGE('',*,*,#5948,.T.);
#7963=ORIENTED_EDGE('',*,*,#5949,.T.);
#7964=ORIENTED_EDGE('',*,*,#5948,.F.);
#7965=ORIENTED_EDGE('',*,*,#5950,.F.);
#7966=ORIENTED_EDGE('',*,*,#5951,.T.);
#7967=ORIENTED_EDGE('',*,*,#5947,.T.);
#7968=ORIENTED_EDGE('',*,*,#5951,.F.);
#7969=ORIENTED_EDGE('',*,*,#5952,.T.);
#7970=ORIENTED_EDGE('',*,*,#5953,.T.);
#7971=ORIENTED_EDGE('',*,*,#5954,.T.);
#7972=ORIENTED_EDGE('',*,*,#5955,.T.);
#7973=ORIENTED_EDGE('',*,*,#5956,.F.);
#7974=ORIENTED_EDGE('',*,*,#5957,.T.);
#7975=ORIENTED_EDGE('',*,*,#5958,.T.);
#7976=ORIENTED_EDGE('',*,*,#5959,.T.);
#7977=ORIENTED_EDGE('',*,*,#5960,.T.);
#7978=ORIENTED_EDGE('',*,*,#5961,.F.);
#7979=ORIENTED_EDGE('',*,*,#5962,.F.);
#7980=ORIENTED_EDGE('',*,*,#5963,.T.);
#7981=ORIENTED_EDGE('',*,*,#5964,.F.);
#7982=ORIENTED_EDGE('',*,*,#5965,.F.);
#7983=ORIENTED_EDGE('',*,*,#5966,.T.);
#7984=ORIENTED_EDGE('',*,*,#5967,.F.);
#7985=ORIENTED_EDGE('',*,*,#5968,.F.);
#7986=ORIENTED_EDGE('',*,*,#5969,.T.);
#7987=ORIENTED_EDGE('',*,*,#5970,.T.);
#7988=ORIENTED_EDGE('',*,*,#5800,.T.);
#7989=ORIENTED_EDGE('',*,*,#5971,.T.);
#7990=ORIENTED_EDGE('',*,*,#5972,.T.);
#7991=ORIENTED_EDGE('',*,*,#5884,.F.);
#7992=ORIENTED_EDGE('',*,*,#5889,.F.);
#7993=ORIENTED_EDGE('',*,*,#5973,.F.);
#7994=ORIENTED_EDGE('',*,*,#5974,.T.);
#7995=ORIENTED_EDGE('',*,*,#5975,.T.);
#7996=ORIENTED_EDGE('',*,*,#5976,.T.);
#7997=ORIENTED_EDGE('',*,*,#5975,.F.);
#7998=ORIENTED_EDGE('',*,*,#5977,.T.);
#7999=ORIENTED_EDGE('',*,*,#5978,.F.);
#8000=ORIENTED_EDGE('',*,*,#5979,.F.);
#8001=ORIENTED_EDGE('',*,*,#5980,.F.);
#8002=ORIENTED_EDGE('',*,*,#5981,.F.);
#8003=ORIENTED_EDGE('',*,*,#5982,.T.);
#8004=ORIENTED_EDGE('',*,*,#5983,.T.);
#8005=ORIENTED_EDGE('',*,*,#5894,.F.);
#8006=ORIENTED_EDGE('',*,*,#5899,.F.);
#8007=ORIENTED_EDGE('',*,*,#5804,.T.);
#8008=ORIENTED_EDGE('',*,*,#5978,.T.);
#8009=ORIENTED_EDGE('',*,*,#5984,.T.);
#8010=ORIENTED_EDGE('',*,*,#5985,.T.);
#8011=ORIENTED_EDGE('',*,*,#5986,.F.);
#8012=ORIENTED_EDGE('',*,*,#5987,.T.);
#8013=ORIENTED_EDGE('',*,*,#5988,.T.);
#8014=ORIENTED_EDGE('',*,*,#5989,.T.);
#8015=ORIENTED_EDGE('',*,*,#5990,.F.);
#8016=ORIENTED_EDGE('',*,*,#5991,.T.);
#8017=ORIENTED_EDGE('',*,*,#5992,.T.);
#8018=ORIENTED_EDGE('',*,*,#5993,.T.);
#8019=ORIENTED_EDGE('',*,*,#5994,.F.);
#8020=ORIENTED_EDGE('',*,*,#5995,.T.);
#8021=ORIENTED_EDGE('',*,*,#5996,.T.);
#8022=ORIENTED_EDGE('',*,*,#5997,.T.);
#8023=ORIENTED_EDGE('',*,*,#5982,.F.);
#8024=ORIENTED_EDGE('',*,*,#5998,.F.);
#8025=ORIENTED_EDGE('',*,*,#5999,.F.);
#8026=ORIENTED_EDGE('',*,*,#6000,.T.);
#8027=ORIENTED_EDGE('',*,*,#5966,.F.);
#8028=ORIENTED_EDGE('',*,*,#6001,.T.);
#8029=ORIENTED_EDGE('',*,*,#6002,.F.);
#8030=ORIENTED_EDGE('',*,*,#6003,.T.);
#8031=ORIENTED_EDGE('',*,*,#6004,.F.);
#8032=ORIENTED_EDGE('',*,*,#6005,.T.);
#8033=ORIENTED_EDGE('',*,*,#6006,.F.);
#8034=ORIENTED_EDGE('',*,*,#6007,.T.);
#8035=ORIENTED_EDGE('',*,*,#6008,.F.);
#8036=ORIENTED_EDGE('',*,*,#6009,.T.);
#8037=ORIENTED_EDGE('',*,*,#6010,.F.);
#8038=ORIENTED_EDGE('',*,*,#6011,.T.);
#8039=ORIENTED_EDGE('',*,*,#6012,.F.);
#8040=ORIENTED_EDGE('',*,*,#6013,.T.);
#8041=ORIENTED_EDGE('',*,*,#6014,.T.);
#8042=ORIENTED_EDGE('',*,*,#6015,.T.);
#8043=ORIENTED_EDGE('',*,*,#6016,.T.);
#8044=ORIENTED_EDGE('',*,*,#6017,.T.);
#8045=ORIENTED_EDGE('',*,*,#6018,.T.);
#8046=ORIENTED_EDGE('',*,*,#6019,.T.);
#8047=ORIENTED_EDGE('',*,*,#6020,.T.);
#8048=ORIENTED_EDGE('',*,*,#6021,.T.);
#8049=ORIENTED_EDGE('',*,*,#5846,.T.);
#8050=ORIENTED_EDGE('',*,*,#6022,.T.);
#8051=ORIENTED_EDGE('',*,*,#6023,.T.);
#8052=ORIENTED_EDGE('',*,*,#6024,.T.);
#8053=ORIENTED_EDGE('',*,*,#6025,.T.);
#8054=ORIENTED_EDGE('',*,*,#6026,.T.);
#8055=ORIENTED_EDGE('',*,*,#6027,.T.);
#8056=ORIENTED_EDGE('',*,*,#6028,.T.);
#8057=ORIENTED_EDGE('',*,*,#6029,.T.);
#8058=ORIENTED_EDGE('',*,*,#6030,.T.);
#8059=ORIENTED_EDGE('',*,*,#6031,.T.);
#8060=ORIENTED_EDGE('',*,*,#6032,.T.);
#8061=ORIENTED_EDGE('',*,*,#6033,.T.);
#8062=ORIENTED_EDGE('',*,*,#6034,.T.);
#8063=ORIENTED_EDGE('',*,*,#6035,.T.);
#8064=ORIENTED_EDGE('',*,*,#6036,.T.);
#8065=ORIENTED_EDGE('',*,*,#6037,.T.);
#8066=ORIENTED_EDGE('',*,*,#6038,.T.);
#8067=ORIENTED_EDGE('',*,*,#6039,.T.);
#8068=ORIENTED_EDGE('',*,*,#6040,.T.);
#8069=ORIENTED_EDGE('',*,*,#6041,.T.);
#8070=ORIENTED_EDGE('',*,*,#6042,.T.);
#8071=ORIENTED_EDGE('',*,*,#6043,.T.);
#8072=ORIENTED_EDGE('',*,*,#5865,.F.);
#8073=ORIENTED_EDGE('',*,*,#5860,.F.);
#8074=ORIENTED_EDGE('',*,*,#5837,.T.);
#8075=ORIENTED_EDGE('',*,*,#6044,.T.);
#8076=ORIENTED_EDGE('',*,*,#6045,.T.);
#8077=ORIENTED_EDGE('',*,*,#6046,.T.);
#8078=ORIENTED_EDGE('',*,*,#6047,.T.);
#8079=ORIENTED_EDGE('',*,*,#5850,.F.);
#8080=ORIENTED_EDGE('',*,*,#5855,.F.);
#8081=ORIENTED_EDGE('',*,*,#6048,.T.);
#8082=ORIENTED_EDGE('',*,*,#6028,.F.);
#8083=ORIENTED_EDGE('',*,*,#6049,.T.);
#8084=ORIENTED_EDGE('',*,*,#6050,.F.);
#8085=ORIENTED_EDGE('',*,*,#6051,.T.);
#8086=ORIENTED_EDGE('',*,*,#6052,.T.);
#8087=ORIENTED_EDGE('',*,*,#6053,.T.);
#8088=ORIENTED_EDGE('',*,*,#5844,.T.);
#8089=ORIENTED_EDGE('',*,*,#6054,.F.);
#8090=ORIENTED_EDGE('',*,*,#6055,.T.);
#8091=ORIENTED_EDGE('',*,*,#6056,.T.);
#8092=ORIENTED_EDGE('',*,*,#6057,.T.);
#8093=ORIENTED_EDGE('',*,*,#6058,.F.);
#8094=ORIENTED_EDGE('',*,*,#6059,.T.);
#8095=ORIENTED_EDGE('',*,*,#6060,.T.);
#8096=ORIENTED_EDGE('',*,*,#6061,.T.);
#8097=ORIENTED_EDGE('',*,*,#6062,.F.);
#8098=ORIENTED_EDGE('',*,*,#6063,.F.);
#8099=ORIENTED_EDGE('',*,*,#6064,.T.);
#8100=ORIENTED_EDGE('',*,*,#6065,.T.);
#8101=ORIENTED_EDGE('',*,*,#6059,.F.);
#8102=ORIENTED_EDGE('',*,*,#6066,.F.);
#8103=ORIENTED_EDGE('',*,*,#6067,.T.);
#8104=ORIENTED_EDGE('',*,*,#6068,.T.);
#8105=ORIENTED_EDGE('',*,*,#6055,.F.);
#8106=ORIENTED_EDGE('',*,*,#6069,.F.);
#8107=ORIENTED_EDGE('',*,*,#6070,.T.);
#8108=ORIENTED_EDGE('',*,*,#6071,.T.);
#8109=ORIENTED_EDGE('',*,*,#6072,.F.);
#8110=ORIENTED_EDGE('',*,*,#6073,.F.);
#8111=ORIENTED_EDGE('',*,*,#6074,.T.);
#8112=ORIENTED_EDGE('',*,*,#6075,.T.);
#8113=ORIENTED_EDGE('',*,*,#6076,.F.);
#8114=ORIENTED_EDGE('',*,*,#6077,.F.);
#8115=ORIENTED_EDGE('',*,*,#6078,.T.);
#8116=ORIENTED_EDGE('',*,*,#5980,.T.);
#8117=ORIENTED_EDGE('',*,*,#6079,.T.);
#8118=ORIENTED_EDGE('',*,*,#6080,.T.);
#8119=ORIENTED_EDGE('',*,*,#6081,.T.);
#8120=ORIENTED_EDGE('',*,*,#6082,.T.);
#8121=ORIENTED_EDGE('',*,*,#6083,.T.);
#8122=ORIENTED_EDGE('',*,*,#6084,.T.);
#8123=ORIENTED_EDGE('',*,*,#6085,.T.);
#8124=ORIENTED_EDGE('',*,*,#6086,.T.);
#8125=ORIENTED_EDGE('',*,*,#6087,.T.);
#8126=ORIENTED_EDGE('',*,*,#6088,.T.);
#8127=ORIENTED_EDGE('',*,*,#6089,.T.);
#8128=ORIENTED_EDGE('',*,*,#6090,.T.);
#8129=ORIENTED_EDGE('',*,*,#6091,.T.);
#8130=ORIENTED_EDGE('',*,*,#6092,.T.);
#8131=ORIENTED_EDGE('',*,*,#6093,.T.);
#8132=ORIENTED_EDGE('',*,*,#6094,.T.);
#8133=ORIENTED_EDGE('',*,*,#6095,.T.);
#8134=ORIENTED_EDGE('',*,*,#6096,.F.);
#8135=ORIENTED_EDGE('',*,*,#6097,.T.);
#8136=ORIENTED_EDGE('',*,*,#6098,.T.);
#8137=ORIENTED_EDGE('',*,*,#6099,.T.);
#8138=ORIENTED_EDGE('',*,*,#6100,.T.);
#8139=ORIENTED_EDGE('',*,*,#6101,.T.);
#8140=ORIENTED_EDGE('',*,*,#5968,.T.);
#8141=ORIENTED_EDGE('',*,*,#6102,.T.);
#8142=ORIENTED_EDGE('',*,*,#5965,.T.);
#8143=ORIENTED_EDGE('',*,*,#6103,.F.);
#8144=ORIENTED_EDGE('',*,*,#5956,.T.);
#8145=ORIENTED_EDGE('',*,*,#6104,.T.);
#8146=ORIENTED_EDGE('',*,*,#6012,.T.);
#8147=ORIENTED_EDGE('',*,*,#6105,.T.);
#8148=ORIENTED_EDGE('',*,*,#6090,.F.);
#8149=ORIENTED_EDGE('',*,*,#6106,.T.);
#8150=ORIENTED_EDGE('',*,*,#5986,.T.);
#8151=ORIENTED_EDGE('',*,*,#6107,.T.);
#8152=ORIENTED_EDGE('',*,*,#5962,.T.);
#8153=ORIENTED_EDGE('',*,*,#5807,.T.);
#8154=ORIENTED_EDGE('',*,*,#5825,.F.);
#8155=ORIENTED_EDGE('',*,*,#5830,.F.);
#8156=ORIENTED_EDGE('',*,*,#5815,.F.);
#8157=ORIENTED_EDGE('',*,*,#5820,.F.);
#8158=ORIENTED_EDGE('',*,*,#6082,.F.);
#8159=ORIENTED_EDGE('',*,*,#6108,.T.);
#8160=ORIENTED_EDGE('',*,*,#5994,.T.);
#8161=ORIENTED_EDGE('',*,*,#6109,.T.);
#8162=ORIENTED_EDGE('',*,*,#5870,.T.);
#8163=ORIENTED_EDGE('',*,*,#5939,.F.);
#8164=ORIENTED_EDGE('',*,*,#5934,.F.);
#8165=ORIENTED_EDGE('',*,*,#5997,.F.);
#8166=ORIENTED_EDGE('',*,*,#6110,.T.);
#8167=ORIENTED_EDGE('',*,*,#6079,.F.);
#8168=ORIENTED_EDGE('',*,*,#5983,.F.);
#8169=ORIENTED_EDGE('',*,*,#6089,.F.);
#8170=ORIENTED_EDGE('',*,*,#6111,.T.);
#8171=ORIENTED_EDGE('',*,*,#5987,.F.);
#8172=ORIENTED_EDGE('',*,*,#6106,.F.);
#8173=ORIENTED_EDGE('',*,*,#5990,.T.);
#8174=ORIENTED_EDGE('',*,*,#6112,.T.);
#8175=ORIENTED_EDGE('',*,*,#6086,.F.);
#8176=ORIENTED_EDGE('',*,*,#6113,.T.);
#8177=ORIENTED_EDGE('',*,*,#6114,.T.);
#8178=ORIENTED_EDGE('',*,*,#5873,.T.);
#8179=ORIENTED_EDGE('',*,*,#6115,.T.);
#8180=ORIENTED_EDGE('',*,*,#6116,.T.);
#8181=ORIENTED_EDGE('',*,*,#5949,.F.);
#8182=ORIENTED_EDGE('',*,*,#5944,.F.);
#8183=ORIENTED_EDGE('',*,*,#6008,.T.);
#8184=ORIENTED_EDGE('',*,*,#6117,.T.);
#8185=ORIENTED_EDGE('',*,*,#6094,.F.);
#8186=ORIENTED_EDGE('',*,*,#6118,.T.);
#8187=ORIENTED_EDGE('',*,*,#5877,.T.);
#8188=ORIENTED_EDGE('',*,*,#5924,.F.);
#8189=ORIENTED_EDGE('',*,*,#5909,.F.);
#8190=ORIENTED_EDGE('',*,*,#6101,.F.);
#8191=ORIENTED_EDGE('',*,*,#6119,.T.);
#8192=ORIENTED_EDGE('',*,*,#6001,.F.);
#8193=ORIENTED_EDGE('',*,*,#5969,.F.);
#8194=ORIENTED_EDGE('',*,*,#6011,.F.);
#8195=ORIENTED_EDGE('',*,*,#6120,.T.);
#8196=ORIENTED_EDGE('',*,*,#6091,.F.);
#8197=ORIENTED_EDGE('',*,*,#6105,.F.);
#8198=ORIENTED_EDGE('',*,*,#6098,.F.);
#8199=ORIENTED_EDGE('',*,*,#6121,.T.);
#8200=ORIENTED_EDGE('',*,*,#6004,.T.);
#8201=ORIENTED_EDGE('',*,*,#6122,.T.);
#8202=ORIENTED_EDGE('',*,*,#5880,.T.);
#8203=ORIENTED_EDGE('',*,*,#6123,.T.);
#8204=ORIENTED_EDGE('',*,*,#6124,.T.);
#8205=ORIENTED_EDGE('',*,*,#6125,.T.);
#8206=ORIENTED_EDGE('',*,*,#5914,.F.);
#8207=ORIENTED_EDGE('',*,*,#5919,.F.);
#8208=ORIENTED_EDGE('',*,*,#6126,.F.);
#8209=ORIENTED_EDGE('',*,*,#6127,.F.);
#8210=ORIENTED_EDGE('',*,*,#6128,.T.);
#8211=ORIENTED_EDGE('',*,*,#6129,.T.);
#8212=ORIENTED_EDGE('',*,*,#6128,.F.);
#8213=ORIENTED_EDGE('',*,*,#6130,.F.);
#8214=ORIENTED_EDGE('',*,*,#5929,.T.);
#8215=ORIENTED_EDGE('',*,*,#6131,.T.);
#8216=ORIENTED_EDGE('',*,*,#5928,.F.);
#8217=ORIENTED_EDGE('',*,*,#6132,.F.);
#8218=ORIENTED_EDGE('',*,*,#6126,.T.);
#8219=ORIENTED_EDGE('',*,*,#6133,.T.);
#8220=ORIENTED_EDGE('',*,*,#6134,.F.);
#8221=ORIENTED_EDGE('',*,*,#6135,.F.);
#8222=ORIENTED_EDGE('',*,*,#6136,.T.);
#8223=ORIENTED_EDGE('',*,*,#6137,.T.);
#8224=ORIENTED_EDGE('',*,*,#6136,.F.);
#8225=ORIENTED_EDGE('',*,*,#6138,.F.);
#8226=ORIENTED_EDGE('',*,*,#5904,.T.);
#8227=ORIENTED_EDGE('',*,*,#6139,.T.);
#8228=ORIENTED_EDGE('',*,*,#5903,.F.);
#8229=ORIENTED_EDGE('',*,*,#6140,.F.);
#8230=ORIENTED_EDGE('',*,*,#6134,.T.);
#8231=ORIENTED_EDGE('',*,*,#6141,.T.);
#8232=ORIENTED_EDGE('',*,*,#6142,.F.);
#8233=ORIENTED_EDGE('',*,*,#6096,.T.);
#8234=ORIENTED_EDGE('',*,*,#6143,.T.);
#8235=ORIENTED_EDGE('',*,*,#6006,.T.);
#8236=ORIENTED_EDGE('',*,*,#6120,.F.);
#8237=ORIENTED_EDGE('',*,*,#6010,.T.);
#8238=ORIENTED_EDGE('',*,*,#6144,.F.);
#8239=ORIENTED_EDGE('',*,*,#6092,.F.);
#8240=ORIENTED_EDGE('',*,*,#6145,.T.);
#8241=ORIENTED_EDGE('',*,*,#6002,.T.);
#8242=ORIENTED_EDGE('',*,*,#6119,.F.);
#8243=ORIENTED_EDGE('',*,*,#6100,.F.);
#8244=ORIENTED_EDGE('',*,*,#6146,.T.);
#8245=ORIENTED_EDGE('',*,*,#5992,.F.);
#8246=ORIENTED_EDGE('',*,*,#6147,.F.);
#8247=ORIENTED_EDGE('',*,*,#6084,.F.);
#8248=ORIENTED_EDGE('',*,*,#6148,.T.);
#8249=ORIENTED_EDGE('',*,*,#5988,.F.);
#8250=ORIENTED_EDGE('',*,*,#6111,.F.);
#8251=ORIENTED_EDGE('',*,*,#6088,.F.);
#8252=ORIENTED_EDGE('',*,*,#6110,.F.);
#8253=ORIENTED_EDGE('',*,*,#5996,.F.);
#8254=ORIENTED_EDGE('',*,*,#6149,.F.);
#8255=ORIENTED_EDGE('',*,*,#6080,.F.);
#8256=ORIENTED_EDGE('',*,*,#6095,.F.);
#8257=ORIENTED_EDGE('',*,*,#6117,.F.);
#8258=ORIENTED_EDGE('',*,*,#6007,.F.);
#8259=ORIENTED_EDGE('',*,*,#6143,.F.);
#8260=ORIENTED_EDGE('',*,*,#6081,.F.);
#8261=ORIENTED_EDGE('',*,*,#6149,.T.);
#8262=ORIENTED_EDGE('',*,*,#5995,.F.);
#8263=ORIENTED_EDGE('',*,*,#6108,.F.);
#8264=ORIENTED_EDGE('',*,*,#6083,.F.);
#8265=ORIENTED_EDGE('',*,*,#6109,.F.);
#8266=ORIENTED_EDGE('',*,*,#5993,.F.);
#8267=ORIENTED_EDGE('',*,*,#6146,.F.);
#8268=ORIENTED_EDGE('',*,*,#6087,.F.);
#8269=ORIENTED_EDGE('',*,*,#6112,.F.);
#8270=ORIENTED_EDGE('',*,*,#5989,.F.);
#8271=ORIENTED_EDGE('',*,*,#6148,.F.);
#8272=ORIENTED_EDGE('',*,*,#6085,.F.);
#8273=ORIENTED_EDGE('',*,*,#6147,.T.);
#8274=ORIENTED_EDGE('',*,*,#5991,.F.);
#8275=ORIENTED_EDGE('',*,*,#6113,.F.);
#8276=ORIENTED_EDGE('',*,*,#6097,.F.);
#8277=ORIENTED_EDGE('',*,*,#6142,.T.);
#8278=ORIENTED_EDGE('',*,*,#6005,.F.);
#8279=ORIENTED_EDGE('',*,*,#6121,.F.);
#8280=ORIENTED_EDGE('',*,*,#6099,.F.);
#8281=ORIENTED_EDGE('',*,*,#6122,.F.);
#8282=ORIENTED_EDGE('',*,*,#6003,.F.);
#8283=ORIENTED_EDGE('',*,*,#6145,.F.);
#8284=ORIENTED_EDGE('',*,*,#6093,.F.);
#8285=ORIENTED_EDGE('',*,*,#6144,.T.);
#8286=ORIENTED_EDGE('',*,*,#6009,.F.);
#8287=ORIENTED_EDGE('',*,*,#6118,.F.);
#8288=ORIENTED_EDGE('',*,*,#5881,.F.);
#8289=ORIENTED_EDGE('',*,*,#6125,.F.);
#8290=ORIENTED_EDGE('',*,*,#6150,.F.);
#8291=ORIENTED_EDGE('',*,*,#6139,.F.);
#8292=ORIENTED_EDGE('',*,*,#6150,.T.);
#8293=ORIENTED_EDGE('',*,*,#6124,.F.);
#8294=ORIENTED_EDGE('',*,*,#6151,.F.);
#8295=ORIENTED_EDGE('',*,*,#6137,.F.);
#8296=ORIENTED_EDGE('',*,*,#6151,.T.);
#8297=ORIENTED_EDGE('',*,*,#6123,.F.);
#8298=ORIENTED_EDGE('',*,*,#5879,.T.);
#8299=ORIENTED_EDGE('',*,*,#6141,.F.);
#8300=ORIENTED_EDGE('',*,*,#6152,.F.);
#8301=ORIENTED_EDGE('',*,*,#6116,.F.);
#8302=ORIENTED_EDGE('',*,*,#6153,.F.);
#8303=ORIENTED_EDGE('',*,*,#6129,.F.);
#8304=ORIENTED_EDGE('',*,*,#6153,.T.);
#8305=ORIENTED_EDGE('',*,*,#6115,.F.);
#8306=ORIENTED_EDGE('',*,*,#5872,.F.);
#8307=ORIENTED_EDGE('',*,*,#6133,.F.);
#8308=ORIENTED_EDGE('',*,*,#6152,.T.);
#8309=ORIENTED_EDGE('',*,*,#6131,.F.);
#8310=ORIENTED_EDGE('',*,*,#5874,.F.);
#8311=ORIENTED_EDGE('',*,*,#6114,.F.);
#8312=ORIENTED_EDGE('',*,*,#6154,.T.);
#8313=ORIENTED_EDGE('',*,*,#5957,.F.);
#8314=ORIENTED_EDGE('',*,*,#6103,.T.);
#8315=ORIENTED_EDGE('',*,*,#5961,.T.);
#8316=ORIENTED_EDGE('',*,*,#6155,.T.);
#8317=ORIENTED_EDGE('',*,*,#5973,.T.);
#8318=ORIENTED_EDGE('',*,*,#6156,.T.);
#8319=ORIENTED_EDGE('',*,*,#6157,.T.);
#8320=ORIENTED_EDGE('',*,*,#6158,.T.);
#8321=ORIENTED_EDGE('',*,*,#6069,.T.);
#8322=ORIENTED_EDGE('',*,*,#6054,.T.);
#8323=ORIENTED_EDGE('',*,*,#6159,.T.);
#8324=ORIENTED_EDGE('',*,*,#5954,.F.);
#8325=ORIENTED_EDGE('',*,*,#6160,.T.);
#8326=ORIENTED_EDGE('',*,*,#6161,.F.);
#8327=ORIENTED_EDGE('',*,*,#6072,.T.);
#8328=ORIENTED_EDGE('',*,*,#6162,.T.);
#8329=ORIENTED_EDGE('',*,*,#6163,.T.);
#8330=ORIENTED_EDGE('',*,*,#6164,.T.);
#8331=ORIENTED_EDGE('',*,*,#6165,.T.);
#8332=ORIENTED_EDGE('',*,*,#6166,.T.);
#8333=ORIENTED_EDGE('',*,*,#6167,.T.);
#8334=ORIENTED_EDGE('',*,*,#6168,.T.);
#8335=ORIENTED_EDGE('',*,*,#6066,.T.);
#8336=ORIENTED_EDGE('',*,*,#6058,.T.);
#8337=ORIENTED_EDGE('',*,*,#6169,.T.);
#8338=ORIENTED_EDGE('',*,*,#6052,.F.);
#8339=ORIENTED_EDGE('',*,*,#6170,.T.);
#8340=ORIENTED_EDGE('',*,*,#6171,.F.);
#8341=ORIENTED_EDGE('',*,*,#6062,.T.);
#8342=ORIENTED_EDGE('',*,*,#6172,.T.);
#8343=ORIENTED_EDGE('',*,*,#6173,.T.);
#8344=ORIENTED_EDGE('',*,*,#6174,.T.);
#8345=ORIENTED_EDGE('',*,*,#6175,.T.);
#8346=ORIENTED_EDGE('',*,*,#6176,.T.);
#8347=ORIENTED_EDGE('',*,*,#6177,.T.);
#8348=ORIENTED_EDGE('',*,*,#6178,.T.);
#8349=ORIENTED_EDGE('',*,*,#6157,.F.);
#8350=ORIENTED_EDGE('',*,*,#6179,.T.);
#8351=ORIENTED_EDGE('',*,*,#6180,.T.);
#8352=ORIENTED_EDGE('',*,*,#6175,.F.);
#8353=ORIENTED_EDGE('',*,*,#6181,.T.);
#8354=ORIENTED_EDGE('',*,*,#6182,.T.);
#8355=ORIENTED_EDGE('',*,*,#6183,.T.);
#8356=ORIENTED_EDGE('',*,*,#6184,.T.);
#8357=ORIENTED_EDGE('',*,*,#6173,.F.);
#8358=ORIENTED_EDGE('',*,*,#6185,.T.);
#8359=ORIENTED_EDGE('',*,*,#6186,.T.);
#8360=ORIENTED_EDGE('',*,*,#6187,.T.);
#8361=ORIENTED_EDGE('',*,*,#6167,.F.);
#8362=ORIENTED_EDGE('',*,*,#6188,.T.);
#8363=ORIENTED_EDGE('',*,*,#6189,.T.);
#8364=ORIENTED_EDGE('',*,*,#6050,.T.);
#8365=ORIENTED_EDGE('',*,*,#6190,.T.);
#8366=ORIENTED_EDGE('',*,*,#6165,.F.);
#8367=ORIENTED_EDGE('',*,*,#6191,.T.);
#8368=ORIENTED_EDGE('',*,*,#6192,.T.);
#8369=ORIENTED_EDGE('',*,*,#6193,.T.);
#8370=ORIENTED_EDGE('',*,*,#6194,.T.);
#8371=ORIENTED_EDGE('',*,*,#6163,.F.);
#8372=ORIENTED_EDGE('',*,*,#6178,.F.);
#8373=ORIENTED_EDGE('',*,*,#6195,.T.);
#8374=ORIENTED_EDGE('',*,*,#6070,.F.);
#8375=ORIENTED_EDGE('',*,*,#6158,.F.);
#8376=ORIENTED_EDGE('',*,*,#6075,.F.);
#8377=ORIENTED_EDGE('',*,*,#6196,.T.);
#8378=ORIENTED_EDGE('',*,*,#6192,.F.);
#8379=ORIENTED_EDGE('',*,*,#6162,.F.);
#8380=ORIENTED_EDGE('',*,*,#6187,.F.);
#8381=ORIENTED_EDGE('',*,*,#6197,.T.);
#8382=ORIENTED_EDGE('',*,*,#6067,.F.);
#8383=ORIENTED_EDGE('',*,*,#6168,.F.);
#8384=ORIENTED_EDGE('',*,*,#6065,.F.);
#8385=ORIENTED_EDGE('',*,*,#6198,.T.);
#8386=ORIENTED_EDGE('',*,*,#6182,.F.);
#8387=ORIENTED_EDGE('',*,*,#6172,.F.);
#8388=ORIENTED_EDGE('',*,*,#6184,.F.);
#8389=ORIENTED_EDGE('',*,*,#6199,.T.);
#8390=ORIENTED_EDGE('',*,*,#6181,.F.);
#8391=ORIENTED_EDGE('',*,*,#6174,.F.);
#8392=ORIENTED_EDGE('',*,*,#5976,.F.);
#8393=ORIENTED_EDGE('',*,*,#6200,.T.);
#8394=ORIENTED_EDGE('',*,*,#6176,.F.);
#8395=ORIENTED_EDGE('',*,*,#6156,.F.);
#8396=ORIENTED_EDGE('',*,*,#6190,.F.);
#8397=ORIENTED_EDGE('',*,*,#6201,.T.);
#8398=ORIENTED_EDGE('',*,*,#6185,.F.);
#8399=ORIENTED_EDGE('',*,*,#6166,.F.);
#8400=ORIENTED_EDGE('',*,*,#6194,.F.);
#8401=ORIENTED_EDGE('',*,*,#6202,.T.);
#8402=ORIENTED_EDGE('',*,*,#6191,.F.);
#8403=ORIENTED_EDGE('',*,*,#6164,.F.);
#8404=ORIENTED_EDGE('',*,*,#6073,.T.);
#8405=ORIENTED_EDGE('',*,*,#6161,.T.);
#8406=ORIENTED_EDGE('',*,*,#6203,.T.);
#8407=ORIENTED_EDGE('',*,*,#6204,.T.);
#8408=ORIENTED_EDGE('',*,*,#6063,.T.);
#8409=ORIENTED_EDGE('',*,*,#6171,.T.);
#8410=ORIENTED_EDGE('',*,*,#6205,.T.);
#8411=ORIENTED_EDGE('',*,*,#6206,.T.);
#8412=ORIENTED_EDGE('',*,*,#6159,.F.);
#8413=ORIENTED_EDGE('',*,*,#6057,.F.);
#8414=ORIENTED_EDGE('',*,*,#6207,.T.);
#8415=ORIENTED_EDGE('',*,*,#5955,.F.);
#8416=ORIENTED_EDGE('',*,*,#6160,.F.);
#8417=ORIENTED_EDGE('',*,*,#5953,.F.);
#8418=ORIENTED_EDGE('',*,*,#6208,.T.);
#8419=ORIENTED_EDGE('',*,*,#6203,.F.);
#8420=ORIENTED_EDGE('',*,*,#6170,.F.);
#8421=ORIENTED_EDGE('',*,*,#6051,.F.);
#8422=ORIENTED_EDGE('',*,*,#6209,.T.);
#8423=ORIENTED_EDGE('',*,*,#6205,.F.);
#8424=ORIENTED_EDGE('',*,*,#6169,.F.);
#8425=ORIENTED_EDGE('',*,*,#6061,.F.);
#8426=ORIENTED_EDGE('',*,*,#6210,.T.);
#8427=ORIENTED_EDGE('',*,*,#6053,.F.);
#8428=ORIENTED_EDGE('',*,*,#6211,.F.);
#8429=ORIENTED_EDGE('',*,*,#6201,.F.);
#8430=ORIENTED_EDGE('',*,*,#6049,.F.);
#8431=ORIENTED_EDGE('',*,*,#6027,.F.);
#8432=ORIENTED_EDGE('',*,*,#6212,.T.);
#8433=ORIENTED_EDGE('',*,*,#6188,.F.);
#8434=ORIENTED_EDGE('',*,*,#6213,.F.);
#8435=ORIENTED_EDGE('',*,*,#6030,.F.);
#8436=ORIENTED_EDGE('',*,*,#6211,.T.);
#8437=ORIENTED_EDGE('',*,*,#6026,.F.);
#8438=ORIENTED_EDGE('',*,*,#6214,.F.);
#8439=ORIENTED_EDGE('',*,*,#6186,.F.);
#8440=ORIENTED_EDGE('',*,*,#6213,.T.);
#8441=ORIENTED_EDGE('',*,*,#6202,.F.);
#8442=ORIENTED_EDGE('',*,*,#6215,.F.);
#8443=ORIENTED_EDGE('',*,*,#6031,.F.);
#8444=ORIENTED_EDGE('',*,*,#6214,.T.);
#8445=ORIENTED_EDGE('',*,*,#6025,.F.);
#8446=ORIENTED_EDGE('',*,*,#6216,.F.);
#8447=ORIENTED_EDGE('',*,*,#6197,.F.);
#8448=ORIENTED_EDGE('',*,*,#6215,.T.);
#8449=ORIENTED_EDGE('',*,*,#6193,.F.);
#8450=ORIENTED_EDGE('',*,*,#6217,.F.);
#8451=ORIENTED_EDGE('',*,*,#6032,.F.);
#8452=ORIENTED_EDGE('',*,*,#6216,.T.);
#8453=ORIENTED_EDGE('',*,*,#6024,.F.);
#8454=ORIENTED_EDGE('',*,*,#6218,.F.);
#8455=ORIENTED_EDGE('',*,*,#6068,.F.);
#8456=ORIENTED_EDGE('',*,*,#6217,.T.);
#8457=ORIENTED_EDGE('',*,*,#6196,.F.);
#8458=ORIENTED_EDGE('',*,*,#6219,.F.);
#8459=ORIENTED_EDGE('',*,*,#6033,.F.);
#8460=ORIENTED_EDGE('',*,*,#6218,.T.);
#8461=ORIENTED_EDGE('',*,*,#6023,.F.);
#8462=ORIENTED_EDGE('',*,*,#6220,.F.);
#8463=ORIENTED_EDGE('',*,*,#6060,.F.);
#8464=ORIENTED_EDGE('',*,*,#6219,.T.);
#8465=ORIENTED_EDGE('',*,*,#6074,.F.);
#8466=ORIENTED_EDGE('',*,*,#6221,.F.);
#8467=ORIENTED_EDGE('',*,*,#6034,.F.);
#8468=ORIENTED_EDGE('',*,*,#6220,.T.);
#8469=ORIENTED_EDGE('',*,*,#6022,.F.);
#8470=ORIENTED_EDGE('',*,*,#5845,.F.);
#8471=ORIENTED_EDGE('',*,*,#6210,.F.);
#8472=ORIENTED_EDGE('',*,*,#6221,.T.);
#8473=ORIENTED_EDGE('',*,*,#6204,.F.);
#8474=ORIENTED_EDGE('',*,*,#6222,.F.);
#8475=ORIENTED_EDGE('',*,*,#6035,.F.);
#8476=ORIENTED_EDGE('',*,*,#6222,.T.);
#8477=ORIENTED_EDGE('',*,*,#6208,.F.);
#8478=ORIENTED_EDGE('',*,*,#6223,.F.);
#8479=ORIENTED_EDGE('',*,*,#6036,.F.);
#8480=ORIENTED_EDGE('',*,*,#5847,.T.);
#8481=ORIENTED_EDGE('',*,*,#6021,.F.);
#8482=ORIENTED_EDGE('',*,*,#6224,.F.);
#8483=ORIENTED_EDGE('',*,*,#6209,.F.);
#8484=ORIENTED_EDGE('',*,*,#6223,.T.);
#8485=ORIENTED_EDGE('',*,*,#5952,.F.);
#8486=ORIENTED_EDGE('',*,*,#6225,.F.);
#8487=ORIENTED_EDGE('',*,*,#6037,.F.);
#8488=ORIENTED_EDGE('',*,*,#6224,.T.);
#8489=ORIENTED_EDGE('',*,*,#6020,.F.);
#8490=ORIENTED_EDGE('',*,*,#6226,.F.);
#8491=ORIENTED_EDGE('',*,*,#6206,.F.);
#8492=ORIENTED_EDGE('',*,*,#6225,.T.);
#8493=ORIENTED_EDGE('',*,*,#6207,.F.);
#8494=ORIENTED_EDGE('',*,*,#6227,.F.);
#8495=ORIENTED_EDGE('',*,*,#6038,.F.);
#8496=ORIENTED_EDGE('',*,*,#6226,.T.);
#8497=ORIENTED_EDGE('',*,*,#6019,.F.);
#8498=ORIENTED_EDGE('',*,*,#6228,.F.);
#8499=ORIENTED_EDGE('',*,*,#6064,.F.);
#8500=ORIENTED_EDGE('',*,*,#6227,.T.);
#8501=ORIENTED_EDGE('',*,*,#6056,.F.);
#8502=ORIENTED_EDGE('',*,*,#6229,.F.);
#8503=ORIENTED_EDGE('',*,*,#6039,.F.);
#8504=ORIENTED_EDGE('',*,*,#6228,.T.);
#8505=ORIENTED_EDGE('',*,*,#6018,.F.);
#8506=ORIENTED_EDGE('',*,*,#6230,.F.);
#8507=ORIENTED_EDGE('',*,*,#6198,.F.);
#8508=ORIENTED_EDGE('',*,*,#6229,.T.);
#8509=ORIENTED_EDGE('',*,*,#6071,.F.);
#8510=ORIENTED_EDGE('',*,*,#6231,.F.);
#8511=ORIENTED_EDGE('',*,*,#6040,.F.);
#8512=ORIENTED_EDGE('',*,*,#6230,.T.);
#8513=ORIENTED_EDGE('',*,*,#6017,.F.);
#8514=ORIENTED_EDGE('',*,*,#6232,.F.);
#8515=ORIENTED_EDGE('',*,*,#6183,.F.);
#8516=ORIENTED_EDGE('',*,*,#6231,.T.);
#8517=ORIENTED_EDGE('',*,*,#6195,.F.);
#8518=ORIENTED_EDGE('',*,*,#6233,.F.);
#8519=ORIENTED_EDGE('',*,*,#6041,.F.);
#8520=ORIENTED_EDGE('',*,*,#6232,.T.);
#8521=ORIENTED_EDGE('',*,*,#6016,.F.);
#8522=ORIENTED_EDGE('',*,*,#6234,.F.);
#8523=ORIENTED_EDGE('',*,*,#6199,.F.);
#8524=ORIENTED_EDGE('',*,*,#6233,.T.);
#8525=ORIENTED_EDGE('',*,*,#6177,.F.);
#8526=ORIENTED_EDGE('',*,*,#6235,.F.);
#8527=ORIENTED_EDGE('',*,*,#6042,.F.);
#8528=ORIENTED_EDGE('',*,*,#6015,.F.);
#8529=ORIENTED_EDGE('',*,*,#6236,.T.);
#8530=ORIENTED_EDGE('',*,*,#6179,.F.);
#8531=ORIENTED_EDGE('',*,*,#6234,.T.);
#8532=ORIENTED_EDGE('',*,*,#6235,.T.);
#8533=ORIENTED_EDGE('',*,*,#6200,.F.);
#8534=ORIENTED_EDGE('',*,*,#5979,.T.);
#8535=ORIENTED_EDGE('',*,*,#6043,.F.);
#8536=ORIENTED_EDGE('',*,*,#6237,.T.);
#8537=ORIENTED_EDGE('',*,*,#6238,.T.);
#8538=ORIENTED_EDGE('',*,*,#6239,.F.);
#8539=ORIENTED_EDGE('',*,*,#6240,.F.);
#8540=ORIENTED_EDGE('',*,*,#6241,.T.);
#8541=ORIENTED_EDGE('',*,*,#6242,.T.);
#8542=ORIENTED_EDGE('',*,*,#6243,.T.);
#8543=ORIENTED_EDGE('',*,*,#6244,.T.);
#8544=ORIENTED_EDGE('',*,*,#6237,.F.);
#8545=ORIENTED_EDGE('',*,*,#6245,.F.);
#8546=ORIENTED_EDGE('',*,*,#6246,.F.);
#8547=ORIENTED_EDGE('',*,*,#6247,.T.);
#8548=ORIENTED_EDGE('',*,*,#6248,.T.);
#8549=ORIENTED_EDGE('',*,*,#6243,.F.);
#8550=ORIENTED_EDGE('',*,*,#6247,.F.);
#8551=ORIENTED_EDGE('',*,*,#6249,.T.);
#8552=ORIENTED_EDGE('',*,*,#6250,.T.);
#8553=ORIENTED_EDGE('',*,*,#6251,.F.);
#8554=ORIENTED_EDGE('',*,*,#6239,.T.);
#8555=ORIENTED_EDGE('',*,*,#6252,.T.);
#8556=ORIENTED_EDGE('',*,*,#6253,.F.);
#8557=ORIENTED_EDGE('',*,*,#6245,.T.);
#8558=ORIENTED_EDGE('',*,*,#6240,.T.);
#8559=ORIENTED_EDGE('',*,*,#6251,.T.);
#8560=ORIENTED_EDGE('',*,*,#6254,.F.);
#8561=ORIENTED_EDGE('',*,*,#5838,.T.);
#8562=ORIENTED_EDGE('',*,*,#6255,.F.);
#8563=ORIENTED_EDGE('',*,*,#6047,.F.);
#8564=ORIENTED_EDGE('',*,*,#6256,.F.);
#8565=ORIENTED_EDGE('',*,*,#6244,.F.);
#8566=ORIENTED_EDGE('',*,*,#6256,.T.);
#8567=ORIENTED_EDGE('',*,*,#6046,.F.);
#8568=ORIENTED_EDGE('',*,*,#6257,.F.);
#8569=ORIENTED_EDGE('',*,*,#6238,.F.);
#8570=ORIENTED_EDGE('',*,*,#6255,.T.);
#8571=ORIENTED_EDGE('',*,*,#6248,.F.);
#8572=ORIENTED_EDGE('',*,*,#6258,.F.);
#8573=ORIENTED_EDGE('',*,*,#6044,.F.);
#8574=ORIENTED_EDGE('',*,*,#6257,.T.);
#8575=ORIENTED_EDGE('',*,*,#6045,.F.);
#8576=ORIENTED_EDGE('',*,*,#6258,.T.);
#8577=ORIENTED_EDGE('',*,*,#6252,.F.);
#8578=ORIENTED_EDGE('',*,*,#6259,.F.);
#8579=ORIENTED_EDGE('',*,*,#6260,.T.);
#8580=ORIENTED_EDGE('',*,*,#6261,.T.);
#8581=ORIENTED_EDGE('',*,*,#6262,.F.);
#8582=ORIENTED_EDGE('',*,*,#6263,.F.);
#8583=ORIENTED_EDGE('',*,*,#5812,.T.);
#8584=ORIENTED_EDGE('',*,*,#6264,.T.);
#8585=ORIENTED_EDGE('',*,*,#6260,.F.);
#8586=ORIENTED_EDGE('',*,*,#6265,.F.);
#8587=ORIENTED_EDGE('',*,*,#6262,.T.);
#8588=ORIENTED_EDGE('',*,*,#6266,.T.);
#8589=ORIENTED_EDGE('',*,*,#5811,.F.);
#8590=ORIENTED_EDGE('',*,*,#6212,.F.);
#8591=ORIENTED_EDGE('',*,*,#6029,.F.);
#8592=ORIENTED_EDGE('',*,*,#6048,.F.);
#8593=ORIENTED_EDGE('',*,*,#6189,.F.);
#8594=ORIENTED_EDGE('',*,*,#6180,.F.);
#8595=ORIENTED_EDGE('',*,*,#6267,.T.);
#8596=ORIENTED_EDGE('',*,*,#5958,.F.);
#8597=ORIENTED_EDGE('',*,*,#6154,.F.);
#8598=ORIENTED_EDGE('',*,*,#5960,.F.);
#8599=ORIENTED_EDGE('',*,*,#6268,.T.);
#8600=ORIENTED_EDGE('',*,*,#5974,.F.);
#8601=ORIENTED_EDGE('',*,*,#6155,.F.);
#8602=ORIENTED_EDGE('',*,*,#5967,.T.);
#8603=ORIENTED_EDGE('',*,*,#6000,.F.);
#8604=ORIENTED_EDGE('',*,*,#6269,.F.);
#8605=ORIENTED_EDGE('',*,*,#6076,.T.);
#8606=ORIENTED_EDGE('',*,*,#5981,.T.);
#8607=ORIENTED_EDGE('',*,*,#6078,.F.);
#8608=ORIENTED_EDGE('',*,*,#6270,.F.);
#8609=ORIENTED_EDGE('',*,*,#5998,.T.);
#8610=ORIENTED_EDGE('',*,*,#6269,.T.);
#8611=ORIENTED_EDGE('',*,*,#5999,.T.);
#8612=ORIENTED_EDGE('',*,*,#6270,.T.);
#8613=ORIENTED_EDGE('',*,*,#6077,.T.);
#8614=ORIENTED_EDGE('',*,*,#6271,.F.);
#8615=ORIENTED_EDGE('',*,*,#6261,.F.);
#8616=ORIENTED_EDGE('',*,*,#6272,.F.);
#8617=ORIENTED_EDGE('',*,*,#5972,.F.);
#8618=ORIENTED_EDGE('',*,*,#6272,.T.);
#8619=ORIENTED_EDGE('',*,*,#6264,.F.);
#8620=ORIENTED_EDGE('',*,*,#5801,.F.);
#8621=ORIENTED_EDGE('',*,*,#5970,.F.);
#8622=ORIENTED_EDGE('',*,*,#6271,.T.);
#8623=ORIENTED_EDGE('',*,*,#5971,.F.);
#8624=ORIENTED_EDGE('',*,*,#5799,.F.);
#8625=ORIENTED_EDGE('',*,*,#6266,.F.);
#8626=ORIENTED_EDGE('',*,*,#6107,.F.);
#8627=ORIENTED_EDGE('',*,*,#5985,.F.);
#8628=ORIENTED_EDGE('',*,*,#6273,.F.);
#8629=ORIENTED_EDGE('',*,*,#5963,.F.);
#8630=ORIENTED_EDGE('',*,*,#5977,.F.);
#8631=ORIENTED_EDGE('',*,*,#6268,.F.);
#8632=ORIENTED_EDGE('',*,*,#6273,.T.);
#8633=ORIENTED_EDGE('',*,*,#5984,.F.);
#8634=ORIENTED_EDGE('',*,*,#6236,.F.);
#8635=ORIENTED_EDGE('',*,*,#6014,.F.);
#8636=ORIENTED_EDGE('',*,*,#6274,.F.);
#8637=ORIENTED_EDGE('',*,*,#6267,.F.);
#8638=ORIENTED_EDGE('',*,*,#6274,.T.);
#8639=ORIENTED_EDGE('',*,*,#6013,.F.);
#8640=ORIENTED_EDGE('',*,*,#6104,.F.);
#8641=ORIENTED_EDGE('',*,*,#5959,.F.);
#8642=ORIENTED_EDGE('',*,*,#5816,.F.);
#8643=ORIENTED_EDGE('',*,*,#5821,.F.);
#8644=ORIENTED_EDGE('',*,*,#5826,.F.);
#8645=ORIENTED_EDGE('',*,*,#5831,.F.);
#8646=ORIENTED_EDGE('',*,*,#5843,.F.);
#8647=ORIENTED_EDGE('',*,*,#6275,.F.);
#8648=ORIENTED_EDGE('',*,*,#5839,.F.);
#8649=ORIENTED_EDGE('',*,*,#6254,.T.);
#8650=ORIENTED_EDGE('',*,*,#5840,.F.);
#8651=ORIENTED_EDGE('',*,*,#6275,.T.);
#8652=ORIENTED_EDGE('',*,*,#5842,.F.);
#8653=ORIENTED_EDGE('',*,*,#6241,.F.);
#8654=ORIENTED_EDGE('',*,*,#6253,.T.);
#8655=ORIENTED_EDGE('',*,*,#6250,.F.);
#8656=ORIENTED_EDGE('',*,*,#6276,.F.);
#8657=ORIENTED_EDGE('',*,*,#6242,.F.);
#8658=ORIENTED_EDGE('',*,*,#6276,.T.);
#8659=ORIENTED_EDGE('',*,*,#6249,.F.);
#8660=ORIENTED_EDGE('',*,*,#6246,.T.);
#8661=ORIENTED_EDGE('',*,*,#5851,.F.);
#8662=ORIENTED_EDGE('',*,*,#5856,.F.);
#8663=ORIENTED_EDGE('',*,*,#5861,.F.);
#8664=ORIENTED_EDGE('',*,*,#5866,.F.);
#8665=ORIENTED_EDGE('',*,*,#6102,.F.);
#8666=ORIENTED_EDGE('',*,*,#5964,.T.);
#8667=ORIENTED_EDGE('',*,*,#6263,.T.);
#8668=ORIENTED_EDGE('',*,*,#6259,.T.);
#8669=ORIENTED_EDGE('',*,*,#6265,.T.);
#8670=ORIENTED_EDGE('',*,*,#5810,.T.);
#8671=ORIENTED_EDGE('',*,*,#5833,.F.);
#8672=ORIENTED_EDGE('',*,*,#5930,.T.);
#8673=ORIENTED_EDGE('',*,*,#6127,.T.);
#8674=ORIENTED_EDGE('',*,*,#6132,.T.);
#8675=ORIENTED_EDGE('',*,*,#5927,.T.);
#8676=ORIENTED_EDGE('',*,*,#6130,.T.);
#8677=ORIENTED_EDGE('',*,*,#5905,.T.);
#8678=ORIENTED_EDGE('',*,*,#6135,.T.);
#8679=ORIENTED_EDGE('',*,*,#6140,.T.);
#8680=ORIENTED_EDGE('',*,*,#5902,.T.);
#8681=ORIENTED_EDGE('',*,*,#6138,.T.);
#8682=ORIENTED_EDGE('',*,*,#5808,.T.);
#8683=ORIENTED_EDGE('',*,*,#5945,.T.);
#8684=ORIENTED_EDGE('',*,*,#5940,.T.);
#8685=ORIENTED_EDGE('',*,*,#5950,.T.);
#8686=ORIENTED_EDGE('',*,*,#5935,.T.);
#8687=ORIENTED_EDGE('',*,*,#5895,.T.);
#8688=ORIENTED_EDGE('',*,*,#5890,.T.);
#8689=ORIENTED_EDGE('',*,*,#5900,.T.);
#8690=ORIENTED_EDGE('',*,*,#5885,.T.);
#8691=ORIENTED_EDGE('',*,*,#5920,.T.);
#8692=ORIENTED_EDGE('',*,*,#5925,.T.);
#8693=ORIENTED_EDGE('',*,*,#5915,.T.);
#8694=ORIENTED_EDGE('',*,*,#5910,.T.);
#8695=ORIENTED_EDGE('',*,*,#6277,.T.);
#8696=ORIENTED_EDGE('',*,*,#6278,.T.);
#8697=ORIENTED_EDGE('',*,*,#6279,.F.);
#8698=ORIENTED_EDGE('',*,*,#6280,.F.);
#8699=ORIENTED_EDGE('',*,*,#6278,.F.);
#8700=ORIENTED_EDGE('',*,*,#6281,.T.);
#8701=ORIENTED_EDGE('',*,*,#6282,.T.);
#8702=ORIENTED_EDGE('',*,*,#6283,.F.);
#8703=ORIENTED_EDGE('',*,*,#6282,.F.);
#8704=ORIENTED_EDGE('',*,*,#6281,.F.);
#8705=ORIENTED_EDGE('',*,*,#6280,.T.);
#8706=ORIENTED_EDGE('',*,*,#6284,.F.);
#8707=ORIENTED_EDGE('',*,*,#6284,.T.);
#8708=ORIENTED_EDGE('',*,*,#6279,.T.);
#8709=ORIENTED_EDGE('',*,*,#6277,.F.);
#8710=ORIENTED_EDGE('',*,*,#6283,.T.);
#8711=ORIENTED_EDGE('',*,*,#6285,.F.);
#8712=ORIENTED_EDGE('',*,*,#6286,.F.);
#8713=ORIENTED_EDGE('',*,*,#6287,.F.);
#8714=ORIENTED_EDGE('',*,*,#6288,.F.);
#8715=ORIENTED_EDGE('',*,*,#6289,.F.);
#8716=ORIENTED_EDGE('',*,*,#6290,.F.);
#8717=ORIENTED_EDGE('',*,*,#6291,.F.);
#8718=ORIENTED_EDGE('',*,*,#6292,.F.);
#8719=ORIENTED_EDGE('',*,*,#6293,.T.);
#8720=ORIENTED_EDGE('',*,*,#6294,.T.);
#8721=ORIENTED_EDGE('',*,*,#6295,.T.);
#8722=ORIENTED_EDGE('',*,*,#6296,.T.);
#8723=ORIENTED_EDGE('',*,*,#6297,.T.);
#8724=ORIENTED_EDGE('',*,*,#6298,.T.);
#8725=ORIENTED_EDGE('',*,*,#6299,.T.);
#8726=ORIENTED_EDGE('',*,*,#6300,.T.);
#8727=ORIENTED_EDGE('',*,*,#6301,.T.);
#8728=ORIENTED_EDGE('',*,*,#6302,.T.);
#8729=ORIENTED_EDGE('',*,*,#6303,.T.);
#8730=ORIENTED_EDGE('',*,*,#6304,.F.);
#8731=ORIENTED_EDGE('',*,*,#6305,.F.);
#8732=ORIENTED_EDGE('',*,*,#6303,.F.);
#8733=ORIENTED_EDGE('',*,*,#6306,.T.);
#8734=ORIENTED_EDGE('',*,*,#6307,.T.);
#8735=ORIENTED_EDGE('',*,*,#6308,.T.);
#8736=ORIENTED_EDGE('',*,*,#6299,.F.);
#8737=ORIENTED_EDGE('',*,*,#6309,.T.);
#8738=ORIENTED_EDGE('',*,*,#6310,.T.);
#8739=ORIENTED_EDGE('',*,*,#6311,.T.);
#8740=ORIENTED_EDGE('',*,*,#6295,.F.);
#8741=ORIENTED_EDGE('',*,*,#6312,.T.);
#8742=ORIENTED_EDGE('',*,*,#6313,.T.);
#8743=ORIENTED_EDGE('',*,*,#6314,.T.);
#8744=ORIENTED_EDGE('',*,*,#6315,.T.);
#8745=ORIENTED_EDGE('',*,*,#6316,.T.);
#8746=ORIENTED_EDGE('',*,*,#6317,.T.);
#8747=ORIENTED_EDGE('',*,*,#6318,.T.);
#8748=ORIENTED_EDGE('',*,*,#6319,.T.);
#8749=ORIENTED_EDGE('',*,*,#6320,.T.);
#8750=ORIENTED_EDGE('',*,*,#6321,.T.);
#8751=ORIENTED_EDGE('',*,*,#6322,.T.);
#8752=ORIENTED_EDGE('',*,*,#6323,.T.);
#8753=ORIENTED_EDGE('',*,*,#6324,.T.);
#8754=ORIENTED_EDGE('',*,*,#6325,.T.);
#8755=ORIENTED_EDGE('',*,*,#6326,.T.);
#8756=ORIENTED_EDGE('',*,*,#6327,.T.);
#8757=ORIENTED_EDGE('',*,*,#6328,.T.);
#8758=ORIENTED_EDGE('',*,*,#6329,.T.);
#8759=ORIENTED_EDGE('',*,*,#6330,.T.);
#8760=ORIENTED_EDGE('',*,*,#6331,.T.);
#8761=ORIENTED_EDGE('',*,*,#6332,.T.);
#8762=ORIENTED_EDGE('',*,*,#6333,.T.);
#8763=ORIENTED_EDGE('',*,*,#6334,.T.);
#8764=ORIENTED_EDGE('',*,*,#6335,.T.);
#8765=ORIENTED_EDGE('',*,*,#6336,.T.);
#8766=ORIENTED_EDGE('',*,*,#6337,.T.);
#8767=ORIENTED_EDGE('',*,*,#6338,.T.);
#8768=ORIENTED_EDGE('',*,*,#6339,.T.);
#8769=ORIENTED_EDGE('',*,*,#6340,.T.);
#8770=ORIENTED_EDGE('',*,*,#6341,.T.);
#8771=ORIENTED_EDGE('',*,*,#6342,.T.);
#8772=ORIENTED_EDGE('',*,*,#6343,.T.);
#8773=ORIENTED_EDGE('',*,*,#6344,.T.);
#8774=ORIENTED_EDGE('',*,*,#6345,.F.);
#8775=ORIENTED_EDGE('',*,*,#6346,.F.);
#8776=ORIENTED_EDGE('',*,*,#6329,.F.);
#8777=ORIENTED_EDGE('',*,*,#6347,.T.);
#8778=ORIENTED_EDGE('',*,*,#6348,.F.);
#8779=ORIENTED_EDGE('',*,*,#6349,.T.);
#8780=ORIENTED_EDGE('',*,*,#6350,.T.);
#8781=ORIENTED_EDGE('',*,*,#6351,.F.);
#8782=ORIENTED_EDGE('',*,*,#6306,.F.);
#8783=ORIENTED_EDGE('',*,*,#6302,.F.);
#8784=ORIENTED_EDGE('',*,*,#6352,.T.);
#8785=ORIENTED_EDGE('',*,*,#6353,.T.);
#8786=ORIENTED_EDGE('',*,*,#6354,.T.);
#8787=ORIENTED_EDGE('',*,*,#6355,.T.);
#8788=ORIENTED_EDGE('',*,*,#6356,.F.);
#8789=ORIENTED_EDGE('',*,*,#6318,.F.);
#8790=ORIENTED_EDGE('',*,*,#6357,.T.);
#8791=ORIENTED_EDGE('',*,*,#6358,.T.);
#8792=ORIENTED_EDGE('',*,*,#6359,.T.);
#8793=ORIENTED_EDGE('',*,*,#6360,.T.);
#8794=ORIENTED_EDGE('',*,*,#6361,.F.);
#8795=ORIENTED_EDGE('',*,*,#6314,.F.);
#8796=ORIENTED_EDGE('',*,*,#6362,.T.);
#8797=ORIENTED_EDGE('',*,*,#6363,.T.);
#8798=ORIENTED_EDGE('',*,*,#6364,.T.);
#8799=ORIENTED_EDGE('',*,*,#6365,.T.);
#8800=ORIENTED_EDGE('',*,*,#6366,.F.);
#8801=ORIENTED_EDGE('',*,*,#6343,.F.);
#8802=ORIENTED_EDGE('',*,*,#6367,.T.);
#8803=ORIENTED_EDGE('',*,*,#6368,.T.);
#8804=ORIENTED_EDGE('',*,*,#6369,.T.);
#8805=ORIENTED_EDGE('',*,*,#6370,.T.);
#8806=ORIENTED_EDGE('',*,*,#6371,.F.);
#8807=ORIENTED_EDGE('',*,*,#6339,.F.);
#8808=ORIENTED_EDGE('',*,*,#6372,.T.);
#8809=ORIENTED_EDGE('',*,*,#6373,.T.);
#8810=ORIENTED_EDGE('',*,*,#6374,.T.);
#8811=ORIENTED_EDGE('',*,*,#6375,.T.);
#8812=ORIENTED_EDGE('',*,*,#6376,.F.);
#8813=ORIENTED_EDGE('',*,*,#6377,.F.);
#8814=ORIENTED_EDGE('',*,*,#6378,.F.);
#8815=ORIENTED_EDGE('',*,*,#6379,.F.);
#8816=ORIENTED_EDGE('',*,*,#6380,.T.);
#8817=ORIENTED_EDGE('',*,*,#6381,.T.);
#8818=ORIENTED_EDGE('',*,*,#6382,.T.);
#8819=ORIENTED_EDGE('',*,*,#6383,.T.);
#8820=ORIENTED_EDGE('',*,*,#6384,.T.);
#8821=ORIENTED_EDGE('',*,*,#6385,.T.);
#8822=ORIENTED_EDGE('',*,*,#6386,.T.);
#8823=ORIENTED_EDGE('',*,*,#6387,.T.);
#8824=ORIENTED_EDGE('',*,*,#6388,.T.);
#8825=ORIENTED_EDGE('',*,*,#6389,.T.);
#8826=ORIENTED_EDGE('',*,*,#6390,.T.);
#8827=ORIENTED_EDGE('',*,*,#6391,.F.);
#8828=ORIENTED_EDGE('',*,*,#6390,.F.);
#8829=ORIENTED_EDGE('',*,*,#6392,.F.);
#8830=ORIENTED_EDGE('',*,*,#6393,.T.);
#8831=ORIENTED_EDGE('',*,*,#6394,.T.);
#8832=ORIENTED_EDGE('',*,*,#6393,.F.);
#8833=ORIENTED_EDGE('',*,*,#6395,.T.);
#8834=ORIENTED_EDGE('',*,*,#6396,.F.);
#8835=ORIENTED_EDGE('',*,*,#6397,.F.);
#8836=ORIENTED_EDGE('',*,*,#6398,.F.);
#8837=ORIENTED_EDGE('',*,*,#6399,.F.);
#8838=ORIENTED_EDGE('',*,*,#6400,.T.);
#8839=ORIENTED_EDGE('',*,*,#6401,.T.);
#8840=ORIENTED_EDGE('',*,*,#6402,.F.);
#8841=ORIENTED_EDGE('',*,*,#6403,.T.);
#8842=ORIENTED_EDGE('',*,*,#6404,.F.);
#8843=ORIENTED_EDGE('',*,*,#6405,.T.);
#8844=ORIENTED_EDGE('',*,*,#6406,.F.);
#8845=ORIENTED_EDGE('',*,*,#6407,.T.);
#8846=ORIENTED_EDGE('',*,*,#6408,.F.);
#8847=ORIENTED_EDGE('',*,*,#6291,.T.);
#8848=ORIENTED_EDGE('',*,*,#6409,.T.);
#8849=ORIENTED_EDGE('',*,*,#6410,.T.);
#8850=ORIENTED_EDGE('',*,*,#6411,.F.);
#8851=ORIENTED_EDGE('',*,*,#6285,.T.);
#8852=ORIENTED_EDGE('',*,*,#6412,.T.);
#8853=ORIENTED_EDGE('',*,*,#6413,.T.);
#8854=ORIENTED_EDGE('',*,*,#6414,.F.);
#8855=ORIENTED_EDGE('',*,*,#6415,.T.);
#8856=ORIENTED_EDGE('',*,*,#6416,.F.);
#8857=ORIENTED_EDGE('',*,*,#6417,.T.);
#8858=ORIENTED_EDGE('',*,*,#6418,.T.);
#8859=ORIENTED_EDGE('',*,*,#6419,.T.);
#8860=ORIENTED_EDGE('',*,*,#6410,.F.);
#8861=ORIENTED_EDGE('',*,*,#6420,.F.);
#8862=ORIENTED_EDGE('',*,*,#6421,.F.);
#8863=ORIENTED_EDGE('',*,*,#6422,.F.);
#8864=ORIENTED_EDGE('',*,*,#6407,.F.);
#8865=ORIENTED_EDGE('',*,*,#6423,.F.);
#8866=ORIENTED_EDGE('',*,*,#6424,.F.);
#8867=ORIENTED_EDGE('',*,*,#6425,.F.);
#8868=ORIENTED_EDGE('',*,*,#6414,.T.);
#8869=ORIENTED_EDGE('',*,*,#6426,.T.);
#8870=ORIENTED_EDGE('',*,*,#6416,.T.);
#8871=ORIENTED_EDGE('',*,*,#6427,.T.);
#8872=ORIENTED_EDGE('',*,*,#6425,.T.);
#8873=ORIENTED_EDGE('',*,*,#6428,.F.);
#8874=ORIENTED_EDGE('',*,*,#6400,.F.);
#8875=ORIENTED_EDGE('',*,*,#6429,.F.);
#8876=ORIENTED_EDGE('',*,*,#6286,.T.);
#8877=ORIENTED_EDGE('',*,*,#6411,.T.);
#8878=ORIENTED_EDGE('',*,*,#6406,.T.);
#8879=ORIENTED_EDGE('',*,*,#6430,.T.);
#8880=ORIENTED_EDGE('',*,*,#6431,.T.);
#8881=ORIENTED_EDGE('',*,*,#6395,.F.);
#8882=ORIENTED_EDGE('',*,*,#6432,.T.);
#8883=ORIENTED_EDGE('',*,*,#6423,.T.);
#8884=ORIENTED_EDGE('',*,*,#6433,.F.);
#8885=ORIENTED_EDGE('',*,*,#6434,.F.);
#8886=ORIENTED_EDGE('',*,*,#6394,.F.);
#8887=ORIENTED_EDGE('',*,*,#6435,.T.);
#8888=ORIENTED_EDGE('',*,*,#6304,.T.);
#8889=ORIENTED_EDGE('',*,*,#6436,.T.);
#8890=ORIENTED_EDGE('',*,*,#6434,.T.);
#8891=ORIENTED_EDGE('',*,*,#6305,.T.);
#8892=ORIENTED_EDGE('',*,*,#6435,.F.);
#8893=ORIENTED_EDGE('',*,*,#6433,.T.);
#8894=ORIENTED_EDGE('',*,*,#6436,.F.);
#8895=ORIENTED_EDGE('',*,*,#6347,.F.);
#8896=ORIENTED_EDGE('',*,*,#6328,.F.);
#8897=ORIENTED_EDGE('',*,*,#6437,.T.);
#8898=ORIENTED_EDGE('',*,*,#6438,.F.);
#8899=ORIENTED_EDGE('',*,*,#6439,.T.);
#8900=ORIENTED_EDGE('',*,*,#6440,.F.);
#8901=ORIENTED_EDGE('',*,*,#6441,.T.);
#8902=ORIENTED_EDGE('',*,*,#6442,.F.);
#8903=ORIENTED_EDGE('',*,*,#6437,.F.);
#8904=ORIENTED_EDGE('',*,*,#6331,.F.);
#8905=ORIENTED_EDGE('',*,*,#6439,.F.);
#8906=ORIENTED_EDGE('',*,*,#6330,.F.);
#8907=ORIENTED_EDGE('',*,*,#6346,.T.);
#8908=ORIENTED_EDGE('',*,*,#6443,.F.);
#8909=ORIENTED_EDGE('',*,*,#6444,.T.);
#8910=ORIENTED_EDGE('',*,*,#6325,.F.);
#8911=ORIENTED_EDGE('',*,*,#6445,.T.);
#8912=ORIENTED_EDGE('',*,*,#6446,.T.);
#8913=ORIENTED_EDGE('',*,*,#6447,.T.);
#8914=ORIENTED_EDGE('',*,*,#6445,.F.);
#8915=ORIENTED_EDGE('',*,*,#6324,.F.);
#8916=ORIENTED_EDGE('',*,*,#6448,.T.);
#8917=ORIENTED_EDGE('',*,*,#6449,.F.);
#8918=ORIENTED_EDGE('',*,*,#6450,.T.);
#8919=ORIENTED_EDGE('',*,*,#6451,.F.);
#8920=ORIENTED_EDGE('',*,*,#6452,.T.);
#8921=ORIENTED_EDGE('',*,*,#6453,.F.);
#8922=ORIENTED_EDGE('',*,*,#6448,.F.);
#8923=ORIENTED_EDGE('',*,*,#6327,.F.);
#8924=ORIENTED_EDGE('',*,*,#6450,.F.);
#8925=ORIENTED_EDGE('',*,*,#6326,.F.);
#8926=ORIENTED_EDGE('',*,*,#6444,.F.);
#8927=ORIENTED_EDGE('',*,*,#6454,.T.);
#8928=ORIENTED_EDGE('',*,*,#6455,.F.);
#8929=ORIENTED_EDGE('',*,*,#6456,.T.);
#8930=ORIENTED_EDGE('',*,*,#6321,.F.);
#8931=ORIENTED_EDGE('',*,*,#6457,.T.);
#8932=ORIENTED_EDGE('',*,*,#6458,.F.);
#8933=ORIENTED_EDGE('',*,*,#6459,.T.);
#8934=ORIENTED_EDGE('',*,*,#6460,.F.);
#8935=ORIENTED_EDGE('',*,*,#6457,.F.);
#8936=ORIENTED_EDGE('',*,*,#6320,.F.);
#8937=ORIENTED_EDGE('',*,*,#6461,.T.);
#8938=ORIENTED_EDGE('',*,*,#6462,.F.);
#8939=ORIENTED_EDGE('',*,*,#6463,.T.);
#8940=ORIENTED_EDGE('',*,*,#6464,.F.);
#8941=ORIENTED_EDGE('',*,*,#6465,.T.);
#8942=ORIENTED_EDGE('',*,*,#6466,.F.);
#8943=ORIENTED_EDGE('',*,*,#6461,.F.);
#8944=ORIENTED_EDGE('',*,*,#6323,.F.);
#8945=ORIENTED_EDGE('',*,*,#6463,.F.);
#8946=ORIENTED_EDGE('',*,*,#6322,.F.);
#8947=ORIENTED_EDGE('',*,*,#6456,.F.);
#8948=ORIENTED_EDGE('',*,*,#6467,.F.);
#8949=ORIENTED_EDGE('',*,*,#6352,.F.);
#8950=ORIENTED_EDGE('',*,*,#6301,.F.);
#8951=ORIENTED_EDGE('',*,*,#6468,.T.);
#8952=ORIENTED_EDGE('',*,*,#6469,.T.);
#8953=ORIENTED_EDGE('',*,*,#6470,.T.);
#8954=ORIENTED_EDGE('',*,*,#6471,.T.);
#8955=ORIENTED_EDGE('',*,*,#6472,.T.);
#8956=ORIENTED_EDGE('',*,*,#6473,.T.);
#8957=ORIENTED_EDGE('',*,*,#6468,.F.);
#8958=ORIENTED_EDGE('',*,*,#6300,.F.);
#8959=ORIENTED_EDGE('',*,*,#6308,.F.);
#8960=ORIENTED_EDGE('',*,*,#6474,.T.);
#8961=ORIENTED_EDGE('',*,*,#6378,.T.);
#8962=ORIENTED_EDGE('',*,*,#6475,.T.);
#8963=ORIENTED_EDGE('',*,*,#6298,.F.);
#8964=ORIENTED_EDGE('',*,*,#6379,.T.);
#8965=ORIENTED_EDGE('',*,*,#6474,.F.);
#8966=ORIENTED_EDGE('',*,*,#6297,.F.);
#8967=ORIENTED_EDGE('',*,*,#6476,.T.);
#8968=ORIENTED_EDGE('',*,*,#6477,.T.);
#8969=ORIENTED_EDGE('',*,*,#6478,.T.);
#8970=ORIENTED_EDGE('',*,*,#6479,.T.);
#8971=ORIENTED_EDGE('',*,*,#6480,.T.);
#8972=ORIENTED_EDGE('',*,*,#6481,.T.);
#8973=ORIENTED_EDGE('',*,*,#6476,.F.);
#8974=ORIENTED_EDGE('',*,*,#6296,.F.);
#8975=ORIENTED_EDGE('',*,*,#6311,.F.);
#8976=ORIENTED_EDGE('',*,*,#6396,.T.);
#8977=ORIENTED_EDGE('',*,*,#6482,.T.);
#8978=ORIENTED_EDGE('',*,*,#6399,.T.);
#8979=ORIENTED_EDGE('',*,*,#6398,.T.);
#8980=ORIENTED_EDGE('',*,*,#6483,.T.);
#8981=ORIENTED_EDGE('',*,*,#6293,.F.);
#8982=ORIENTED_EDGE('',*,*,#6294,.F.);
#8983=ORIENTED_EDGE('',*,*,#6483,.F.);
#8984=ORIENTED_EDGE('',*,*,#6397,.T.);
#8985=ORIENTED_EDGE('',*,*,#6317,.F.);
#8986=ORIENTED_EDGE('',*,*,#6484,.T.);
#8987=ORIENTED_EDGE('',*,*,#6485,.F.);
#8988=ORIENTED_EDGE('',*,*,#6486,.T.);
#8989=ORIENTED_EDGE('',*,*,#6357,.F.);
#8990=ORIENTED_EDGE('',*,*,#6316,.F.);
#8991=ORIENTED_EDGE('',*,*,#6487,.T.);
#8992=ORIENTED_EDGE('',*,*,#6488,.T.);
#8993=ORIENTED_EDGE('',*,*,#6484,.F.);
#8994=ORIENTED_EDGE('',*,*,#6313,.F.);
#8995=ORIENTED_EDGE('',*,*,#6489,.T.);
#8996=ORIENTED_EDGE('',*,*,#6490,.T.);
#8997=ORIENTED_EDGE('',*,*,#6362,.F.);
#8998=ORIENTED_EDGE('',*,*,#6312,.F.);
#8999=ORIENTED_EDGE('',*,*,#6491,.T.);
#9000=ORIENTED_EDGE('',*,*,#6492,.T.);
#9001=ORIENTED_EDGE('',*,*,#6493,.T.);
#9002=ORIENTED_EDGE('',*,*,#6494,.T.);
#9003=ORIENTED_EDGE('',*,*,#6489,.F.);
#9004=ORIENTED_EDGE('',*,*,#6491,.F.);
#9005=ORIENTED_EDGE('',*,*,#6315,.F.);
#9006=ORIENTED_EDGE('',*,*,#6361,.T.);
#9007=ORIENTED_EDGE('',*,*,#6495,.T.);
#9008=ORIENTED_EDGE('',*,*,#6496,.T.);
#9009=ORIENTED_EDGE('',*,*,#6487,.F.);
#9010=ORIENTED_EDGE('',*,*,#6319,.F.);
#9011=ORIENTED_EDGE('',*,*,#6356,.T.);
#9012=ORIENTED_EDGE('',*,*,#6497,.T.);
#9013=ORIENTED_EDGE('',*,*,#6376,.T.);
#9014=ORIENTED_EDGE('',*,*,#6498,.T.);
#9015=ORIENTED_EDGE('',*,*,#6478,.F.);
#9016=ORIENTED_EDGE('',*,*,#6310,.F.);
#9017=ORIENTED_EDGE('',*,*,#6499,.T.);
#9018=ORIENTED_EDGE('',*,*,#6377,.T.);
#9019=ORIENTED_EDGE('',*,*,#6499,.F.);
#9020=ORIENTED_EDGE('',*,*,#6309,.F.);
#9021=ORIENTED_EDGE('',*,*,#6475,.F.);
#9022=ORIENTED_EDGE('',*,*,#6351,.T.);
#9023=ORIENTED_EDGE('',*,*,#6500,.T.);
#9024=ORIENTED_EDGE('',*,*,#6470,.F.);
#9025=ORIENTED_EDGE('',*,*,#6307,.F.);
#9026=ORIENTED_EDGE('',*,*,#6501,.T.);
#9027=ORIENTED_EDGE('',*,*,#6341,.F.);
#9028=ORIENTED_EDGE('',*,*,#6502,.T.);
#9029=ORIENTED_EDGE('',*,*,#6503,.T.);
#9030=ORIENTED_EDGE('',*,*,#6504,.T.);
#9031=ORIENTED_EDGE('',*,*,#6505,.T.);
#9032=ORIENTED_EDGE('',*,*,#6502,.F.);
#9033=ORIENTED_EDGE('',*,*,#6340,.F.);
#9034=ORIENTED_EDGE('',*,*,#6366,.T.);
#9035=ORIENTED_EDGE('',*,*,#6506,.T.);
#9036=ORIENTED_EDGE('',*,*,#6367,.F.);
#9037=ORIENTED_EDGE('',*,*,#6342,.F.);
#9038=ORIENTED_EDGE('',*,*,#6501,.F.);
#9039=ORIENTED_EDGE('',*,*,#6507,.T.);
#9040=ORIENTED_EDGE('',*,*,#6508,.T.);
#9041=ORIENTED_EDGE('',*,*,#6337,.F.);
#9042=ORIENTED_EDGE('',*,*,#6509,.T.);
#9043=ORIENTED_EDGE('',*,*,#6510,.T.);
#9044=ORIENTED_EDGE('',*,*,#6511,.T.);
#9045=ORIENTED_EDGE('',*,*,#6512,.T.);
#9046=ORIENTED_EDGE('',*,*,#6509,.F.);
#9047=ORIENTED_EDGE('',*,*,#6336,.F.);
#9048=ORIENTED_EDGE('',*,*,#6371,.T.);
#9049=ORIENTED_EDGE('',*,*,#6513,.T.);
#9050=ORIENTED_EDGE('',*,*,#6372,.F.);
#9051=ORIENTED_EDGE('',*,*,#6338,.F.);
#9052=ORIENTED_EDGE('',*,*,#6508,.F.);
#9053=ORIENTED_EDGE('',*,*,#6514,.T.);
#9054=ORIENTED_EDGE('',*,*,#6515,.T.);
#9055=ORIENTED_EDGE('',*,*,#6333,.F.);
#9056=ORIENTED_EDGE('',*,*,#6516,.T.);
#9057=ORIENTED_EDGE('',*,*,#6517,.T.);
#9058=ORIENTED_EDGE('',*,*,#6518,.T.);
#9059=ORIENTED_EDGE('',*,*,#6516,.F.);
#9060=ORIENTED_EDGE('',*,*,#6332,.F.);
#9061=ORIENTED_EDGE('',*,*,#6519,.T.);
#9062=ORIENTED_EDGE('',*,*,#6520,.T.);
#9063=ORIENTED_EDGE('',*,*,#6521,.T.);
#9064=ORIENTED_EDGE('',*,*,#6522,.T.);
#9065=ORIENTED_EDGE('',*,*,#6523,.T.);
#9066=ORIENTED_EDGE('',*,*,#6524,.T.);
#9067=ORIENTED_EDGE('',*,*,#6519,.F.);
#9068=ORIENTED_EDGE('',*,*,#6335,.F.);
#9069=ORIENTED_EDGE('',*,*,#6521,.F.);
#9070=ORIENTED_EDGE('',*,*,#6334,.F.);
#9071=ORIENTED_EDGE('',*,*,#6515,.F.);
#9072=ORIENTED_EDGE('',*,*,#6525,.T.);
#9073=ORIENTED_EDGE('',*,*,#6526,.T.);
#9074=ORIENTED_EDGE('',*,*,#6527,.F.);
#9075=ORIENTED_EDGE('',*,*,#6528,.F.);
#9076=ORIENTED_EDGE('',*,*,#6529,.F.);
#9077=ORIENTED_EDGE('',*,*,#6441,.F.);
#9078=ORIENTED_EDGE('',*,*,#6530,.F.);
#9079=ORIENTED_EDGE('',*,*,#6454,.F.);
#9080=ORIENTED_EDGE('',*,*,#6446,.F.);
#9081=ORIENTED_EDGE('',*,*,#6447,.F.);
#9082=ORIENTED_EDGE('',*,*,#6531,.F.);
#9083=ORIENTED_EDGE('',*,*,#6532,.T.);
#9084=ORIENTED_EDGE('',*,*,#6533,.F.);
#9085=ORIENTED_EDGE('',*,*,#6534,.F.);
#9086=ORIENTED_EDGE('',*,*,#6535,.F.);
#9087=ORIENTED_EDGE('',*,*,#6452,.F.);
#9088=ORIENTED_EDGE('',*,*,#6536,.F.);
#9089=ORIENTED_EDGE('',*,*,#6537,.F.);
#9090=ORIENTED_EDGE('',*,*,#6538,.F.);
#9091=ORIENTED_EDGE('',*,*,#6465,.F.);
#9092=ORIENTED_EDGE('',*,*,#6539,.F.);
#9093=ORIENTED_EDGE('',*,*,#6540,.F.);
#9094=ORIENTED_EDGE('',*,*,#6541,.F.);
#9095=ORIENTED_EDGE('',*,*,#6472,.F.);
#9096=ORIENTED_EDGE('',*,*,#6542,.F.);
#9097=ORIENTED_EDGE('',*,*,#6543,.F.);
#9098=ORIENTED_EDGE('',*,*,#6544,.F.);
#9099=ORIENTED_EDGE('',*,*,#6480,.F.);
#9100=ORIENTED_EDGE('',*,*,#6354,.F.);
#9101=ORIENTED_EDGE('',*,*,#6545,.F.);
#9102=ORIENTED_EDGE('',*,*,#6383,.F.);
#9103=ORIENTED_EDGE('',*,*,#6546,.F.);
#9104=ORIENTED_EDGE('',*,*,#6547,.T.);
#9105=ORIENTED_EDGE('',*,*,#6485,.T.);
#9106=ORIENTED_EDGE('',*,*,#6488,.F.);
#9107=ORIENTED_EDGE('',*,*,#6496,.F.);
#9108=ORIENTED_EDGE('',*,*,#6548,.T.);
#9109=ORIENTED_EDGE('',*,*,#6549,.T.);
#9110=ORIENTED_EDGE('',*,*,#6359,.F.);
#9111=ORIENTED_EDGE('',*,*,#6550,.F.);
#9112=ORIENTED_EDGE('',*,*,#6387,.F.);
#9113=ORIENTED_EDGE('',*,*,#6551,.F.);
#9114=ORIENTED_EDGE('',*,*,#6552,.F.);
#9115=ORIENTED_EDGE('',*,*,#6553,.F.);
#9116=ORIENTED_EDGE('',*,*,#6554,.F.);
#9117=ORIENTED_EDGE('',*,*,#6364,.F.);
#9118=ORIENTED_EDGE('',*,*,#6555,.F.);
#9119=ORIENTED_EDGE('',*,*,#6556,.F.);
#9120=ORIENTED_EDGE('',*,*,#6557,.F.);
#9121=ORIENTED_EDGE('',*,*,#6369,.F.);
#9122=ORIENTED_EDGE('',*,*,#6558,.T.);
#9123=ORIENTED_EDGE('',*,*,#6525,.F.);
#9124=ORIENTED_EDGE('',*,*,#6517,.F.);
#9125=ORIENTED_EDGE('',*,*,#6518,.F.);
#9126=ORIENTED_EDGE('',*,*,#6559,.T.);
#9127=ORIENTED_EDGE('',*,*,#6560,.T.);
#9128=ORIENTED_EDGE('',*,*,#6561,.F.);
#9129=ORIENTED_EDGE('',*,*,#6562,.F.);
#9130=ORIENTED_EDGE('',*,*,#6563,.F.);
#9131=ORIENTED_EDGE('',*,*,#6523,.F.);
#9132=ORIENTED_EDGE('',*,*,#6564,.F.);
#9133=ORIENTED_EDGE('',*,*,#6565,.F.);
#9134=ORIENTED_EDGE('',*,*,#6566,.F.);
#9135=ORIENTED_EDGE('',*,*,#6344,.F.);
#9136=ORIENTED_EDGE('',*,*,#6345,.T.);
#9137=ORIENTED_EDGE('',*,*,#6566,.T.);
#9138=ORIENTED_EDGE('',*,*,#6567,.T.);
#9139=ORIENTED_EDGE('',*,*,#6527,.T.);
#9140=ORIENTED_EDGE('',*,*,#6440,.T.);
#9141=ORIENTED_EDGE('',*,*,#6443,.T.);
#9142=ORIENTED_EDGE('',*,*,#6568,.T.);
#9143=ORIENTED_EDGE('',*,*,#6528,.T.);
#9144=ORIENTED_EDGE('',*,*,#6567,.F.);
#9145=ORIENTED_EDGE('',*,*,#6565,.T.);
#9146=ORIENTED_EDGE('',*,*,#6442,.T.);
#9147=ORIENTED_EDGE('',*,*,#6529,.T.);
#9148=ORIENTED_EDGE('',*,*,#6568,.F.);
#9149=ORIENTED_EDGE('',*,*,#6564,.T.);
#9150=ORIENTED_EDGE('',*,*,#6348,.T.);
#9151=ORIENTED_EDGE('',*,*,#6438,.T.);
#9152=ORIENTED_EDGE('',*,*,#6569,.F.);
#9153=ORIENTED_EDGE('',*,*,#6570,.F.);
#9154=ORIENTED_EDGE('',*,*,#6571,.F.);
#9155=ORIENTED_EDGE('',*,*,#6532,.F.);
#9156=ORIENTED_EDGE('',*,*,#6530,.T.);
#9157=ORIENTED_EDGE('',*,*,#6571,.T.);
#9158=ORIENTED_EDGE('',*,*,#6572,.T.);
#9159=ORIENTED_EDGE('',*,*,#6533,.T.);
#9160=ORIENTED_EDGE('',*,*,#6451,.T.);
#9161=ORIENTED_EDGE('',*,*,#6455,.T.);
#9162=ORIENTED_EDGE('',*,*,#6573,.T.);
#9163=ORIENTED_EDGE('',*,*,#6534,.T.);
#9164=ORIENTED_EDGE('',*,*,#6572,.F.);
#9165=ORIENTED_EDGE('',*,*,#6570,.T.);
#9166=ORIENTED_EDGE('',*,*,#6453,.T.);
#9167=ORIENTED_EDGE('',*,*,#6535,.T.);
#9168=ORIENTED_EDGE('',*,*,#6573,.F.);
#9169=ORIENTED_EDGE('',*,*,#6569,.T.);
#9170=ORIENTED_EDGE('',*,*,#6531,.T.);
#9171=ORIENTED_EDGE('',*,*,#6449,.T.);
#9172=ORIENTED_EDGE('',*,*,#6574,.F.);
#9173=ORIENTED_EDGE('',*,*,#6575,.F.);
#9174=ORIENTED_EDGE('',*,*,#6576,.F.);
#9175=ORIENTED_EDGE('',*,*,#6459,.F.);
#9176=ORIENTED_EDGE('',*,*,#6460,.T.);
#9177=ORIENTED_EDGE('',*,*,#6576,.T.);
#9178=ORIENTED_EDGE('',*,*,#6577,.T.);
#9179=ORIENTED_EDGE('',*,*,#6536,.T.);
#9180=ORIENTED_EDGE('',*,*,#6464,.T.);
#9181=ORIENTED_EDGE('',*,*,#6467,.T.);
#9182=ORIENTED_EDGE('',*,*,#6577,.F.);
#9183=ORIENTED_EDGE('',*,*,#6575,.T.);
#9184=ORIENTED_EDGE('',*,*,#6578,.T.);
#9185=ORIENTED_EDGE('',*,*,#6537,.T.);
#9186=ORIENTED_EDGE('',*,*,#6466,.T.);
#9187=ORIENTED_EDGE('',*,*,#6538,.T.);
#9188=ORIENTED_EDGE('',*,*,#6578,.F.);
#9189=ORIENTED_EDGE('',*,*,#6574,.T.);
#9190=ORIENTED_EDGE('',*,*,#6458,.T.);
#9191=ORIENTED_EDGE('',*,*,#6462,.T.);
#9192=ORIENTED_EDGE('',*,*,#6349,.F.);
#9193=ORIENTED_EDGE('',*,*,#6579,.F.);
#9194=ORIENTED_EDGE('',*,*,#6580,.F.);
#9195=ORIENTED_EDGE('',*,*,#6581,.F.);
#9196=ORIENTED_EDGE('',*,*,#6500,.F.);
#9197=ORIENTED_EDGE('',*,*,#6350,.F.);
#9198=ORIENTED_EDGE('',*,*,#6581,.T.);
#9199=ORIENTED_EDGE('',*,*,#6582,.F.);
#9200=ORIENTED_EDGE('',*,*,#6539,.T.);
#9201=ORIENTED_EDGE('',*,*,#6471,.F.);
#9202=ORIENTED_EDGE('',*,*,#6583,.T.);
#9203=ORIENTED_EDGE('',*,*,#6540,.T.);
#9204=ORIENTED_EDGE('',*,*,#6582,.T.);
#9205=ORIENTED_EDGE('',*,*,#6580,.T.);
#9206=ORIENTED_EDGE('',*,*,#6473,.F.);
#9207=ORIENTED_EDGE('',*,*,#6541,.T.);
#9208=ORIENTED_EDGE('',*,*,#6583,.F.);
#9209=ORIENTED_EDGE('',*,*,#6579,.T.);
#9210=ORIENTED_EDGE('',*,*,#6353,.F.);
#9211=ORIENTED_EDGE('',*,*,#6469,.F.);
#9212=ORIENTED_EDGE('',*,*,#6374,.F.);
#9213=ORIENTED_EDGE('',*,*,#6584,.F.);
#9214=ORIENTED_EDGE('',*,*,#6585,.F.);
#9215=ORIENTED_EDGE('',*,*,#6586,.F.);
#9216=ORIENTED_EDGE('',*,*,#6498,.F.);
#9217=ORIENTED_EDGE('',*,*,#6375,.F.);
#9218=ORIENTED_EDGE('',*,*,#6586,.T.);
#9219=ORIENTED_EDGE('',*,*,#6587,.F.);
#9220=ORIENTED_EDGE('',*,*,#6542,.T.);
#9221=ORIENTED_EDGE('',*,*,#6479,.F.);
#9222=ORIENTED_EDGE('',*,*,#6588,.T.);
#9223=ORIENTED_EDGE('',*,*,#6543,.T.);
#9224=ORIENTED_EDGE('',*,*,#6587,.T.);
#9225=ORIENTED_EDGE('',*,*,#6585,.T.);
#9226=ORIENTED_EDGE('',*,*,#6481,.F.);
#9227=ORIENTED_EDGE('',*,*,#6544,.T.);
#9228=ORIENTED_EDGE('',*,*,#6588,.F.);
#9229=ORIENTED_EDGE('',*,*,#6584,.T.);
#9230=ORIENTED_EDGE('',*,*,#6380,.F.);
#9231=ORIENTED_EDGE('',*,*,#6477,.F.);
#9232=ORIENTED_EDGE('',*,*,#6432,.F.);
#9233=ORIENTED_EDGE('',*,*,#6401,.F.);
#9234=ORIENTED_EDGE('',*,*,#6428,.T.);
#9235=ORIENTED_EDGE('',*,*,#6424,.T.);
#9236=ORIENTED_EDGE('',*,*,#6547,.F.);
#9237=ORIENTED_EDGE('',*,*,#6589,.F.);
#9238=ORIENTED_EDGE('',*,*,#6384,.F.);
#9239=ORIENTED_EDGE('',*,*,#6545,.T.);
#9240=ORIENTED_EDGE('',*,*,#6358,.F.);
#9241=ORIENTED_EDGE('',*,*,#6486,.F.);
#9242=ORIENTED_EDGE('',*,*,#6355,.F.);
#9243=ORIENTED_EDGE('',*,*,#6546,.T.);
#9244=ORIENTED_EDGE('',*,*,#6382,.F.);
#9245=ORIENTED_EDGE('',*,*,#6590,.F.);
#9246=ORIENTED_EDGE('',*,*,#6548,.F.);
#9247=ORIENTED_EDGE('',*,*,#6497,.F.);
#9248=ORIENTED_EDGE('',*,*,#6590,.T.);
#9249=ORIENTED_EDGE('',*,*,#6381,.F.);
#9250=ORIENTED_EDGE('',*,*,#6589,.T.);
#9251=ORIENTED_EDGE('',*,*,#6549,.F.);
#9252=ORIENTED_EDGE('',*,*,#6494,.F.);
#9253=ORIENTED_EDGE('',*,*,#6591,.F.);
#9254=ORIENTED_EDGE('',*,*,#6388,.F.);
#9255=ORIENTED_EDGE('',*,*,#6550,.T.);
#9256=ORIENTED_EDGE('',*,*,#6363,.F.);
#9257=ORIENTED_EDGE('',*,*,#6490,.F.);
#9258=ORIENTED_EDGE('',*,*,#6360,.F.);
#9259=ORIENTED_EDGE('',*,*,#6551,.T.);
#9260=ORIENTED_EDGE('',*,*,#6386,.F.);
#9261=ORIENTED_EDGE('',*,*,#6592,.F.);
#9262=ORIENTED_EDGE('',*,*,#6492,.F.);
#9263=ORIENTED_EDGE('',*,*,#6495,.F.);
#9264=ORIENTED_EDGE('',*,*,#6592,.T.);
#9265=ORIENTED_EDGE('',*,*,#6385,.F.);
#9266=ORIENTED_EDGE('',*,*,#6591,.T.);
#9267=ORIENTED_EDGE('',*,*,#6493,.F.);
#9268=ORIENTED_EDGE('',*,*,#6593,.F.);
#9269=ORIENTED_EDGE('',*,*,#6594,.F.);
#9270=ORIENTED_EDGE('',*,*,#6595,.F.);
#9271=ORIENTED_EDGE('',*,*,#6504,.F.);
#9272=ORIENTED_EDGE('',*,*,#6505,.F.);
#9273=ORIENTED_EDGE('',*,*,#6595,.T.);
#9274=ORIENTED_EDGE('',*,*,#6596,.F.);
#9275=ORIENTED_EDGE('',*,*,#6552,.T.);
#9276=ORIENTED_EDGE('',*,*,#6368,.F.);
#9277=ORIENTED_EDGE('',*,*,#6507,.F.);
#9278=ORIENTED_EDGE('',*,*,#6597,.T.);
#9279=ORIENTED_EDGE('',*,*,#6553,.T.);
#9280=ORIENTED_EDGE('',*,*,#6596,.T.);
#9281=ORIENTED_EDGE('',*,*,#6594,.T.);
#9282=ORIENTED_EDGE('',*,*,#6365,.F.);
#9283=ORIENTED_EDGE('',*,*,#6554,.T.);
#9284=ORIENTED_EDGE('',*,*,#6597,.F.);
#9285=ORIENTED_EDGE('',*,*,#6593,.T.);
#9286=ORIENTED_EDGE('',*,*,#6503,.F.);
#9287=ORIENTED_EDGE('',*,*,#6506,.F.);
#9288=ORIENTED_EDGE('',*,*,#6598,.F.);
#9289=ORIENTED_EDGE('',*,*,#6599,.F.);
#9290=ORIENTED_EDGE('',*,*,#6600,.F.);
#9291=ORIENTED_EDGE('',*,*,#6511,.F.);
#9292=ORIENTED_EDGE('',*,*,#6512,.F.);
#9293=ORIENTED_EDGE('',*,*,#6600,.T.);
#9294=ORIENTED_EDGE('',*,*,#6601,.F.);
#9295=ORIENTED_EDGE('',*,*,#6555,.T.);
#9296=ORIENTED_EDGE('',*,*,#6373,.F.);
#9297=ORIENTED_EDGE('',*,*,#6514,.F.);
#9298=ORIENTED_EDGE('',*,*,#6556,.T.);
#9299=ORIENTED_EDGE('',*,*,#6601,.T.);
#9300=ORIENTED_EDGE('',*,*,#6599,.T.);
#9301=ORIENTED_EDGE('',*,*,#6602,.T.);
#9302=ORIENTED_EDGE('',*,*,#6370,.F.);
#9303=ORIENTED_EDGE('',*,*,#6557,.T.);
#9304=ORIENTED_EDGE('',*,*,#6602,.F.);
#9305=ORIENTED_EDGE('',*,*,#6598,.T.);
#9306=ORIENTED_EDGE('',*,*,#6510,.F.);
#9307=ORIENTED_EDGE('',*,*,#6513,.F.);
#9308=ORIENTED_EDGE('',*,*,#6603,.F.);
#9309=ORIENTED_EDGE('',*,*,#6604,.F.);
#9310=ORIENTED_EDGE('',*,*,#6605,.F.);
#9311=ORIENTED_EDGE('',*,*,#6560,.F.);
#9312=ORIENTED_EDGE('',*,*,#6558,.F.);
#9313=ORIENTED_EDGE('',*,*,#6605,.T.);
#9314=ORIENTED_EDGE('',*,*,#6606,.F.);
#9315=ORIENTED_EDGE('',*,*,#6561,.T.);
#9316=ORIENTED_EDGE('',*,*,#6522,.F.);
#9317=ORIENTED_EDGE('',*,*,#6526,.F.);
#9318=ORIENTED_EDGE('',*,*,#6562,.T.);
#9319=ORIENTED_EDGE('',*,*,#6606,.T.);
#9320=ORIENTED_EDGE('',*,*,#6604,.T.);
#9321=ORIENTED_EDGE('',*,*,#6607,.T.);
#9322=ORIENTED_EDGE('',*,*,#6524,.F.);
#9323=ORIENTED_EDGE('',*,*,#6563,.T.);
#9324=ORIENTED_EDGE('',*,*,#6607,.F.);
#9325=ORIENTED_EDGE('',*,*,#6603,.T.);
#9326=ORIENTED_EDGE('',*,*,#6559,.F.);
#9327=ORIENTED_EDGE('',*,*,#6520,.F.);
#9328=ORIENTED_EDGE('',*,*,#6608,.T.);
#9329=ORIENTED_EDGE('',*,*,#6415,.F.);
#9330=ORIENTED_EDGE('',*,*,#6427,.F.);
#9331=ORIENTED_EDGE('',*,*,#6419,.F.);
#9332=ORIENTED_EDGE('',*,*,#6609,.T.);
#9333=ORIENTED_EDGE('',*,*,#6610,.T.);
#9334=ORIENTED_EDGE('',*,*,#6391,.T.);
#9335=ORIENTED_EDGE('',*,*,#6409,.F.);
#9336=ORIENTED_EDGE('',*,*,#6290,.T.);
#9337=ORIENTED_EDGE('',*,*,#6611,.T.);
#9338=ORIENTED_EDGE('',*,*,#6412,.F.);
#9339=ORIENTED_EDGE('',*,*,#6608,.F.);
#9340=ORIENTED_EDGE('',*,*,#6612,.T.);
#9341=ORIENTED_EDGE('',*,*,#6420,.T.);
#9342=ORIENTED_EDGE('',*,*,#6612,.F.);
#9343=ORIENTED_EDGE('',*,*,#6610,.F.);
#9344=ORIENTED_EDGE('',*,*,#6613,.T.);
#9345=ORIENTED_EDGE('',*,*,#6421,.T.);
#9346=ORIENTED_EDGE('',*,*,#6422,.T.);
#9347=ORIENTED_EDGE('',*,*,#6613,.F.);
#9348=ORIENTED_EDGE('',*,*,#6609,.F.);
#9349=ORIENTED_EDGE('',*,*,#6418,.F.);
#9350=ORIENTED_EDGE('',*,*,#6614,.F.);
#9351=ORIENTED_EDGE('',*,*,#6615,.T.);
#9352=ORIENTED_EDGE('',*,*,#6402,.T.);
#9353=ORIENTED_EDGE('',*,*,#6389,.F.);
#9354=ORIENTED_EDGE('',*,*,#6611,.F.);
#9355=ORIENTED_EDGE('',*,*,#6289,.T.);
#9356=ORIENTED_EDGE('',*,*,#6616,.F.);
#9357=ORIENTED_EDGE('',*,*,#6617,.T.);
#9358=ORIENTED_EDGE('',*,*,#6614,.T.);
#9359=ORIENTED_EDGE('',*,*,#6417,.F.);
#9360=ORIENTED_EDGE('',*,*,#6426,.F.);
#9361=ORIENTED_EDGE('',*,*,#6413,.F.);
#9362=ORIENTED_EDGE('',*,*,#6616,.T.);
#9363=ORIENTED_EDGE('',*,*,#6292,.T.);
#9364=ORIENTED_EDGE('',*,*,#6408,.T.);
#9365=ORIENTED_EDGE('',*,*,#6288,.T.);
#9366=ORIENTED_EDGE('',*,*,#6618,.T.);
#9367=ORIENTED_EDGE('',*,*,#6619,.T.);
#9368=ORIENTED_EDGE('',*,*,#6404,.T.);
#9369=ORIENTED_EDGE('',*,*,#6620,.T.);
#9370=ORIENTED_EDGE('',*,*,#6618,.F.);
#9371=ORIENTED_EDGE('',*,*,#6287,.T.);
#9372=ORIENTED_EDGE('',*,*,#6429,.T.);
#9373=ORIENTED_EDGE('',*,*,#6482,.F.);
#9374=ORIENTED_EDGE('',*,*,#6431,.F.);
#9375=ORIENTED_EDGE('',*,*,#6621,.T.);
#9376=ORIENTED_EDGE('',*,*,#6403,.F.);
#9377=ORIENTED_EDGE('',*,*,#6615,.F.);
#9378=ORIENTED_EDGE('',*,*,#6617,.F.);
#9379=ORIENTED_EDGE('',*,*,#6620,.F.);
#9380=ORIENTED_EDGE('',*,*,#6621,.F.);
#9381=ORIENTED_EDGE('',*,*,#6430,.F.);
#9382=ORIENTED_EDGE('',*,*,#6405,.F.);
#9383=ORIENTED_EDGE('',*,*,#6619,.F.);
#9384=ORIENTED_EDGE('',*,*,#6392,.T.);
#9385=ORIENTED_EDGE('',*,*,#6622,.F.);
#9386=ORIENTED_EDGE('',*,*,#6623,.T.);
#9387=ORIENTED_EDGE('',*,*,#6624,.T.);
#9388=ORIENTED_EDGE('',*,*,#6623,.F.);
#9389=ORIENTED_EDGE('',*,*,#6625,.F.);
#9390=ORIENTED_EDGE('',*,*,#6626,.T.);
#9391=ORIENTED_EDGE('',*,*,#6627,.T.);
#9392=ORIENTED_EDGE('',*,*,#6626,.F.);
#9393=ORIENTED_EDGE('',*,*,#6628,.F.);
#9394=ORIENTED_EDGE('',*,*,#6629,.T.);
#9395=ORIENTED_EDGE('',*,*,#6630,.T.);
#9396=ORIENTED_EDGE('',*,*,#6629,.F.);
#9397=ORIENTED_EDGE('',*,*,#6631,.F.);
#9398=ORIENTED_EDGE('',*,*,#6632,.T.);
#9399=ORIENTED_EDGE('',*,*,#6633,.T.);
#9400=ORIENTED_EDGE('',*,*,#6632,.F.);
#9401=ORIENTED_EDGE('',*,*,#6634,.F.);
#9402=ORIENTED_EDGE('',*,*,#6635,.T.);
#9403=ORIENTED_EDGE('',*,*,#6636,.T.);
#9404=ORIENTED_EDGE('',*,*,#6637,.T.);
#9405=ORIENTED_EDGE('',*,*,#6638,.F.);
#9406=ORIENTED_EDGE('',*,*,#6639,.T.);
#9407=ORIENTED_EDGE('',*,*,#6640,.F.);
#9408=ORIENTED_EDGE('',*,*,#6641,.T.);
#9409=ORIENTED_EDGE('',*,*,#6642,.T.);
#9410=ORIENTED_EDGE('',*,*,#6643,.T.);
#9411=ORIENTED_EDGE('',*,*,#6644,.F.);
#9412=ORIENTED_EDGE('',*,*,#6645,.T.);
#9413=ORIENTED_EDGE('',*,*,#6646,.F.);
#9414=ORIENTED_EDGE('',*,*,#6647,.T.);
#9415=ORIENTED_EDGE('',*,*,#6648,.F.);
#9416=ORIENTED_EDGE('',*,*,#6649,.T.);
#9417=ORIENTED_EDGE('',*,*,#6650,.T.);
#9418=ORIENTED_EDGE('',*,*,#6651,.T.);
#9419=ORIENTED_EDGE('',*,*,#6652,.F.);
#9420=ORIENTED_EDGE('',*,*,#6653,.T.);
#9421=ORIENTED_EDGE('',*,*,#6654,.F.);
#9422=ORIENTED_EDGE('',*,*,#6655,.T.);
#9423=ORIENTED_EDGE('',*,*,#6656,.F.);
#9424=ORIENTED_EDGE('',*,*,#6657,.T.);
#9425=ORIENTED_EDGE('',*,*,#6658,.T.);
#9426=ORIENTED_EDGE('',*,*,#6659,.T.);
#9427=ORIENTED_EDGE('',*,*,#6660,.F.);
#9428=ORIENTED_EDGE('',*,*,#6661,.T.);
#9429=ORIENTED_EDGE('',*,*,#6662,.F.);
#9430=ORIENTED_EDGE('',*,*,#6663,.T.);
#9431=ORIENTED_EDGE('',*,*,#6664,.F.);
#9432=ORIENTED_EDGE('',*,*,#6665,.T.);
#9433=ORIENTED_EDGE('',*,*,#6646,.T.);
#9434=ORIENTED_EDGE('',*,*,#6666,.T.);
#9435=ORIENTED_EDGE('',*,*,#6667,.F.);
#9436=ORIENTED_EDGE('',*,*,#6668,.T.);
#9437=ORIENTED_EDGE('',*,*,#6669,.F.);
#9438=ORIENTED_EDGE('',*,*,#6670,.T.);
#9439=ORIENTED_EDGE('',*,*,#6654,.T.);
#9440=ORIENTED_EDGE('',*,*,#6671,.T.);
#9441=ORIENTED_EDGE('',*,*,#6672,.F.);
#9442=ORIENTED_EDGE('',*,*,#6673,.T.);
#9443=ORIENTED_EDGE('',*,*,#6674,.F.);
#9444=ORIENTED_EDGE('',*,*,#6675,.T.);
#9445=ORIENTED_EDGE('',*,*,#6662,.T.);
#9446=ORIENTED_EDGE('',*,*,#6676,.T.);
#9447=ORIENTED_EDGE('',*,*,#6677,.F.);
#9448=ORIENTED_EDGE('',*,*,#6678,.T.);
#9449=ORIENTED_EDGE('',*,*,#6679,.F.);
#9450=ORIENTED_EDGE('',*,*,#6680,.T.);
#9451=ORIENTED_EDGE('',*,*,#6640,.T.);
#9452=ORIENTED_EDGE('',*,*,#6681,.T.);
#9453=ORIENTED_EDGE('',*,*,#6682,.F.);
#9454=ORIENTED_EDGE('',*,*,#6683,.T.);
#9455=ORIENTED_EDGE('',*,*,#6684,.F.);
#9456=ORIENTED_EDGE('',*,*,#6685,.T.);
#9457=ORIENTED_EDGE('',*,*,#6636,.F.);
#9458=ORIENTED_EDGE('',*,*,#6686,.T.);
#9459=ORIENTED_EDGE('',*,*,#6658,.F.);
#9460=ORIENTED_EDGE('',*,*,#6687,.T.);
#9461=ORIENTED_EDGE('',*,*,#6650,.F.);
#9462=ORIENTED_EDGE('',*,*,#6688,.T.);
#9463=ORIENTED_EDGE('',*,*,#6642,.F.);
#9464=ORIENTED_EDGE('',*,*,#6689,.T.);
#9465=ORIENTED_EDGE('',*,*,#6631,.T.);
#9466=ORIENTED_EDGE('',*,*,#6628,.T.);
#9467=ORIENTED_EDGE('',*,*,#6625,.T.);
#9468=ORIENTED_EDGE('',*,*,#6622,.T.);
#9469=ORIENTED_EDGE('',*,*,#6690,.F.);
#9470=ORIENTED_EDGE('',*,*,#6691,.T.);
#9471=ORIENTED_EDGE('',*,*,#6677,.T.);
#9472=ORIENTED_EDGE('',*,*,#6692,.T.);
#9473=ORIENTED_EDGE('',*,*,#6693,.F.);
#9474=ORIENTED_EDGE('',*,*,#6694,.T.);
#9475=ORIENTED_EDGE('',*,*,#6679,.T.);
#9476=ORIENTED_EDGE('',*,*,#6695,.T.);
#9477=ORIENTED_EDGE('',*,*,#6660,.T.);
#9478=ORIENTED_EDGE('',*,*,#6696,.T.);
#9479=ORIENTED_EDGE('',*,*,#6634,.T.);
#9480=ORIENTED_EDGE('',*,*,#6697,.T.);
#9481=ORIENTED_EDGE('',*,*,#6693,.T.);
#9482=ORIENTED_EDGE('',*,*,#6698,.T.);
#9483=ORIENTED_EDGE('',*,*,#6690,.T.);
#9484=ORIENTED_EDGE('',*,*,#6699,.T.);
#9485=ORIENTED_EDGE('',*,*,#6624,.F.);
#9486=ORIENTED_EDGE('',*,*,#6667,.T.);
#9487=ORIENTED_EDGE('',*,*,#6700,.T.);
#9488=ORIENTED_EDGE('',*,*,#6701,.F.);
#9489=ORIENTED_EDGE('',*,*,#6702,.T.);
#9490=ORIENTED_EDGE('',*,*,#6703,.F.);
#9491=ORIENTED_EDGE('',*,*,#6704,.T.);
#9492=ORIENTED_EDGE('',*,*,#6669,.T.);
#9493=ORIENTED_EDGE('',*,*,#6705,.T.);
#9494=ORIENTED_EDGE('',*,*,#6644,.T.);
#9495=ORIENTED_EDGE('',*,*,#6706,.T.);
#9496=ORIENTED_EDGE('',*,*,#6656,.T.);
#9497=ORIENTED_EDGE('',*,*,#6707,.T.);
#9498=ORIENTED_EDGE('',*,*,#6703,.T.);
#9499=ORIENTED_EDGE('',*,*,#6708,.T.);
#9500=ORIENTED_EDGE('',*,*,#6701,.T.);
#9501=ORIENTED_EDGE('',*,*,#6709,.T.);
#9502=ORIENTED_EDGE('',*,*,#6627,.F.);
#9503=ORIENTED_EDGE('',*,*,#6710,.F.);
#9504=ORIENTED_EDGE('',*,*,#6711,.T.);
#9505=ORIENTED_EDGE('',*,*,#6682,.T.);
#9506=ORIENTED_EDGE('',*,*,#6712,.T.);
#9507=ORIENTED_EDGE('',*,*,#6713,.F.);
#9508=ORIENTED_EDGE('',*,*,#6714,.T.);
#9509=ORIENTED_EDGE('',*,*,#6684,.T.);
#9510=ORIENTED_EDGE('',*,*,#6715,.T.);
#9511=ORIENTED_EDGE('',*,*,#6638,.T.);
#9512=ORIENTED_EDGE('',*,*,#6716,.T.);
#9513=ORIENTED_EDGE('',*,*,#6648,.T.);
#9514=ORIENTED_EDGE('',*,*,#6717,.T.);
#9515=ORIENTED_EDGE('',*,*,#6713,.T.);
#9516=ORIENTED_EDGE('',*,*,#6718,.T.);
#9517=ORIENTED_EDGE('',*,*,#6710,.T.);
#9518=ORIENTED_EDGE('',*,*,#6719,.T.);
#9519=ORIENTED_EDGE('',*,*,#6630,.F.);
#9520=ORIENTED_EDGE('',*,*,#6672,.T.);
#9521=ORIENTED_EDGE('',*,*,#6720,.T.);
#9522=ORIENTED_EDGE('',*,*,#6721,.F.);
#9523=ORIENTED_EDGE('',*,*,#6722,.T.);
#9524=ORIENTED_EDGE('',*,*,#6674,.T.);
#9525=ORIENTED_EDGE('',*,*,#6723,.T.);
#9526=ORIENTED_EDGE('',*,*,#6724,.F.);
#9527=ORIENTED_EDGE('',*,*,#6725,.T.);
#9528=ORIENTED_EDGE('',*,*,#6652,.T.);
#9529=ORIENTED_EDGE('',*,*,#6726,.T.);
#9530=ORIENTED_EDGE('',*,*,#6664,.T.);
#9531=ORIENTED_EDGE('',*,*,#6727,.T.);
#9532=ORIENTED_EDGE('',*,*,#6724,.T.);
#9533=ORIENTED_EDGE('',*,*,#6728,.T.);
#9534=ORIENTED_EDGE('',*,*,#6721,.T.);
#9535=ORIENTED_EDGE('',*,*,#6729,.T.);
#9536=ORIENTED_EDGE('',*,*,#6633,.F.);
#9537=ORIENTED_EDGE('',*,*,#6709,.F.);
#9538=ORIENTED_EDGE('',*,*,#6700,.F.);
#9539=ORIENTED_EDGE('',*,*,#6666,.F.);
#9540=ORIENTED_EDGE('',*,*,#6645,.F.);
#9541=ORIENTED_EDGE('',*,*,#6707,.F.);
#9542=ORIENTED_EDGE('',*,*,#6655,.F.);
#9543=ORIENTED_EDGE('',*,*,#6670,.F.);
#9544=ORIENTED_EDGE('',*,*,#6704,.F.);
#9545=ORIENTED_EDGE('',*,*,#6708,.F.);
#9546=ORIENTED_EDGE('',*,*,#6705,.F.);
#9547=ORIENTED_EDGE('',*,*,#6668,.F.);
#9548=ORIENTED_EDGE('',*,*,#6702,.F.);
#9549=ORIENTED_EDGE('',*,*,#6717,.F.);
#9550=ORIENTED_EDGE('',*,*,#6647,.F.);
#9551=ORIENTED_EDGE('',*,*,#6685,.F.);
#9552=ORIENTED_EDGE('',*,*,#6714,.F.);
#9553=ORIENTED_EDGE('',*,*,#6718,.F.);
#9554=ORIENTED_EDGE('',*,*,#6715,.F.);
#9555=ORIENTED_EDGE('',*,*,#6683,.F.);
#9556=ORIENTED_EDGE('',*,*,#6711,.F.);
#9557=ORIENTED_EDGE('',*,*,#6719,.F.);
#9558=ORIENTED_EDGE('',*,*,#6712,.F.);
#9559=ORIENTED_EDGE('',*,*,#6681,.F.);
#9560=ORIENTED_EDGE('',*,*,#6639,.F.);
#9561=ORIENTED_EDGE('',*,*,#6729,.F.);
#9562=ORIENTED_EDGE('',*,*,#6720,.F.);
#9563=ORIENTED_EDGE('',*,*,#6671,.F.);
#9564=ORIENTED_EDGE('',*,*,#6653,.F.);
#9565=ORIENTED_EDGE('',*,*,#6728,.F.);
#9566=ORIENTED_EDGE('',*,*,#6723,.F.);
#9567=ORIENTED_EDGE('',*,*,#6673,.F.);
#9568=ORIENTED_EDGE('',*,*,#6722,.F.);
#9569=ORIENTED_EDGE('',*,*,#6727,.F.);
#9570=ORIENTED_EDGE('',*,*,#6663,.F.);
#9571=ORIENTED_EDGE('',*,*,#6675,.F.);
#9572=ORIENTED_EDGE('',*,*,#6725,.F.);
#9573=ORIENTED_EDGE('',*,*,#6697,.F.);
#9574=ORIENTED_EDGE('',*,*,#6641,.F.);
#9575=ORIENTED_EDGE('',*,*,#6680,.F.);
#9576=ORIENTED_EDGE('',*,*,#6694,.F.);
#9577=ORIENTED_EDGE('',*,*,#6698,.F.);
#9578=ORIENTED_EDGE('',*,*,#6695,.F.);
#9579=ORIENTED_EDGE('',*,*,#6678,.F.);
#9580=ORIENTED_EDGE('',*,*,#6691,.F.);
#9581=ORIENTED_EDGE('',*,*,#6699,.F.);
#9582=ORIENTED_EDGE('',*,*,#6692,.F.);
#9583=ORIENTED_EDGE('',*,*,#6676,.F.);
#9584=ORIENTED_EDGE('',*,*,#6661,.F.);
#9585=ORIENTED_EDGE('',*,*,#6696,.F.);
#9586=ORIENTED_EDGE('',*,*,#6659,.F.);
#9587=ORIENTED_EDGE('',*,*,#6686,.F.);
#9588=ORIENTED_EDGE('',*,*,#6635,.F.);
#9589=ORIENTED_EDGE('',*,*,#6726,.F.);
#9590=ORIENTED_EDGE('',*,*,#6651,.F.);
#9591=ORIENTED_EDGE('',*,*,#6687,.F.);
#9592=ORIENTED_EDGE('',*,*,#6665,.F.);
#9593=ORIENTED_EDGE('',*,*,#6706,.F.);
#9594=ORIENTED_EDGE('',*,*,#6643,.F.);
#9595=ORIENTED_EDGE('',*,*,#6688,.F.);
#9596=ORIENTED_EDGE('',*,*,#6657,.F.);
#9597=ORIENTED_EDGE('',*,*,#6716,.F.);
#9598=ORIENTED_EDGE('',*,*,#6637,.F.);
#9599=ORIENTED_EDGE('',*,*,#6689,.F.);
#9600=ORIENTED_EDGE('',*,*,#6649,.F.);
#9601=ORIENTED_EDGE('',*,*,#6730,.F.);
#9602=ORIENTED_EDGE('',*,*,#6731,.T.);
#9603=ORIENTED_EDGE('',*,*,#6732,.F.);
#9604=ORIENTED_EDGE('',*,*,#6731,.F.);
#9605=ORIENTED_EDGE('',*,*,#6733,.F.);
#9606=ORIENTED_EDGE('',*,*,#6734,.F.);
#9607=ORIENTED_EDGE('',*,*,#6735,.T.);
#9608=ORIENTED_EDGE('',*,*,#6736,.F.);
#9609=ORIENTED_EDGE('',*,*,#6735,.F.);
#9610=ORIENTED_EDGE('',*,*,#6737,.T.);
#9611=ORIENTED_EDGE('',*,*,#6738,.T.);
#9612=ORIENTED_EDGE('',*,*,#6730,.T.);
#9613=ORIENTED_EDGE('',*,*,#6738,.F.);
#9614=ORIENTED_EDGE('',*,*,#6733,.T.);
#9615=ORIENTED_EDGE('',*,*,#6734,.T.);
#9616=ORIENTED_EDGE('',*,*,#6739,.T.);
#9617=ORIENTED_EDGE('',*,*,#6740,.F.);
#9618=ORIENTED_EDGE('',*,*,#6739,.F.);
#9619=ORIENTED_EDGE('',*,*,#6740,.T.);
#9620=ORIENTED_EDGE('',*,*,#6737,.F.);
#9621=ORIENTED_EDGE('',*,*,#6736,.T.);
#9622=ORIENTED_EDGE('',*,*,#6732,.T.);
#9623=ORIENTED_EDGE('',*,*,#6741,.F.);
#9624=ORIENTED_EDGE('',*,*,#6742,.T.);
#9625=ORIENTED_EDGE('',*,*,#6743,.F.);
#9626=ORIENTED_EDGE('',*,*,#6742,.F.);
#9627=ORIENTED_EDGE('',*,*,#6744,.F.);
#9628=ORIENTED_EDGE('',*,*,#6745,.F.);
#9629=ORIENTED_EDGE('',*,*,#6746,.T.);
#9630=ORIENTED_EDGE('',*,*,#6747,.F.);
#9631=ORIENTED_EDGE('',*,*,#6746,.F.);
#9632=ORIENTED_EDGE('',*,*,#6748,.T.);
#9633=ORIENTED_EDGE('',*,*,#6749,.T.);
#9634=ORIENTED_EDGE('',*,*,#6741,.T.);
#9635=ORIENTED_EDGE('',*,*,#6749,.F.);
#9636=ORIENTED_EDGE('',*,*,#6744,.T.);
#9637=ORIENTED_EDGE('',*,*,#6745,.T.);
#9638=ORIENTED_EDGE('',*,*,#6750,.T.);
#9639=ORIENTED_EDGE('',*,*,#6751,.F.);
#9640=ORIENTED_EDGE('',*,*,#6750,.F.);
#9641=ORIENTED_EDGE('',*,*,#6751,.T.);
#9642=ORIENTED_EDGE('',*,*,#6748,.F.);
#9643=ORIENTED_EDGE('',*,*,#6747,.T.);
#9644=ORIENTED_EDGE('',*,*,#6743,.T.);
#9645=ORIENTED_EDGE('',*,*,#6752,.T.);
#9646=ORIENTED_EDGE('',*,*,#6753,.T.);
#9647=ORIENTED_EDGE('',*,*,#6754,.F.);
#9648=ORIENTED_EDGE('',*,*,#6753,.F.);
#9649=ORIENTED_EDGE('',*,*,#6755,.F.);
#9650=ORIENTED_EDGE('',*,*,#6756,.T.);
#9651=ORIENTED_EDGE('',*,*,#6757,.F.);
#9652=ORIENTED_EDGE('',*,*,#6758,.F.);
#9653=ORIENTED_EDGE('',*,*,#6756,.F.);
#9654=ORIENTED_EDGE('',*,*,#6759,.T.);
#9655=ORIENTED_EDGE('',*,*,#6760,.T.);
#9656=ORIENTED_EDGE('',*,*,#6757,.T.);
#9657=ORIENTED_EDGE('',*,*,#6758,.T.);
#9658=ORIENTED_EDGE('',*,*,#6760,.F.);
#9659=ORIENTED_EDGE('',*,*,#6755,.T.);
#9660=ORIENTED_EDGE('',*,*,#6759,.F.);
#9661=ORIENTED_EDGE('',*,*,#6752,.F.);
#9662=ORIENTED_EDGE('',*,*,#6754,.T.);
#9663=ORIENTED_EDGE('',*,*,#6761,.T.);
#9664=ORIENTED_EDGE('',*,*,#6762,.T.);
#9665=ORIENTED_EDGE('',*,*,#6763,.F.);
#9666=ORIENTED_EDGE('',*,*,#6762,.F.);
#9667=ORIENTED_EDGE('',*,*,#6764,.T.);
#9668=ORIENTED_EDGE('',*,*,#6765,.T.);
#9669=ORIENTED_EDGE('',*,*,#6766,.F.);
#9670=ORIENTED_EDGE('',*,*,#6765,.F.);
#9671=ORIENTED_EDGE('',*,*,#6766,.T.);
#9672=ORIENTED_EDGE('',*,*,#6761,.F.);
#9673=ORIENTED_EDGE('',*,*,#6764,.F.);
#9674=ORIENTED_EDGE('',*,*,#6763,.T.);
#9675=ORIENTED_EDGE('',*,*,#6767,.F.);
#9676=ORIENTED_EDGE('',*,*,#6768,.T.);
#9677=ORIENTED_EDGE('',*,*,#6769,.T.);
#9678=ORIENTED_EDGE('',*,*,#6768,.F.);
#9679=ORIENTED_EDGE('',*,*,#6770,.F.);
#9680=ORIENTED_EDGE('',*,*,#6771,.T.);
#9681=ORIENTED_EDGE('',*,*,#6772,.T.);
#9682=ORIENTED_EDGE('',*,*,#6771,.F.);
#9683=ORIENTED_EDGE('',*,*,#6773,.F.);
#9684=ORIENTED_EDGE('',*,*,#6774,.T.);
#9685=ORIENTED_EDGE('',*,*,#6775,.F.);
#9686=ORIENTED_EDGE('',*,*,#6776,.T.);
#9687=ORIENTED_EDGE('',*,*,#6777,.T.);
#9688=ORIENTED_EDGE('',*,*,#6778,.T.);
#9689=ORIENTED_EDGE('',*,*,#6779,.T.);
#9690=ORIENTED_EDGE('',*,*,#6780,.F.);
#9691=ORIENTED_EDGE('',*,*,#6781,.T.);
#9692=ORIENTED_EDGE('',*,*,#6782,.T.);
#9693=ORIENTED_EDGE('',*,*,#6783,.T.);
#9694=ORIENTED_EDGE('',*,*,#6784,.F.);
#9695=ORIENTED_EDGE('',*,*,#6785,.T.);
#9696=ORIENTED_EDGE('',*,*,#6786,.T.);
#9697=ORIENTED_EDGE('',*,*,#6787,.T.);
#9698=ORIENTED_EDGE('',*,*,#6788,.T.);
#9699=ORIENTED_EDGE('',*,*,#6789,.T.);
#9700=ORIENTED_EDGE('',*,*,#6790,.T.);
#9701=ORIENTED_EDGE('',*,*,#6791,.F.);
#9702=ORIENTED_EDGE('',*,*,#6792,.T.);
#9703=ORIENTED_EDGE('',*,*,#6793,.F.);
#9704=ORIENTED_EDGE('',*,*,#6794,.T.);
#9705=ORIENTED_EDGE('',*,*,#6795,.F.);
#9706=ORIENTED_EDGE('',*,*,#6796,.T.);
#9707=ORIENTED_EDGE('',*,*,#6789,.F.);
#9708=ORIENTED_EDGE('',*,*,#6797,.T.);
#9709=ORIENTED_EDGE('',*,*,#6798,.F.);
#9710=ORIENTED_EDGE('',*,*,#6799,.T.);
#9711=ORIENTED_EDGE('',*,*,#6800,.F.);
#9712=ORIENTED_EDGE('',*,*,#6801,.T.);
#9713=ORIENTED_EDGE('',*,*,#6786,.F.);
#9714=ORIENTED_EDGE('',*,*,#6802,.T.);
#9715=ORIENTED_EDGE('',*,*,#6782,.F.);
#9716=ORIENTED_EDGE('',*,*,#6803,.T.);
#9717=ORIENTED_EDGE('',*,*,#6777,.F.);
#9718=ORIENTED_EDGE('',*,*,#6804,.T.);
#9719=ORIENTED_EDGE('',*,*,#6767,.T.);
#9720=ORIENTED_EDGE('',*,*,#6770,.T.);
#9721=ORIENTED_EDGE('',*,*,#6805,.T.);
#9722=ORIENTED_EDGE('',*,*,#6806,.F.);
#9723=ORIENTED_EDGE('',*,*,#6807,.T.);
#9724=ORIENTED_EDGE('',*,*,#6808,.T.);
#9725=ORIENTED_EDGE('',*,*,#6809,.T.);
#9726=ORIENTED_EDGE('',*,*,#6810,.T.);
#9727=ORIENTED_EDGE('',*,*,#6811,.T.);
#9728=ORIENTED_EDGE('',*,*,#6812,.T.);
#9729=ORIENTED_EDGE('',*,*,#6775,.T.);
#9730=ORIENTED_EDGE('',*,*,#6813,.T.);
#9731=ORIENTED_EDGE('',*,*,#6808,.F.);
#9732=ORIENTED_EDGE('',*,*,#6814,.T.);
#9733=ORIENTED_EDGE('',*,*,#6788,.F.);
#9734=ORIENTED_EDGE('',*,*,#6815,.T.);
#9735=ORIENTED_EDGE('',*,*,#6816,.T.);
#9736=ORIENTED_EDGE('',*,*,#6817,.T.);
#9737=ORIENTED_EDGE('',*,*,#6818,.T.);
#9738=ORIENTED_EDGE('',*,*,#6819,.T.);
#9739=ORIENTED_EDGE('',*,*,#6791,.T.);
#9740=ORIENTED_EDGE('',*,*,#6820,.T.);
#9741=ORIENTED_EDGE('',*,*,#6769,.F.);
#9742=ORIENTED_EDGE('',*,*,#6772,.F.);
#9743=ORIENTED_EDGE('',*,*,#6816,.F.);
#9744=ORIENTED_EDGE('',*,*,#6821,.T.);
#9745=ORIENTED_EDGE('',*,*,#6800,.T.);
#9746=ORIENTED_EDGE('',*,*,#6822,.T.);
#9747=ORIENTED_EDGE('',*,*,#6798,.T.);
#9748=ORIENTED_EDGE('',*,*,#6823,.T.);
#9749=ORIENTED_EDGE('',*,*,#6818,.F.);
#9750=ORIENTED_EDGE('',*,*,#6824,.T.);
#9751=ORIENTED_EDGE('',*,*,#6795,.T.);
#9752=ORIENTED_EDGE('',*,*,#6825,.T.);
#9753=ORIENTED_EDGE('',*,*,#6809,.F.);
#9754=ORIENTED_EDGE('',*,*,#6826,.T.);
#9755=ORIENTED_EDGE('',*,*,#6793,.T.);
#9756=ORIENTED_EDGE('',*,*,#6827,.T.);
#9757=ORIENTED_EDGE('',*,*,#6811,.F.);
#9758=ORIENTED_EDGE('',*,*,#6828,.T.);
#9759=ORIENTED_EDGE('',*,*,#6814,.F.);
#9760=ORIENTED_EDGE('',*,*,#6807,.F.);
#9761=ORIENTED_EDGE('',*,*,#6829,.F.);
#9762=ORIENTED_EDGE('',*,*,#6783,.F.);
#9763=ORIENTED_EDGE('',*,*,#6813,.F.);
#9764=ORIENTED_EDGE('',*,*,#6774,.F.);
#9765=ORIENTED_EDGE('',*,*,#6830,.F.);
#9766=ORIENTED_EDGE('',*,*,#6805,.F.);
#9767=ORIENTED_EDGE('',*,*,#6794,.F.);
#9768=ORIENTED_EDGE('',*,*,#6828,.F.);
#9769=ORIENTED_EDGE('',*,*,#6810,.F.);
#9770=ORIENTED_EDGE('',*,*,#6825,.F.);
#9771=ORIENTED_EDGE('',*,*,#6796,.F.);
#9772=ORIENTED_EDGE('',*,*,#6826,.F.);
#9773=ORIENTED_EDGE('',*,*,#6820,.F.);
#9774=ORIENTED_EDGE('',*,*,#6790,.F.);
#9775=ORIENTED_EDGE('',*,*,#6797,.F.);
#9776=ORIENTED_EDGE('',*,*,#6792,.F.);
#9777=ORIENTED_EDGE('',*,*,#6819,.F.);
#9778=ORIENTED_EDGE('',*,*,#6823,.F.);
#9779=ORIENTED_EDGE('',*,*,#6799,.F.);
#9780=ORIENTED_EDGE('',*,*,#6824,.F.);
#9781=ORIENTED_EDGE('',*,*,#6817,.F.);
#9782=ORIENTED_EDGE('',*,*,#6822,.F.);
#9783=ORIENTED_EDGE('',*,*,#6781,.F.);
#9784=ORIENTED_EDGE('',*,*,#6831,.F.);
#9785=ORIENTED_EDGE('',*,*,#6778,.F.);
#9786=ORIENTED_EDGE('',*,*,#6803,.F.);
#9787=ORIENTED_EDGE('',*,*,#6785,.F.);
#9788=ORIENTED_EDGE('',*,*,#6832,.F.);
#9789=ORIENTED_EDGE('',*,*,#6779,.F.);
#9790=ORIENTED_EDGE('',*,*,#6802,.F.);
#9791=ORIENTED_EDGE('',*,*,#6804,.F.);
#9792=ORIENTED_EDGE('',*,*,#6776,.F.);
#9793=ORIENTED_EDGE('',*,*,#6812,.F.);
#9794=ORIENTED_EDGE('',*,*,#6827,.F.);
#9795=ORIENTED_EDGE('',*,*,#6801,.F.);
#9796=ORIENTED_EDGE('',*,*,#6821,.F.);
#9797=ORIENTED_EDGE('',*,*,#6815,.F.);
#9798=ORIENTED_EDGE('',*,*,#6787,.F.);
#9799=ORIENTED_EDGE('',*,*,#6784,.T.);
#9800=ORIENTED_EDGE('',*,*,#6829,.T.);
#9801=ORIENTED_EDGE('',*,*,#6806,.T.);
#9802=ORIENTED_EDGE('',*,*,#6830,.T.);
#9803=ORIENTED_EDGE('',*,*,#6773,.T.);
#9804=ORIENTED_EDGE('',*,*,#6831,.T.);
#9805=ORIENTED_EDGE('',*,*,#6780,.T.);
#9806=ORIENTED_EDGE('',*,*,#6832,.T.);
#9807=CYLINDRICAL_SURFACE('',#10702,2.1);
#9808=CYLINDRICAL_SURFACE('',#10705,2.1);
#9809=CYLINDRICAL_SURFACE('',#10716,1.35);
#9810=CYLINDRICAL_SURFACE('',#10718,1.35);
#9811=CYLINDRICAL_SURFACE('',#10720,1.35);
#9812=CYLINDRICAL_SURFACE('',#10723,1.35);
#9813=CYLINDRICAL_SURFACE('',#10754,2.1);
#9814=CYLINDRICAL_SURFACE('',#10760,2.1);
#9815=CYLINDRICAL_SURFACE('',#10851,1.1);
#9816=CYLINDRICAL_SURFACE('',#10852,1.1);
#9817=CYLINDRICAL_SURFACE('',#10853,1.1);
#9818=CYLINDRICAL_SURFACE('',#10854,1.1);
#9819=CYLINDRICAL_SURFACE('',#10855,3.1);
#9820=CYLINDRICAL_SURFACE('',#10857,1.9);
#9821=CYLINDRICAL_SURFACE('',#10859,1.9);
#9822=CYLINDRICAL_SURFACE('',#10861,3.1);
#9823=CYLINDRICAL_SURFACE('',#10865,3.1);
#9824=CYLINDRICAL_SURFACE('',#10868,11.3);
#9825=CYLINDRICAL_SURFACE('',#10871,3.1);
#9826=CYLINDRICAL_SURFACE('',#10875,3.09999999999999);
#9827=CYLINDRICAL_SURFACE('',#10878,1.9);
#9828=CYLINDRICAL_SURFACE('',#10882,1.9);
#9829=CYLINDRICAL_SURFACE('',#10886,3.09999999999999);
#9830=CYLINDRICAL_SURFACE('',#10889,3.1);
#9831=CYLINDRICAL_SURFACE('',#10892,11.3);
#9832=CYLINDRICAL_SURFACE('',#10895,3.1);
#9833=CYLINDRICAL_SURFACE('',#10899,1.9);
#9834=CYLINDRICAL_SURFACE('',#10902,1.9);
#9835=CYLINDRICAL_SURFACE('',#10906,1.9);
#9836=CYLINDRICAL_SURFACE('',#10910,1.9);
#9837=CYLINDRICAL_SURFACE('',#10949,0.750000000000001);
#9838=CYLINDRICAL_SURFACE('',#10952,0.750000000000001);
#9839=CYLINDRICAL_SURFACE('',#11025,1.5);
#9840=CYLINDRICAL_SURFACE('',#11027,1.5);
#9841=CYLINDRICAL_SURFACE('',#11032,0.799999999999999);
#9842=CYLINDRICAL_SURFACE('',#11037,0.8);
#9843=CYLINDRICAL_SURFACE('',#11042,0.799999999999999);
#9844=CYLINDRICAL_SURFACE('',#11047,0.8);
#9845=CYLINDRICAL_SURFACE('',#11049,2.55);
#9846=CYLINDRICAL_SURFACE('',#11054,1.5);
#9847=CYLINDRICAL_SURFACE('',#11064,1.24999999999999);
#9848=CYLINDRICAL_SURFACE('',#11069,1.24999999999999);
#9849=CYLINDRICAL_SURFACE('',#11074,1.24999999999999);
#9850=CYLINDRICAL_SURFACE('',#11079,1.24999999999999);
#9851=CYLINDRICAL_SURFACE('',#11096,1.24999999999999);
#9852=CYLINDRICAL_SURFACE('',#11101,1.24999999999999);
#9853=CYLINDRICAL_SURFACE('',#11106,1.24999999999999);
#9854=CYLINDRICAL_SURFACE('',#11111,1.24999999999999);
#9855=CYLINDRICAL_SURFACE('',#11113,1.5);
#9856=CYLINDRICAL_SURFACE('',#11115,1.5);
#9857=CYLINDRICAL_SURFACE('',#11120,1.24999999999999);
#9858=CYLINDRICAL_SURFACE('',#11125,1.24999999999999);
#9859=CYLINDRICAL_SURFACE('',#11130,1.24999999999999);
#9860=CYLINDRICAL_SURFACE('',#11135,1.24999999999999);
#9861=CYLINDRICAL_SURFACE('',#11137,1.5);
#9862=CYLINDRICAL_SURFACE('',#11139,1.5);
#9863=CYLINDRICAL_SURFACE('',#11144,1.24999999999999);
#9864=CYLINDRICAL_SURFACE('',#11149,1.24999999999999);
#9865=CYLINDRICAL_SURFACE('',#11154,1.24999999999999);
#9866=CYLINDRICAL_SURFACE('',#11159,1.24999999999999);
#9867=CYLINDRICAL_SURFACE('',#11161,11.5);
#9868=CYLINDRICAL_SURFACE('',#11196,11.5);
#9869=CYLINDRICAL_SURFACE('',#11200,3.);
#9870=CYLINDRICAL_SURFACE('',#11203,3.);
#9871=CYLINDRICAL_SURFACE('',#11206,3.);
#9872=CYLINDRICAL_SURFACE('',#11209,3.);
#9873=CYLINDRICAL_SURFACE('',#11224,1.5);
#9874=CYLINDRICAL_SURFACE('',#11229,1.5);
#9875=CYLINDRICAL_SURFACE('',#11275,2.);
#9876=CYLINDRICAL_SURFACE('',#11277,2.);
#9877=CYLINDRICAL_SURFACE('',#11279,2.);
#9878=CYLINDRICAL_SURFACE('',#11281,2.);
#9879=CYLINDRICAL_SURFACE('',#11283,2.);
#9880=CYLINDRICAL_SURFACE('',#11285,2.);
#9881=CYLINDRICAL_SURFACE('',#11287,2.);
#9882=CYLINDRICAL_SURFACE('',#11289,2.);
#9883=CYLINDRICAL_SURFACE('',#11293,3.);
#9884=CYLINDRICAL_SURFACE('',#11295,3.);
#9885=CYLINDRICAL_SURFACE('',#11297,3.);
#9886=CYLINDRICAL_SURFACE('',#11299,3.);
#9887=CYLINDRICAL_SURFACE('',#11329,1.5);
#9888=CYLINDRICAL_SURFACE('',#11334,1.5);
#9889=CYLINDRICAL_SURFACE('',#11344,1.5);
#9890=CYLINDRICAL_SURFACE('',#11350,0.75);
#9891=CYLINDRICAL_SURFACE('',#11352,0.75);
#9892=CYLINDRICAL_SURFACE('',#11397,2.5);
#9893=CYLINDRICAL_SURFACE('',#11401,2.);
#9894=CYLINDRICAL_SURFACE('',#11409,1.);
#9895=CYLINDRICAL_SURFACE('',#11412,1.);
#9896=CYLINDRICAL_SURFACE('',#11494,3.20000000000001);
#9897=CYLINDRICAL_SURFACE('',#11497,3.20000000000001);
#9898=CYLINDRICAL_SURFACE('',#11500,3.2);
#9899=CYLINDRICAL_SURFACE('',#11503,3.45);
#9900=CYLINDRICAL_SURFACE('',#11516,0.999999999999997);
#9901=CYLINDRICAL_SURFACE('',#11519,1.);
#9902=CYLINDRICAL_SURFACE('',#11623,3.20000000000001);
#9903=CYLINDRICAL_SURFACE('',#11628,3.20000000000001);
#9904=CYLINDRICAL_SURFACE('',#11633,3.20000000000001);
#9905=CYLINDRICAL_SURFACE('',#11638,3.20000000000001);
#9906=CYLINDRICAL_SURFACE('',#11643,3.20000000000001);
#9907=CYLINDRICAL_SURFACE('',#11645,4.5);
#9908=CYLINDRICAL_SURFACE('',#11655,3.20000000000001);
#9909=CYLINDRICAL_SURFACE('',#11660,3.20000000000001);
#9910=CYLINDRICAL_SURFACE('',#11665,3.20000000000001);
#9911=CYLINDRICAL_SURFACE('',#11670,6.);
#9912=CYLINDRICAL_SURFACE('',#11678,1.);
#9913=CYLINDRICAL_SURFACE('',#11679,1.);
#9914=CYLINDRICAL_SURFACE('',#11682,1.1);
#9915=CYLINDRICAL_SURFACE('',#11685,1.1);
#9916=CYLINDRICAL_SURFACE('',#11688,1.1);
#9917=CYLINDRICAL_SURFACE('',#11691,1.1);
#9918=CYLINDRICAL_SURFACE('',#11744,1.5);
#9919=CYLINDRICAL_SURFACE('',#11745,1.5);
#9920=CYLINDRICAL_SURFACE('',#11746,1.5);
#9921=CYLINDRICAL_SURFACE('',#11747,1.5);
#9922=CYLINDRICAL_SURFACE('',#11748,1.5);
#9923=CYLINDRICAL_SURFACE('',#11749,1.5);
#9924=CYLINDRICAL_SURFACE('',#11750,1.5);
#9925=CYLINDRICAL_SURFACE('',#11751,1.5);
#9926=CYLINDRICAL_SURFACE('',#11752,1.5);
#9927=CYLINDRICAL_SURFACE('',#11753,1.5);
#9928=CYLINDRICAL_SURFACE('',#11754,1.5);
#9929=CYLINDRICAL_SURFACE('',#11755,1.5);
#9930=CYLINDRICAL_SURFACE('',#11756,1.5);
#9931=CYLINDRICAL_SURFACE('',#11757,1.5);
#9932=CYLINDRICAL_SURFACE('',#11758,1.5);
#9933=CYLINDRICAL_SURFACE('',#11759,1.5);
#9934=CYLINDRICAL_SURFACE('',#11769,1.);
#9935=CYLINDRICAL_SURFACE('',#11771,1.6);
#9936=CYLINDRICAL_SURFACE('',#11785,1.);
#9937=CYLINDRICAL_SURFACE('',#11787,1.9);
#9938=CYLINDRICAL_SURFACE('',#11793,1.25);
#9939=CYLINDRICAL_SURFACE('',#11801,1.9);
#9940=CYLINDRICAL_SURFACE('',#11807,1.);
#9941=CYLINDRICAL_SURFACE('',#11810,2.);
#9942=CYLINDRICAL_SURFACE('',#11817,1.);
#9943=CYLINDRICAL_SURFACE('',#11820,1.);
#9944=CYLINDRICAL_SURFACE('',#11846,0.5);
#9945=CYLINDRICAL_SURFACE('',#11847,0.5);
#9946=ADVANCED_FACE('',(#796),#9807,.F.);
#9947=ADVANCED_FACE('',(#797),#9808,.F.);
#9948=ADVANCED_FACE('',(#798),#685,.F.);
#9949=ADVANCED_FACE('',(#799),#686,.F.);
#9950=ADVANCED_FACE('',(#800),#9809,.F.);
#9951=ADVANCED_FACE('',(#801),#9810,.F.);
#9952=ADVANCED_FACE('',(#802),#9811,.F.);
#9953=ADVANCED_FACE('',(#803),#9812,.F.);
#9954=ADVANCED_FACE('',(#804),#366,.F.);
#9955=ADVANCED_FACE('',(#805),#367,.F.);
#9956=ADVANCED_FACE('',(#806),#368,.F.);
#9957=ADVANCED_FACE('',(#807),#369,.F.);
#9958=ADVANCED_FACE('',(#808),#370,.F.);
#9959=ADVANCED_FACE('',(#809),#371,.T.);
#9960=ADVANCED_FACE('',(#810),#372,.T.);
#9961=ADVANCED_FACE('',(#811,#293,#294,#295,#296),#373,.T.);
#9962=ADVANCED_FACE('',(#812),#374,.T.);
#9963=ADVANCED_FACE('',(#813),#375,.T.);
#9964=ADVANCED_FACE('',(#814),#376,.T.);
#9965=ADVANCED_FACE('',(#815),#377,.T.);
#9966=ADVANCED_FACE('',(#816),#378,.T.);
#9967=ADVANCED_FACE('',(#817),#379,.T.);
#9968=ADVANCED_FACE('',(#818),#380,.F.);
#9969=ADVANCED_FACE('',(#819),#381,.F.);
#9970=ADVANCED_FACE('',(#820,#297),#382,.T.);
#9971=ADVANCED_FACE('',(#821),#383,.F.);
#9972=ADVANCED_FACE('',(#822),#384,.F.);
#9973=ADVANCED_FACE('',(#823,#298),#385,.T.);
#9974=ADVANCED_FACE('',(#824),#386,.F.);
#9975=ADVANCED_FACE('',(#825),#387,.F.);
#9976=ADVANCED_FACE('',(#826,#299),#388,.T.);
#9977=ADVANCED_FACE('',(#827),#9813,.F.);
#9978=ADVANCED_FACE('',(#828),#389,.F.);
#9979=ADVANCED_FACE('',(#829),#390,.F.);
#9980=ADVANCED_FACE('',(#830,#300),#391,.T.);
#9981=ADVANCED_FACE('',(#831),#9814,.F.);
#9982=ADVANCED_FACE('',(#832),#392,.F.);
#9983=ADVANCED_FACE('',(#833),#393,.F.);
#9984=ADVANCED_FACE('',(#834),#394,.T.);
#9985=ADVANCED_FACE('',(#835),#395,.F.);
#9986=ADVANCED_FACE('',(#836),#396,.T.);
#9987=ADVANCED_FACE('',(#837),#687,.F.);
#9988=ADVANCED_FACE('',(#838),#397,.T.);
#9989=ADVANCED_FACE('',(#839),#398,.F.);
#9990=ADVANCED_FACE('',(#840),#399,.T.);
#9991=ADVANCED_FACE('',(#841),#400,.T.);
#9992=ADVANCED_FACE('',(#842),#401,.F.);
#9993=ADVANCED_FACE('',(#843),#402,.T.);
#9994=ADVANCED_FACE('',(#844),#688,.F.);
#9995=ADVANCED_FACE('',(#845),#403,.T.);
#9996=ADVANCED_FACE('',(#846),#404,.F.);
#9997=ADVANCED_FACE('',(#847),#405,.T.);
#9998=ADVANCED_FACE('',(#848),#406,.T.);
#9999=ADVANCED_FACE('',(#849),#407,.F.);
#10000=ADVANCED_FACE('',(#850),#408,.T.);
#10001=ADVANCED_FACE('',(#851),#689,.F.);
#10002=ADVANCED_FACE('',(#852),#409,.T.);
#10003=ADVANCED_FACE('',(#853),#410,.F.);
#10004=ADVANCED_FACE('',(#854),#411,.T.);
#10005=ADVANCED_FACE('',(#855),#412,.T.);
#10006=ADVANCED_FACE('',(#856),#413,.F.);
#10007=ADVANCED_FACE('',(#857),#414,.T.);
#10008=ADVANCED_FACE('',(#858),#690,.F.);
#10009=ADVANCED_FACE('',(#859),#415,.T.);
#10010=ADVANCED_FACE('',(#860),#416,.F.);
#10011=ADVANCED_FACE('',(#861),#417,.T.);
#10012=ADVANCED_FACE('',(#862),#418,.T.);
#10013=ADVANCED_FACE('',(#863),#419,.T.);
#10014=ADVANCED_FACE('',(#864),#420,.F.);
#10015=ADVANCED_FACE('',(#865),#421,.F.);
#10016=ADVANCED_FACE('',(#866),#422,.F.);
#10017=ADVANCED_FACE('',(#867),#423,.F.);
#10018=ADVANCED_FACE('',(#868),#691,.F.);
#10019=ADVANCED_FACE('',(#869),#692,.F.);
#10020=ADVANCED_FACE('',(#870),#693,.F.);
#10021=ADVANCED_FACE('',(#871),#694,.F.);
#10022=ADVANCED_FACE('',(#872),#695,.F.);
#10023=ADVANCED_FACE('',(#873),#696,.T.);
#10024=ADVANCED_FACE('',(#874),#697,.T.);
#10025=ADVANCED_FACE('',(#875),#698,.F.);
#10026=ADVANCED_FACE('',(#876),#699,.F.);
#10027=ADVANCED_FACE('',(#877),#700,.F.);
#10028=ADVANCED_FACE('',(#878),#701,.F.);
#10029=ADVANCED_FACE('',(#879),#702,.F.);
#10030=ADVANCED_FACE('',(#880),#703,.F.);
#10031=ADVANCED_FACE('',(#881),#704,.T.);
#10032=ADVANCED_FACE('',(#882),#705,.T.);
#10033=ADVANCED_FACE('',(#883),#706,.F.);
#10034=ADVANCED_FACE('',(#884),#9815,.F.);
#10035=ADVANCED_FACE('',(#885),#9816,.F.);
#10036=ADVANCED_FACE('',(#886),#9817,.F.);
#10037=ADVANCED_FACE('',(#887),#9818,.F.);
#10038=ADVANCED_FACE('',(#888),#9819,.F.);
#10039=ADVANCED_FACE('',(#889),#9820,.T.);
#10040=ADVANCED_FACE('',(#890),#9821,.T.);
#10041=ADVANCED_FACE('',(#891),#9822,.F.);
#10042=ADVANCED_FACE('',(#892),#424,.F.);
#10043=ADVANCED_FACE('',(#893),#425,.F.);
#10044=ADVANCED_FACE('',(#894),#9823,.F.);
#10045=ADVANCED_FACE('',(#895),#9824,.T.);
#10046=ADVANCED_FACE('',(#896),#9825,.F.);
#10047=ADVANCED_FACE('',(#897),#426,.F.);
#10048=ADVANCED_FACE('',(#898),#9826,.F.);
#10049=ADVANCED_FACE('',(#899),#427,.F.);
#10050=ADVANCED_FACE('',(#900),#9827,.T.);
#10051=ADVANCED_FACE('',(#901),#428,.F.);
#10052=ADVANCED_FACE('',(#902),#9828,.T.);
#10053=ADVANCED_FACE('',(#903),#429,.F.);
#10054=ADVANCED_FACE('',(#904),#9829,.F.);
#10055=ADVANCED_FACE('',(#905),#430,.F.);
#10056=ADVANCED_FACE('',(#906),#9830,.F.);
#10057=ADVANCED_FACE('',(#907),#9831,.T.);
#10058=ADVANCED_FACE('',(#908),#9832,.F.);
#10059=ADVANCED_FACE('',(#909),#431,.F.);
#10060=ADVANCED_FACE('',(#910),#9833,.T.);
#10061=ADVANCED_FACE('',(#911),#432,.F.);
#10062=ADVANCED_FACE('',(#912),#9834,.T.);
#10063=ADVANCED_FACE('',(#913),#433,.F.);
#10064=ADVANCED_FACE('',(#914),#9835,.T.);
#10065=ADVANCED_FACE('',(#915),#434,.F.);
#10066=ADVANCED_FACE('',(#916),#9836,.T.);
#10067=ADVANCED_FACE('',(#917,#301,#302,#303,#304),#435,.T.);
#10068=ADVANCED_FACE('',(#918,#305,#306,#307,#308),#436,.F.);
#10069=ADVANCED_FACE('',(#919),#437,.T.);
#10070=ADVANCED_FACE('',(#920),#438,.T.);
#10071=ADVANCED_FACE('',(#921),#439,.T.);
#10072=ADVANCED_FACE('',(#922),#9837,.F.);
#10073=ADVANCED_FACE('',(#923),#9838,.F.);
#10074=ADVANCED_FACE('',(#924),#707,.F.);
#10075=ADVANCED_FACE('',(#925),#440,.F.);
#10076=ADVANCED_FACE('',(#926),#708,.T.);
#10077=ADVANCED_FACE('',(#927),#709,.F.);
#10078=ADVANCED_FACE('',(#928),#441,.F.);
#10079=ADVANCED_FACE('',(#929),#442,.F.);
#10080=ADVANCED_FACE('',(#930),#710,.F.);
#10081=ADVANCED_FACE('',(#931),#711,.T.);
#10082=ADVANCED_FACE('',(#932),#712,.T.);
#10083=ADVANCED_FACE('',(#933),#443,.F.);
#10084=ADVANCED_FACE('',(#934),#444,.F.);
#10085=ADVANCED_FACE('',(#935),#713,.F.);
#10086=ADVANCED_FACE('',(#936),#714,.T.);
#10087=ADVANCED_FACE('',(#937),#445,.T.);
#10088=ADVANCED_FACE('',(#938),#446,.F.);
#10089=ADVANCED_FACE('',(#939),#447,.T.);
#10090=ADVANCED_FACE('',(#940),#715,.T.);
#10091=ADVANCED_FACE('',(#941),#448,.T.);
#10092=ADVANCED_FACE('',(#942),#449,.F.);
#10093=ADVANCED_FACE('',(#943),#716,.F.);
#10094=ADVANCED_FACE('',(#944),#717,.T.);
#10095=ADVANCED_FACE('',(#945),#450,.F.);
#10096=ADVANCED_FACE('',(#946),#718,.F.);
#10097=ADVANCED_FACE('',(#947),#719,.T.);
#10098=ADVANCED_FACE('',(#948),#451,.F.);
#10099=ADVANCED_FACE('',(#949),#452,.F.);
#10100=ADVANCED_FACE('',(#950),#720,.F.);
#10101=ADVANCED_FACE('',(#951),#721,.T.);
#10102=ADVANCED_FACE('',(#952),#722,.F.);
#10103=ADVANCED_FACE('',(#953),#453,.F.);
#10104=ADVANCED_FACE('',(#954),#723,.F.);
#10105=ADVANCED_FACE('',(#955),#724,.T.);
#10106=ADVANCED_FACE('',(#956),#454,.T.);
#10107=ADVANCED_FACE('',(#957),#725,.F.);
#10108=ADVANCED_FACE('',(#958),#455,.T.);
#10109=ADVANCED_FACE('',(#959),#726,.F.);
#10110=ADVANCED_FACE('',(#960),#456,.T.);
#10111=ADVANCED_FACE('',(#961),#727,.T.);
#10112=ADVANCED_FACE('',(#962),#728,.T.);
#10113=ADVANCED_FACE('',(#963),#457,.T.);
#10114=ADVANCED_FACE('',(#964),#458,.T.);
#10115=ADVANCED_FACE('',(#965),#729,.T.);
#10116=ADVANCED_FACE('',(#966),#730,.T.);
#10117=ADVANCED_FACE('',(#967),#459,.T.);
#10118=ADVANCED_FACE('',(#968),#460,.T.);
#10119=ADVANCED_FACE('',(#969),#731,.F.);
#10120=ADVANCED_FACE('',(#970),#461,.F.);
#10121=ADVANCED_FACE('',(#971),#462,.F.);
#10122=ADVANCED_FACE('',(#972),#463,.T.);
#10123=ADVANCED_FACE('',(#973),#464,.F.);
#10124=ADVANCED_FACE('',(#974),#732,.F.);
#10125=ADVANCED_FACE('',(#975),#733,.F.);
#10126=ADVANCED_FACE('',(#976),#734,.T.);
#10127=ADVANCED_FACE('',(#977),#465,.T.);
#10128=ADVANCED_FACE('',(#978),#735,.F.);
#10129=ADVANCED_FACE('',(#979),#736,.T.);
#10130=ADVANCED_FACE('',(#980),#466,.T.);
#10131=ADVANCED_FACE('',(#981),#467,.T.);
#10132=ADVANCED_FACE('',(#982),#737,.F.);
#10133=ADVANCED_FACE('',(#983),#738,.T.);
#10134=ADVANCED_FACE('',(#984),#739,.F.);
#10135=ADVANCED_FACE('',(#985),#740,.F.);
#10136=ADVANCED_FACE('',(#986),#741,.F.);
#10137=ADVANCED_FACE('',(#987),#9839,.F.);
#10138=ADVANCED_FACE('',(#988),#9840,.F.);
#10139=ADVANCED_FACE('',(#989),#742,.F.);
#10140=ADVANCED_FACE('',(#990),#9841,.F.);
#10141=ADVANCED_FACE('',(#991),#743,.F.);
#10142=ADVANCED_FACE('',(#992),#9842,.F.);
#10143=ADVANCED_FACE('',(#993),#744,.F.);
#10144=ADVANCED_FACE('',(#994),#9843,.F.);
#10145=ADVANCED_FACE('',(#995),#745,.F.);
#10146=ADVANCED_FACE('',(#996),#9844,.F.);
#10147=ADVANCED_FACE('',(#997),#9845,.F.);
#10148=ADVANCED_FACE('',(#998),#746,.F.);
#10149=ADVANCED_FACE('',(#999),#9846,.F.);
#10150=ADVANCED_FACE('',(#1000),#747,.F.);
#10151=ADVANCED_FACE('',(#1001),#748,.F.);
#10152=ADVANCED_FACE('',(#1002),#9847,.F.);
#10153=ADVANCED_FACE('',(#1003),#749,.F.);
#10154=ADVANCED_FACE('',(#1004),#9848,.F.);
#10155=ADVANCED_FACE('',(#1005),#750,.F.);
#10156=ADVANCED_FACE('',(#1006),#9849,.F.);
#10157=ADVANCED_FACE('',(#1007),#751,.F.);
#10158=ADVANCED_FACE('',(#1008),#9850,.F.);
#10159=ADVANCED_FACE('',(#1009),#752,.F.);
#10160=ADVANCED_FACE('',(#1010),#753,.F.);
#10161=ADVANCED_FACE('',(#1011),#754,.F.);
#10162=ADVANCED_FACE('',(#1012),#755,.F.);
#10163=ADVANCED_FACE('',(#1013),#756,.F.);
#10164=ADVANCED_FACE('',(#1014),#9851,.F.);
#10165=ADVANCED_FACE('',(#1015),#757,.F.);
#10166=ADVANCED_FACE('',(#1016),#9852,.F.);
#10167=ADVANCED_FACE('',(#1017),#758,.F.);
#10168=ADVANCED_FACE('',(#1018),#9853,.F.);
#10169=ADVANCED_FACE('',(#1019),#759,.F.);
#10170=ADVANCED_FACE('',(#1020),#9854,.F.);
#10171=ADVANCED_FACE('',(#1021),#9855,.F.);
#10172=ADVANCED_FACE('',(#1022),#9856,.F.);
#10173=ADVANCED_FACE('',(#1023),#760,.F.);
#10174=ADVANCED_FACE('',(#1024),#9857,.F.);
#10175=ADVANCED_FACE('',(#1025),#761,.F.);
#10176=ADVANCED_FACE('',(#1026),#9858,.F.);
#10177=ADVANCED_FACE('',(#1027),#762,.F.);
#10178=ADVANCED_FACE('',(#1028),#9859,.F.);
#10179=ADVANCED_FACE('',(#1029),#763,.F.);
#10180=ADVANCED_FACE('',(#1030),#9860,.F.);
#10181=ADVANCED_FACE('',(#1031),#9861,.F.);
#10182=ADVANCED_FACE('',(#1032),#9862,.F.);
#10183=ADVANCED_FACE('',(#1033),#764,.F.);
#10184=ADVANCED_FACE('',(#1034),#9863,.F.);
#10185=ADVANCED_FACE('',(#1035),#765,.F.);
#10186=ADVANCED_FACE('',(#1036),#9864,.F.);
#10187=ADVANCED_FACE('',(#1037),#766,.F.);
#10188=ADVANCED_FACE('',(#1038),#9865,.F.);
#10189=ADVANCED_FACE('',(#1039),#767,.F.);
#10190=ADVANCED_FACE('',(#1040),#9866,.F.);
#10191=ADVANCED_FACE('',(#1041),#9867,.F.);
#10192=ADVANCED_FACE('',(#1042),#468,.T.);
#10193=ADVANCED_FACE('',(#1043),#469,.T.);
#10194=ADVANCED_FACE('',(#1044),#768,.F.);
#10195=ADVANCED_FACE('',(#1045,#309,#310,#311),#470,.F.);
#10196=ADVANCED_FACE('',(#1046),#471,.F.);
#10197=ADVANCED_FACE('',(#1047),#472,.F.);
#10198=ADVANCED_FACE('',(#1048,#312,#313,#314),#473,.F.);
#10199=ADVANCED_FACE('',(#1049,#315,#316,#317,#318,#319,#320),#474,.F.);
#10200=ADVANCED_FACE('',(#1050),#475,.F.);
#10201=ADVANCED_FACE('',(#1051),#9868,.F.);
#10202=ADVANCED_FACE('',(#1052),#476,.T.);
#10203=ADVANCED_FACE('',(#1053),#477,.T.);
#10204=ADVANCED_FACE('',(#1054),#9869,.T.);
#10205=ADVANCED_FACE('',(#1055),#9870,.T.);
#10206=ADVANCED_FACE('',(#1056),#9871,.T.);
#10207=ADVANCED_FACE('',(#1057),#9872,.T.);
#10208=ADVANCED_FACE('',(#1058,#321),#478,.T.);
#10209=ADVANCED_FACE('',(#1059,#322,#323,#324,#325,#326),#479,.F.);
#10210=ADVANCED_FACE('',(#1060,#327,#328,#329),#480,.F.);
#10211=ADVANCED_FACE('',(#1061),#481,.F.);
#10212=ADVANCED_FACE('',(#1062),#482,.F.);
#10213=ADVANCED_FACE('',(#1063,#330,#331,#332),#483,.F.);
#10214=ADVANCED_FACE('',(#1064,#333,#334,#335),#484,.F.);
#10215=ADVANCED_FACE('',(#1065),#485,.F.);
#10216=ADVANCED_FACE('',(#1066),#486,.F.);
#10217=ADVANCED_FACE('',(#1067,#336,#337,#338),#487,.F.);
#10218=ADVANCED_FACE('',(#1068),#9873,.F.);
#10219=ADVANCED_FACE('',(#1069),#488,.F.);
#10220=ADVANCED_FACE('',(#1070),#489,.F.);
#10221=ADVANCED_FACE('',(#1071),#9874,.F.);
#10222=ADVANCED_FACE('',(#1072),#490,.F.);
#10223=ADVANCED_FACE('',(#1073),#491,.F.);
#10224=ADVANCED_FACE('',(#1074),#492,.T.);
#10225=ADVANCED_FACE('',(#1075),#493,.T.);
#10226=ADVANCED_FACE('',(#1076),#494,.T.);
#10227=ADVANCED_FACE('',(#1077),#495,.T.);
#10228=ADVANCED_FACE('',(#1078),#496,.T.);
#10229=ADVANCED_FACE('',(#1079),#497,.T.);
#10230=ADVANCED_FACE('',(#1080),#498,.F.);
#10231=ADVANCED_FACE('',(#1081),#499,.T.);
#10232=ADVANCED_FACE('',(#1082),#500,.F.);
#10233=ADVANCED_FACE('',(#1083),#501,.F.);
#10234=ADVANCED_FACE('',(#1084),#502,.T.);
#10235=ADVANCED_FACE('',(#1085),#503,.T.);
#10236=ADVANCED_FACE('',(#1086),#504,.F.);
#10237=ADVANCED_FACE('',(#1087),#505,.T.);
#10238=ADVANCED_FACE('',(#1088),#506,.F.);
#10239=ADVANCED_FACE('',(#1089),#769,.F.);
#10240=ADVANCED_FACE('',(#1090),#507,.F.);
#10241=ADVANCED_FACE('',(#1091),#770,.F.);
#10242=ADVANCED_FACE('',(#1092),#508,.F.);
#10243=ADVANCED_FACE('',(#1093),#509,.F.);
#10244=ADVANCED_FACE('',(#1094),#510,.T.);
#10245=ADVANCED_FACE('',(#1095),#511,.F.);
#10246=ADVANCED_FACE('',(#1096),#512,.F.);
#10247=ADVANCED_FACE('',(#1097),#513,.F.);
#10248=ADVANCED_FACE('',(#1098),#514,.F.);
#10249=ADVANCED_FACE('',(#1099),#515,.F.);
#10250=ADVANCED_FACE('',(#1100),#516,.F.);
#10251=ADVANCED_FACE('',(#1101),#9875,.F.);
#10252=ADVANCED_FACE('',(#1102),#9876,.F.);
#10253=ADVANCED_FACE('',(#1103),#9877,.F.);
#10254=ADVANCED_FACE('',(#1104),#9878,.F.);
#10255=ADVANCED_FACE('',(#1105),#9879,.F.);
#10256=ADVANCED_FACE('',(#1106),#9880,.F.);
#10257=ADVANCED_FACE('',(#1107),#9881,.F.);
#10258=ADVANCED_FACE('',(#1108),#9882,.F.);
#10259=ADVANCED_FACE('',(#1109),#517,.F.);
#10260=ADVANCED_FACE('',(#1110),#518,.F.);
#10261=ADVANCED_FACE('',(#1111),#9883,.T.);
#10262=ADVANCED_FACE('',(#1112),#9884,.T.);
#10263=ADVANCED_FACE('',(#1113),#9885,.T.);
#10264=ADVANCED_FACE('',(#1114),#9886,.T.);
#10265=ADVANCED_FACE('',(#1115),#771,.F.);
#10266=ADVANCED_FACE('',(#1116),#519,.F.);
#10267=ADVANCED_FACE('',(#1117),#520,.F.);
#10268=ADVANCED_FACE('',(#1118),#772,.F.);
#10269=ADVANCED_FACE('',(#1119),#773,.F.);
#10270=ADVANCED_FACE('',(#1120),#521,.F.);
#10271=ADVANCED_FACE('',(#1121),#774,.T.);
#10272=ADVANCED_FACE('',(#1122),#775,.F.);
#10273=ADVANCED_FACE('',(#1123),#522,.T.);
#10274=ADVANCED_FACE('',(#1124),#776,.T.);
#10275=ADVANCED_FACE('',(#1125),#777,.T.);
#10276=ADVANCED_FACE('',(#1126),#523,.T.);
#10277=ADVANCED_FACE('',(#1127),#778,.T.);
#10278=ADVANCED_FACE('',(#1128),#779,.T.);
#10279=ADVANCED_FACE('',(#1129),#780,.F.);
#10280=ADVANCED_FACE('',(#1130),#524,.T.);
#10281=ADVANCED_FACE('',(#1131),#781,.T.);
#10282=ADVANCED_FACE('',(#1132),#782,.T.);
#10283=ADVANCED_FACE('',(#1133),#525,.T.);
#10284=ADVANCED_FACE('',(#1134),#783,.F.);
#10285=ADVANCED_FACE('',(#1135),#784,.T.);
#10286=ADVANCED_FACE('',(#1136),#526,.F.);
#10287=ADVANCED_FACE('',(#1137),#785,.F.);
#10288=ADVANCED_FACE('',(#1138),#786,.F.);
#10289=ADVANCED_FACE('',(#1139),#527,.F.);
#10290=ADVANCED_FACE('',(#1140),#528,.F.);
#10291=ADVANCED_FACE('',(#1141),#787,.F.);
#10292=ADVANCED_FACE('',(#1142),#529,.F.);
#10293=ADVANCED_FACE('',(#1143),#9887,.F.);
#10294=ADVANCED_FACE('',(#1144),#530,.T.);
#10295=ADVANCED_FACE('',(#1145),#9888,.F.);
#10296=ADVANCED_FACE('',(#1146),#531,.T.);
#10297=ADVANCED_FACE('',(#1147),#532,.T.);
#10298=ADVANCED_FACE('',(#1148),#788,.F.);
#10299=ADVANCED_FACE('',(#1149),#533,.F.);
#10300=ADVANCED_FACE('',(#1150),#534,.T.);
#10301=ADVANCED_FACE('',(#1151),#789,.F.);
#10302=ADVANCED_FACE('',(#1152),#9889,.F.);
#10303=ADVANCED_FACE('',(#1153),#535,.T.);
#10304=ADVANCED_FACE('',(#1154),#536,.T.);
#10305=ADVANCED_FACE('',(#1155),#537,.F.);
#10306=ADVANCED_FACE('',(#1156),#9890,.T.);
#10307=ADVANCED_FACE('',(#1157),#9891,.T.);
#10308=ADVANCED_FACE('',(#1158),#538,.F.);
#10309=ADVANCED_FACE('',(#1159),#539,.F.);
#10310=ADVANCED_FACE('',(#1160),#540,.T.);
#10311=ADVANCED_FACE('',(#1161),#790,.F.);
#10312=ADVANCED_FACE('',(#1162),#541,.T.);
#10313=ADVANCED_FACE('',(#1163),#542,.T.);
#10314=ADVANCED_FACE('',(#1164),#543,.T.);
#10315=ADVANCED_FACE('',(#1165),#791,.T.);
#10316=ADVANCED_FACE('',(#1166),#792,.T.);
#10317=ADVANCED_FACE('',(#1167),#544,.T.);
#10318=ADVANCED_FACE('',(#1168),#545,.T.);
#10319=ADVANCED_FACE('',(#1169),#546,.T.);
#10320=ADVANCED_FACE('',(#1170),#547,.T.);
#10321=ADVANCED_FACE('',(#1171),#548,.T.);
#10322=ADVANCED_FACE('',(#1172),#549,.T.);
#10323=ADVANCED_FACE('',(#1173),#550,.T.);
#10324=ADVANCED_FACE('',(#1174),#551,.T.);
#10325=ADVANCED_FACE('',(#1175),#552,.T.);
#10326=ADVANCED_FACE('',(#1176),#553,.T.);
#10327=ADVANCED_FACE('',(#1177),#554,.T.);
#10328=ADVANCED_FACE('',(#1178),#555,.T.);
#10329=ADVANCED_FACE('',(#1179),#556,.T.);
#10330=ADVANCED_FACE('',(#1180),#557,.T.);
#10331=ADVANCED_FACE('',(#1181),#558,.T.);
#10332=ADVANCED_FACE('',(#1182),#559,.T.);
#10333=ADVANCED_FACE('',(#1183),#560,.T.);
#10334=ADVANCED_FACE('',(#1184),#561,.T.);
#10335=ADVANCED_FACE('',(#1185),#562,.T.);
#10336=ADVANCED_FACE('',(#1186),#563,.T.);
#10337=ADVANCED_FACE('',(#1187),#564,.T.);
#10338=ADVANCED_FACE('',(#1188),#565,.F.);
#10339=ADVANCED_FACE('',(#1189),#566,.F.);
#10340=ADVANCED_FACE('',(#1190),#567,.F.);
#10341=ADVANCED_FACE('',(#1191),#568,.F.);
#10342=ADVANCED_FACE('',(#1192),#569,.F.);
#10343=ADVANCED_FACE('',(#1193),#570,.F.);
#10344=ADVANCED_FACE('',(#1194),#571,.F.);
#10345=ADVANCED_FACE('',(#1195),#572,.F.);
#10346=ADVANCED_FACE('',(#1196),#573,.F.);
#10347=ADVANCED_FACE('',(#1197),#574,.F.);
#10348=ADVANCED_FACE('',(#1198),#575,.F.);
#10349=ADVANCED_FACE('',(#1199),#576,.F.);
#10350=ADVANCED_FACE('',(#1200),#9892,.T.);
#10351=ADVANCED_FACE('',(#1201),#9893,.T.);
#10352=ADVANCED_FACE('',(#1202),#577,.F.);
#10353=ADVANCED_FACE('',(#1203),#247,.T.);
#10354=ADVANCED_FACE('',(#1204,#339),#578,.F.);
#10355=ADVANCED_FACE('',(#1205),#9894,.T.);
#10356=ADVANCED_FACE('',(#1206),#9895,.T.);
#10357=ADVANCED_FACE('',(#1207,#340,#341,#342,#343,#344,#345,#346,#347),
#793,.T.);
#10358=ADVANCED_FACE('',(#1208),#221,.T.);
#10359=ADVANCED_FACE('',(#1209),#222,.T.);
#10360=ADVANCED_FACE('',(#1210),#223,.T.);
#10361=ADVANCED_FACE('',(#1211),#224,.T.);
#10362=ADVANCED_FACE('',(#1212),#225,.T.);
#10363=ADVANCED_FACE('',(#1213),#226,.T.);
#10364=ADVANCED_FACE('',(#1214),#227,.T.);
#10365=ADVANCED_FACE('',(#1215),#9896,.T.);
#10366=ADVANCED_FACE('',(#1216),#9897,.T.);
#10367=ADVANCED_FACE('',(#1217),#9898,.T.);
#10368=ADVANCED_FACE('',(#1218),#9899,.T.);
#10369=ADVANCED_FACE('',(#1219),#579,.T.);
#10370=ADVANCED_FACE('',(#1220),#580,.F.);
#10371=ADVANCED_FACE('',(#1221),#581,.F.);
#10372=ADVANCED_FACE('',(#1222),#9900,.T.);
#10373=ADVANCED_FACE('',(#1223),#9901,.T.);
#10374=ADVANCED_FACE('',(#1224),#582,.F.);
#10375=ADVANCED_FACE('',(#1225),#583,.T.);
#10376=ADVANCED_FACE('',(#1226),#584,.T.);
#10377=ADVANCED_FACE('',(#1227),#585,.T.);
#10378=ADVANCED_FACE('',(#1228,#348),#586,.F.);
#10379=ADVANCED_FACE('',(#1229),#228,.T.);
#10380=ADVANCED_FACE('',(#1230),#229,.T.);
#10381=ADVANCED_FACE('',(#1231),#107,.T.);
#10382=ADVANCED_FACE('',(#1232),#230,.T.);
#10383=ADVANCED_FACE('',(#1233),#108,.T.);
#10384=ADVANCED_FACE('',(#1234),#109,.T.);
#10385=ADVANCED_FACE('',(#1235),#110,.T.);
#10386=ADVANCED_FACE('',(#1236),#231,.T.);
#10387=ADVANCED_FACE('',(#1237),#111,.T.);
#10388=ADVANCED_FACE('',(#1238),#232,.T.);
#10389=ADVANCED_FACE('',(#1239),#112,.T.);
#10390=ADVANCED_FACE('',(#1240),#233,.T.);
#10391=ADVANCED_FACE('',(#1241),#113,.T.);
#10392=ADVANCED_FACE('',(#1242),#114,.T.);
#10393=ADVANCED_FACE('',(#1243),#234,.T.);
#10394=ADVANCED_FACE('',(#1244),#115,.T.);
#10395=ADVANCED_FACE('',(#1245),#116,.T.);
#10396=ADVANCED_FACE('',(#1246),#235,.T.);
#10397=ADVANCED_FACE('',(#1247),#236,.T.);
#10398=ADVANCED_FACE('',(#1248),#117,.T.);
#10399=ADVANCED_FACE('',(#1249),#118,.T.);
#10400=ADVANCED_FACE('',(#1250),#119,.T.);
#10401=ADVANCED_FACE('',(#1251),#237,.T.);
#10402=ADVANCED_FACE('',(#1252),#120,.T.);
#10403=ADVANCED_FACE('',(#1253),#121,.T.);
#10404=ADVANCED_FACE('',(#1254),#122,.T.);
#10405=ADVANCED_FACE('',(#1255),#123,.T.);
#10406=ADVANCED_FACE('',(#1256),#124,.T.);
#10407=ADVANCED_FACE('',(#1257),#238,.T.);
#10408=ADVANCED_FACE('',(#1258),#125,.T.);
#10409=ADVANCED_FACE('',(#1259),#126,.T.);
#10410=ADVANCED_FACE('',(#1260),#239,.T.);
#10411=ADVANCED_FACE('',(#1261),#127,.T.);
#10412=ADVANCED_FACE('',(#1262),#128,.T.);
#10413=ADVANCED_FACE('',(#1263),#129,.T.);
#10414=ADVANCED_FACE('',(#1264),#130,.T.);
#10415=ADVANCED_FACE('',(#1265),#240,.T.);
#10416=ADVANCED_FACE('',(#1266),#131,.T.);
#10417=ADVANCED_FACE('',(#1267),#587,.F.);
#10418=ADVANCED_FACE('',(#1268),#241,.T.);
#10419=ADVANCED_FACE('',(#1269),#588,.F.);
#10420=ADVANCED_FACE('',(#1270),#589,.F.);
#10421=ADVANCED_FACE('',(#1271),#590,.F.);
#10422=ADVANCED_FACE('',(#1272),#591,.F.);
#10423=ADVANCED_FACE('',(#1273),#592,.F.);
#10424=ADVANCED_FACE('',(#1274),#242,.T.);
#10425=ADVANCED_FACE('',(#1275),#593,.F.);
#10426=ADVANCED_FACE('',(#1276),#594,.F.);
#10427=ADVANCED_FACE('',(#1277),#595,.F.);
#10428=ADVANCED_FACE('',(#1278),#243,.T.);
#10429=ADVANCED_FACE('',(#1279),#596,.F.);
#10430=ADVANCED_FACE('',(#1280),#597,.F.);
#10431=ADVANCED_FACE('',(#1281),#598,.T.);
#10432=ADVANCED_FACE('',(#1282),#9902,.T.);
#10433=ADVANCED_FACE('',(#1283),#599,.T.);
#10434=ADVANCED_FACE('',(#1284),#600,.F.);
#10435=ADVANCED_FACE('',(#1285),#601,.T.);
#10436=ADVANCED_FACE('',(#1286),#9903,.T.);
#10437=ADVANCED_FACE('',(#1287),#602,.T.);
#10438=ADVANCED_FACE('',(#1288),#603,.F.);
#10439=ADVANCED_FACE('',(#1289),#604,.T.);
#10440=ADVANCED_FACE('',(#1290),#9904,.T.);
#10441=ADVANCED_FACE('',(#1291),#605,.T.);
#10442=ADVANCED_FACE('',(#1292),#606,.F.);
#10443=ADVANCED_FACE('',(#1293),#607,.F.);
#10444=ADVANCED_FACE('',(#1294),#9905,.T.);
#10445=ADVANCED_FACE('',(#1295),#608,.F.);
#10446=ADVANCED_FACE('',(#1296),#609,.F.);
#10447=ADVANCED_FACE('',(#1297),#610,.F.);
#10448=ADVANCED_FACE('',(#1298),#9906,.T.);
#10449=ADVANCED_FACE('',(#1299),#611,.F.);
#10450=ADVANCED_FACE('',(#1300),#9907,.T.);
#10451=ADVANCED_FACE('',(#1301),#612,.F.);
#10452=ADVANCED_FACE('',(#1302),#613,.F.);
#10453=ADVANCED_FACE('',(#1303),#614,.F.);
#10454=ADVANCED_FACE('',(#1304),#615,.F.);
#10455=ADVANCED_FACE('',(#1305),#616,.F.);
#10456=ADVANCED_FACE('',(#1306),#617,.F.);
#10457=ADVANCED_FACE('',(#1307),#618,.F.);
#10458=ADVANCED_FACE('',(#1308),#619,.F.);
#10459=ADVANCED_FACE('',(#1309),#9908,.T.);
#10460=ADVANCED_FACE('',(#1310),#620,.F.);
#10461=ADVANCED_FACE('',(#1311),#621,.F.);
#10462=ADVANCED_FACE('',(#1312),#622,.F.);
#10463=ADVANCED_FACE('',(#1313),#9909,.T.);
#10464=ADVANCED_FACE('',(#1314),#623,.F.);
#10465=ADVANCED_FACE('',(#1315),#624,.F.);
#10466=ADVANCED_FACE('',(#1316),#625,.F.);
#10467=ADVANCED_FACE('',(#1317),#9910,.T.);
#10468=ADVANCED_FACE('',(#1318),#626,.F.);
#10469=ADVANCED_FACE('',(#1319,#349),#627,.T.);
#10470=ADVANCED_FACE('',(#1320),#628,.T.);
#10471=ADVANCED_FACE('',(#1321),#9911,.T.);
#10472=ADVANCED_FACE('',(#1322),#629,.T.);
#10473=ADVANCED_FACE('',(#1323),#630,.F.);
#10474=ADVANCED_FACE('',(#1324),#631,.F.);
#10475=ADVANCED_FACE('',(#1325),#632,.T.);
#10476=ADVANCED_FACE('',(#1326),#633,.F.);
#10477=ADVANCED_FACE('',(#1327),#9912,.T.);
#10478=ADVANCED_FACE('',(#1328),#9913,.T.);
#10479=ADVANCED_FACE('',(#1329),#634,.T.);
#10480=ADVANCED_FACE('',(#1330),#9914,.F.);
#10481=ADVANCED_FACE('',(#1331),#9915,.F.);
#10482=ADVANCED_FACE('',(#1332),#9916,.F.);
#10483=ADVANCED_FACE('',(#1333),#9917,.F.);
#10484=ADVANCED_FACE('',(#1334),#635,.F.);
#10485=ADVANCED_FACE('',(#1335),#636,.F.);
#10486=ADVANCED_FACE('',(#1336),#637,.F.);
#10487=ADVANCED_FACE('',(#1337),#638,.F.);
#10488=ADVANCED_FACE('',(#1338),#639,.T.);
#10489=ADVANCED_FACE('',(#1339,#350,#351,#352,#353),#640,.F.);
#10490=ADVANCED_FACE('',(#1340),#641,.F.);
#10491=ADVANCED_FACE('',(#1341),#642,.F.);
#10492=ADVANCED_FACE('',(#1342,#354),#643,.T.);
#10493=ADVANCED_FACE('',(#1343),#644,.F.);
#10494=ADVANCED_FACE('',(#1344),#645,.F.);
#10495=ADVANCED_FACE('',(#1345,#355),#646,.T.);
#10496=ADVANCED_FACE('',(#1346),#647,.F.);
#10497=ADVANCED_FACE('',(#1347),#648,.F.);
#10498=ADVANCED_FACE('',(#1348,#356),#649,.F.);
#10499=ADVANCED_FACE('',(#1349),#650,.F.);
#10500=ADVANCED_FACE('',(#1350),#651,.F.);
#10501=ADVANCED_FACE('',(#1351,#357),#652,.F.);
#10502=ADVANCED_FACE('',(#1352),#9918,.T.);
#10503=ADVANCED_FACE('',(#1353),#9919,.T.);
#10504=ADVANCED_FACE('',(#1354),#9920,.F.);
#10505=ADVANCED_FACE('',(#1355),#9921,.T.);
#10506=ADVANCED_FACE('',(#1356),#9922,.F.);
#10507=ADVANCED_FACE('',(#1357),#9923,.T.);
#10508=ADVANCED_FACE('',(#1358),#9924,.T.);
#10509=ADVANCED_FACE('',(#1359),#9925,.F.);
#10510=ADVANCED_FACE('',(#1360),#9926,.T.);
#10511=ADVANCED_FACE('',(#1361),#9927,.T.);
#10512=ADVANCED_FACE('',(#1362),#9928,.F.);
#10513=ADVANCED_FACE('',(#1363),#9929,.T.);
#10514=ADVANCED_FACE('',(#1364),#9930,.T.);
#10515=ADVANCED_FACE('',(#1365),#9931,.T.);
#10516=ADVANCED_FACE('',(#1366),#9932,.T.);
#10517=ADVANCED_FACE('',(#1367),#9933,.T.);
#10518=ADVANCED_FACE('',(#1368),#794,.T.);
#10519=ADVANCED_FACE('',(#1369),#244,.T.);
#10520=ADVANCED_FACE('',(#1370),#9934,.T.);
#10521=ADVANCED_FACE('',(#1371),#9935,.T.);
#10522=ADVANCED_FACE('',(#1372,#358),#653,.T.);
#10523=ADVANCED_FACE('',(#1373),#654,.F.);
#10524=ADVANCED_FACE('',(#1374),#655,.T.);
#10525=ADVANCED_FACE('',(#1375),#795,.T.);
#10526=ADVANCED_FACE('',(#1376),#245,.T.);
#10527=ADVANCED_FACE('',(#1377),#9936,.T.);
#10528=ADVANCED_FACE('',(#1378),#9937,.T.);
#10529=ADVANCED_FACE('',(#1379,#359),#656,.T.);
#10530=ADVANCED_FACE('',(#1380),#657,.F.);
#10531=ADVANCED_FACE('',(#1381),#658,.T.);
#10532=ADVANCED_FACE('',(#1382),#9938,.T.);
#10533=ADVANCED_FACE('',(#1383),#246,.T.);
#10534=ADVANCED_FACE('',(#1384),#9939,.T.);
#10535=ADVANCED_FACE('',(#1385),#659,.T.);
#10536=ADVANCED_FACE('',(#1386,#360),#660,.F.);
#10537=ADVANCED_FACE('',(#1387),#661,.T.);
#10538=ADVANCED_FACE('',(#1388),#9940,.T.);
#10539=ADVANCED_FACE('',(#1389),#9941,.T.);
#10540=ADVANCED_FACE('',(#1390,#361),#662,.T.);
#10541=ADVANCED_FACE('',(#1391),#663,.F.);
#10542=ADVANCED_FACE('',(#1392),#664,.T.);
#10543=ADVANCED_FACE('',(#1393),#9942,.F.);
#10544=ADVANCED_FACE('',(#1394),#9943,.F.);
#10545=ADVANCED_FACE('',(#1395),#665,.F.);
#10546=ADVANCED_FACE('',(#1396),#666,.F.);
#10547=ADVANCED_FACE('',(#1397),#667,.F.);
#10548=ADVANCED_FACE('',(#1398),#668,.F.);
#10549=ADVANCED_FACE('',(#1399,#362,#363),#669,.T.);
#10550=ADVANCED_FACE('',(#1400),#670,.F.);
#10551=ADVANCED_FACE('',(#1401,#364,#365),#671,.F.);
#10552=ADVANCED_FACE('',(#1402),#672,.T.);
#10553=ADVANCED_FACE('',(#1403),#673,.T.);
#10554=ADVANCED_FACE('',(#1404),#674,.T.);
#10555=ADVANCED_FACE('',(#1405),#675,.T.);
#10556=ADVANCED_FACE('',(#1406),#676,.F.);
#10557=ADVANCED_FACE('',(#1407),#677,.F.);
#10558=ADVANCED_FACE('',(#1408),#678,.F.);
#10559=ADVANCED_FACE('',(#1409),#679,.T.);
#10560=ADVANCED_FACE('',(#1410),#680,.T.);
#10561=ADVANCED_FACE('',(#1411),#681,.F.);
#10562=ADVANCED_FACE('',(#1412),#682,.F.);
#10563=ADVANCED_FACE('',(#1413),#683,.F.);
#10564=ADVANCED_FACE('',(#1414),#9944,.F.);
#10565=ADVANCED_FACE('',(#1415),#9945,.F.);
#10566=ADVANCED_FACE('',(#1416),#684,.T.);
#10567=CLOSED_SHELL('',(#9946,#9947,#9948,#9949,#9950,#9951,#9952,#9953,
#9954,#9955,#9956,#9957,#9958,#9959,#9960,#9961,#9962,#9963,#9964,#9965,
#9966,#9967,#9968,#9969,#9970,#9971,#9972,#9973,#9974,#9975,#9976,#9977,
#9978,#9979,#9980,#9981,#9982,#9983,#9984,#9985,#9986,#9987,#9988,#9989,
#9990,#9991,#9992,#9993,#9994,#9995,#9996,#9997,#9998,#9999,#10000,#10001,
#10002,#10003,#10004,#10005,#10006,#10007,#10008,#10009,#10010,#10011,#10012,
#10013,#10014,#10015,#10016,#10017));
#10568=CLOSED_SHELL('',(#10018,#10019,#10020,#10021,#10022,#10023,#10024,
#10025,#10026,#10027,#10028,#10029,#10030,#10031,#10032,#10033,#10034,#10035,
#10036,#10037,#10038,#10039,#10040,#10041,#10042,#10043,#10044,#10045,#10046,
#10047,#10048,#10049,#10050,#10051,#10052,#10053,#10054,#10055,#10056,#10057,
#10058,#10059,#10060,#10061,#10062,#10063,#10064,#10065,#10066,#10067,#10068,
#10069,#10070,#10071,#10072,#10073,#10074,#10075,#10076,#10077,#10078,#10079,
#10080,#10081,#10082,#10083,#10084,#10085,#10086,#10087,#10088,#10089,#10090,
#10091,#10092,#10093,#10094,#10095,#10096,#10097,#10098,#10099,#10100,#10101,
#10102,#10103,#10104,#10105,#10106,#10107,#10108,#10109,#10110,#10111,#10112,
#10113,#10114,#10115,#10116,#10117,#10118,#10119,#10120,#10121,#10122,#10123,
#10124,#10125,#10126,#10127,#10128,#10129,#10130,#10131,#10132,#10133));
#10569=CLOSED_SHELL('',(#10134,#10135,#10136,#10137,#10138,#10139,#10140,
#10141,#10142,#10143,#10144,#10145,#10146,#10147,#10148,#10149,#10150,#10151,
#10152,#10153,#10154,#10155,#10156,#10157,#10158,#10159,#10160,#10161,#10162,
#10163,#10164,#10165,#10166,#10167,#10168,#10169,#10170,#10171,#10172,#10173,
#10174,#10175,#10176,#10177,#10178,#10179,#10180,#10181,#10182,#10183,#10184,
#10185,#10186,#10187,#10188,#10189,#10190,#10191,#10192,#10193,#10194,#10195,
#10196,#10197,#10198,#10199,#10200,#10201,#10202,#10203,#10204,#10205,#10206,
#10207,#10208,#10209,#10210,#10211,#10212,#10213,#10214,#10215,#10216,#10217,
#10218,#10219,#10220,#10221,#10222,#10223,#10224,#10225,#10226,#10227,#10228,
#10229,#10230,#10231,#10232,#10233,#10234,#10235,#10236,#10237,#10238,#10239,
#10240,#10241,#10242,#10243,#10244,#10245,#10246,#10247,#10248,#10249,#10250,
#10251,#10252,#10253,#10254,#10255,#10256,#10257,#10258,#10259,#10260,#10261,
#10262,#10263,#10264,#10265,#10266,#10267,#10268,#10269,#10270,#10271,#10272,
#10273,#10274,#10275,#10276,#10277,#10278,#10279,#10280,#10281,#10282,#10283,
#10284,#10285,#10286,#10287,#10288,#10289,#10290,#10291,#10292,#10293,#10294,
#10295,#10296,#10297,#10298,#10299,#10300,#10301,#10302,#10303,#10304,#10305,
#10306,#10307,#10308,#10309,#10310,#10311,#10312,#10313,#10314,#10315,#10316,
#10317,#10318,#10319,#10320,#10321,#10322,#10323,#10324,#10325,#10326,#10327,
#10328,#10329,#10330,#10331,#10332,#10333,#10334,#10335,#10336,#10337,#10338,
#10339,#10340,#10341,#10342,#10343,#10344,#10345,#10346,#10347,#10348,#10349));
#10570=CLOSED_SHELL('',(#10350,#10351,#10352,#10353,#10354));
#10571=CLOSED_SHELL('',(#10355,#10356,#10357,#10358,#10359,#10360,#10361,
#10362,#10363,#10364,#10365,#10366,#10367,#10368,#10369,#10370,#10371,#10372,
#10373,#10374,#10375,#10376,#10377,#10378,#10379,#10380,#10381,#10382,#10383,
#10384,#10385,#10386,#10387,#10388,#10389,#10390,#10391,#10392,#10393,#10394,
#10395,#10396,#10397,#10398,#10399,#10400,#10401,#10402,#10403,#10404,#10405,
#10406,#10407,#10408,#10409,#10410,#10411,#10412,#10413,#10414,#10415,#10416,
#10417,#10418,#10419,#10420,#10421,#10422,#10423,#10424,#10425,#10426,#10427,
#10428,#10429,#10430,#10431,#10432,#10433,#10434,#10435,#10436,#10437,#10438,
#10439,#10440,#10441,#10442,#10443,#10444,#10445,#10446,#10447,#10448,#10449,
#10450,#10451,#10452,#10453,#10454,#10455,#10456,#10457,#10458,#10459,#10460,
#10461,#10462,#10463,#10464,#10465,#10466,#10467,#10468,#10469,#10470,#10471,
#10472,#10473,#10474,#10475,#10476,#10477,#10478,#10479));
#10572=CLOSED_SHELL('',(#10480,#10481,#10482,#10483,#10484,#10485,#10486,
#10487,#10488,#10489,#10490,#10491,#10492,#10493,#10494,#10495,#10496,#10497,
#10498,#10499,#10500,#10501,#10502,#10503,#10504,#10505,#10506,#10507,#10508,
#10509,#10510,#10511,#10512,#10513,#10514,#10515,#10516,#10517));
#10573=CLOSED_SHELL('',(#10518,#10519,#10520,#10521,#10522,#10523,#10524));
#10574=CLOSED_SHELL('',(#10525,#10526,#10527,#10528,#10529,#10530,#10531));
#10575=CLOSED_SHELL('',(#10532,#10533,#10534,#10535,#10536,#10537));
#10576=CLOSED_SHELL('',(#10538,#10539,#10540,#10541,#10542));
#10577=CLOSED_SHELL('',(#10543,#10544,#10545,#10546,#10547,#10548,#10549,
#10550,#10551,#10552,#10553,#10554,#10555,#10556,#10557,#10558,#10559,#10560,
#10561,#10562,#10563,#10564,#10565,#10566));
#10578=DERIVED_UNIT_ELEMENT(#10600,1.);
#10579=DERIVED_UNIT_ELEMENT(#19041,-3.);
#10580=DERIVED_UNIT_ELEMENT(#10600,1.);
#10581=DERIVED_UNIT_ELEMENT(#19041,-3.);
#10582=DERIVED_UNIT_ELEMENT(#10600,1.);
#10583=DERIVED_UNIT_ELEMENT(#19041,-3.);
#10584=DERIVED_UNIT_ELEMENT(#10600,1.);
#10585=DERIVED_UNIT_ELEMENT(#19041,-3.);
#10586=DERIVED_UNIT_ELEMENT(#10600,1.);
#10587=DERIVED_UNIT_ELEMENT(#19041,-3.);
#10588=DERIVED_UNIT_ELEMENT(#10600,1.);
#10589=DERIVED_UNIT_ELEMENT(#19041,-3.);
#10590=DERIVED_UNIT_ELEMENT(#10600,1.);
#10591=DERIVED_UNIT_ELEMENT(#19041,-3.);
#10592=DERIVED_UNIT_ELEMENT(#10600,1.);
#10593=DERIVED_UNIT_ELEMENT(#19041,-3.);
#10594=DERIVED_UNIT_ELEMENT(#10600,1.);
#10595=DERIVED_UNIT_ELEMENT(#19041,-3.);
#10596=DERIVED_UNIT_ELEMENT(#10600,1.);
#10597=DERIVED_UNIT_ELEMENT(#19041,-3.);
#10598=DERIVED_UNIT_ELEMENT(#10600,1.);
#10599=DERIVED_UNIT_ELEMENT(#19041,-3.);
#10600=(
MASS_UNIT()
NAMED_UNIT(*)
SI_UNIT(.KILO.,.GRAM.)
);
#10601=DERIVED_UNIT((#10578,#10579));
#10602=DERIVED_UNIT((#10580,#10581));
#10603=DERIVED_UNIT((#10582,#10583));
#10604=DERIVED_UNIT((#10584,#10585));
#10605=DERIVED_UNIT((#10586,#10587));
#10606=DERIVED_UNIT((#10588,#10589));
#10607=DERIVED_UNIT((#10590,#10591));
#10608=DERIVED_UNIT((#10592,#10593));
#10609=DERIVED_UNIT((#10594,#10595));
#10610=DERIVED_UNIT((#10596,#10597));
#10611=DERIVED_UNIT((#10598,#10599));
#10612=MEASURE_REPRESENTATION_ITEM('density measure',
POSITIVE_RATIO_MEASURE(7850.),#10601);
#10613=MEASURE_REPRESENTATION_ITEM('density measure',
POSITIVE_RATIO_MEASURE(7850.),#10602);
#10614=MEASURE_REPRESENTATION_ITEM('density measure',
POSITIVE_RATIO_MEASURE(7850.),#10603);
#10615=MEASURE_REPRESENTATION_ITEM('density measure',
POSITIVE_RATIO_MEASURE(7850.),#10604);
#10616=MEASURE_REPRESENTATION_ITEM('density measure',
POSITIVE_RATIO_MEASURE(7850.),#10605);
#10617=MEASURE_REPRESENTATION_ITEM('density measure',
POSITIVE_RATIO_MEASURE(7850.),#10606);
#10618=MEASURE_REPRESENTATION_ITEM('density measure',
POSITIVE_RATIO_MEASURE(7850.),#10607);
#10619=MEASURE_REPRESENTATION_ITEM('density measure',
POSITIVE_RATIO_MEASURE(7850.),#10608);
#10620=MEASURE_REPRESENTATION_ITEM('density measure',
POSITIVE_RATIO_MEASURE(7850.),#10609);
#10621=MEASURE_REPRESENTATION_ITEM('density measure',
POSITIVE_RATIO_MEASURE(7850.),#10610);
#10622=MEASURE_REPRESENTATION_ITEM('density measure',
POSITIVE_RATIO_MEASURE(7850.),#10611);
#10623=PROPERTY_DEFINITION_REPRESENTATION(#10678,#10645);
#10624=PROPERTY_DEFINITION_REPRESENTATION(#10679,#10646);
#10625=PROPERTY_DEFINITION_REPRESENTATION(#10680,#10647);
#10626=PROPERTY_DEFINITION_REPRESENTATION(#10681,#10648);
#10627=PROPERTY_DEFINITION_REPRESENTATION(#10682,#10649);
#10628=PROPERTY_DEFINITION_REPRESENTATION(#10683,#10650);
#10629=PROPERTY_DEFINITION_REPRESENTATION(#10684,#10651);
#10630=PROPERTY_DEFINITION_REPRESENTATION(#10685,#10652);
#10631=PROPERTY_DEFINITION_REPRESENTATION(#10686,#10653);
#10632=PROPERTY_DEFINITION_REPRESENTATION(#10687,#10654);
#10633=PROPERTY_DEFINITION_REPRESENTATION(#10688,#10655);
#10634=PROPERTY_DEFINITION_REPRESENTATION(#10689,#10656);
#10635=PROPERTY_DEFINITION_REPRESENTATION(#10690,#10657);
#10636=PROPERTY_DEFINITION_REPRESENTATION(#10691,#10658);
#10637=PROPERTY_DEFINITION_REPRESENTATION(#10692,#10659);
#10638=PROPERTY_DEFINITION_REPRESENTATION(#10693,#10660);
#10639=PROPERTY_DEFINITION_REPRESENTATION(#10694,#10661);
#10640=PROPERTY_DEFINITION_REPRESENTATION(#10695,#10662);
#10641=PROPERTY_DEFINITION_REPRESENTATION(#10696,#10663);
#10642=PROPERTY_DEFINITION_REPRESENTATION(#10697,#10664);
#10643=PROPERTY_DEFINITION_REPRESENTATION(#10698,#10665);
#10644=PROPERTY_DEFINITION_REPRESENTATION(#10699,#10666);
#10645=REPRESENTATION('material name',(#10667),#19028);
#10646=REPRESENTATION('density',(#10612),#19028);
#10647=REPRESENTATION('material name',(#10668),#19029);
#10648=REPRESENTATION('density',(#10613),#19029);
#10649=REPRESENTATION('material name',(#10669),#19030);
#10650=REPRESENTATION('density',(#10614),#19030);
#10651=REPRESENTATION('material name',(#10670),#19031);
#10652=REPRESENTATION('density',(#10615),#19031);
#10653=REPRESENTATION('material name',(#10671),#19032);
#10654=REPRESENTATION('density',(#10616),#19032);
#10655=REPRESENTATION('material name',(#10672),#19033);
#10656=REPRESENTATION('density',(#10617),#19033);
#10657=REPRESENTATION('material name',(#10673),#19034);
#10658=REPRESENTATION('density',(#10618),#19034);
#10659=REPRESENTATION('material name',(#10674),#19035);
#10660=REPRESENTATION('density',(#10619),#19035);
#10661=REPRESENTATION('material name',(#10675),#19036);
#10662=REPRESENTATION('density',(#10620),#19036);
#10663=REPRESENTATION('material name',(#10676),#19037);
#10664=REPRESENTATION('density',(#10621),#19037);
#10665=REPRESENTATION('material name',(#10677),#19038);
#10666=REPRESENTATION('density',(#10622),#19038);
#10667=DESCRIPTIVE_REPRESENTATION_ITEM('\X2\AC15CCA0\X0\','\X2\AC15CCA0\X0\');
#10668=DESCRIPTIVE_REPRESENTATION_ITEM('\X2\AC15CCA0\X0\','\X2\AC15CCA0\X0\');
#10669=DESCRIPTIVE_REPRESENTATION_ITEM('\X2\AC15CCA0\X0\','\X2\AC15CCA0\X0\');
#10670=DESCRIPTIVE_REPRESENTATION_ITEM('\X2\AC15CCA0\X0\','\X2\AC15CCA0\X0\');
#10671=DESCRIPTIVE_REPRESENTATION_ITEM('\X2\AC15CCA0\X0\','\X2\AC15CCA0\X0\');
#10672=DESCRIPTIVE_REPRESENTATION_ITEM('\X2\AC15CCA0\X0\','\X2\AC15CCA0\X0\');
#10673=DESCRIPTIVE_REPRESENTATION_ITEM('\X2\AC15CCA0\X0\','\X2\AC15CCA0\X0\');
#10674=DESCRIPTIVE_REPRESENTATION_ITEM('\X2\AC15CCA0\X0\','\X2\AC15CCA0\X0\');
#10675=DESCRIPTIVE_REPRESENTATION_ITEM('\X2\AC15CCA0\X0\','\X2\AC15CCA0\X0\');
#10676=DESCRIPTIVE_REPRESENTATION_ITEM('\X2\AC15CCA0\X0\','\X2\AC15CCA0\X0\');
#10677=DESCRIPTIVE_REPRESENTATION_ITEM('\X2\AC15CCA0\X0\','\X2\AC15CCA0\X0\');
#10678=PROPERTY_DEFINITION('material property','material name',#19106);
#10679=PROPERTY_DEFINITION('material property','density of part',#19106);
#10680=PROPERTY_DEFINITION('material property','material name',#19107);
#10681=PROPERTY_DEFINITION('material property','density of part',#19107);
#10682=PROPERTY_DEFINITION('material property','material name',#19108);
#10683=PROPERTY_DEFINITION('material property','density of part',#19108);
#10684=PROPERTY_DEFINITION('material property','material name',#19109);
#10685=PROPERTY_DEFINITION('material property','density of part',#19109);
#10686=PROPERTY_DEFINITION('material property','material name',#19110);
#10687=PROPERTY_DEFINITION('material property','density of part',#19110);
#10688=PROPERTY_DEFINITION('material property','material name',#19111);
#10689=PROPERTY_DEFINITION('material property','density of part',#19111);
#10690=PROPERTY_DEFINITION('material property','material name',#19112);
#10691=PROPERTY_DEFINITION('material property','density of part',#19112);
#10692=PROPERTY_DEFINITION('material property','material name',#19113);
#10693=PROPERTY_DEFINITION('material property','density of part',#19113);
#10694=PROPERTY_DEFINITION('material property','material name',#19114);
#10695=PROPERTY_DEFINITION('material property','density of part',#19114);
#10696=PROPERTY_DEFINITION('material property','material name',#19115);
#10697=PROPERTY_DEFINITION('material property','density of part',#19115);
#10698=PROPERTY_DEFINITION('material property','material name',#19116);
#10699=PROPERTY_DEFINITION('material property','density of part',#19116);
#10700=AXIS2_PLACEMENT_3D('',#15124,#11873,#11874);
#10701=AXIS2_PLACEMENT_3D('',#15125,#11875,#11876);
#10702=AXIS2_PLACEMENT_3D('',#15126,#11877,#11878);
#10703=AXIS2_PLACEMENT_3D('',#15129,#11879,#11880);
#10704=AXIS2_PLACEMENT_3D('',#15133,#11882,#11883);
#10705=AXIS2_PLACEMENT_3D('',#15135,#11885,#11886);
#10706=AXIS2_PLACEMENT_3D('',#15138,#11887,#11888);
#10707=AXIS2_PLACEMENT_3D('',#15142,#11890,#11891);
#10708=AXIS2_PLACEMENT_3D('',#15144,#11893,#11894);
#10709=AXIS2_PLACEMENT_3D('',#15147,#11895,#11896);
#10710=AXIS2_PLACEMENT_3D('',#15148,#11897,#11898);
#10711=AXIS2_PLACEMENT_3D('',#15151,#11900,#11901);
#10712=AXIS2_PLACEMENT_3D('',#15152,#11902,#11903);
#10713=AXIS2_PLACEMENT_3D('',#15155,#11904,#11905);
#10714=AXIS2_PLACEMENT_3D('',#15156,#11906,#11907);
#10715=AXIS2_PLACEMENT_3D('',#15159,#11909,#11910);
#10716=AXIS2_PLACEMENT_3D('',#15160,#11911,#11912);
#10717=AXIS2_PLACEMENT_3D('',#15163,#11914,#11915);
#10718=AXIS2_PLACEMENT_3D('',#15164,#11916,#11917);
#10719=AXIS2_PLACEMENT_3D('',#15167,#11919,#11920);
#10720=AXIS2_PLACEMENT_3D('',#15168,#11921,#11922);
#10721=AXIS2_PLACEMENT_3D('',#15170,#11923,#11924);
#10722=AXIS2_PLACEMENT_3D('',#15173,#11926,#11927);
#10723=AXIS2_PLACEMENT_3D('',#15174,#11928,#11929);
#10724=AXIS2_PLACEMENT_3D('',#15176,#11930,#11931);
#10725=AXIS2_PLACEMENT_3D('',#15179,#11933,#11934);
#10726=AXIS2_PLACEMENT_3D('',#15180,#11935,#11936);
#10727=AXIS2_PLACEMENT_3D('',#15189,#11941,#11942);
#10728=AXIS2_PLACEMENT_3D('',#15198,#11947,#11948);
#10729=AXIS2_PLACEMENT_3D('',#15207,#11953,#11954);
#10730=AXIS2_PLACEMENT_3D('',#15216,#11959,#11960);
#10731=AXIS2_PLACEMENT_3D('',#15236,#11971,#11972);
#10732=AXIS2_PLACEMENT_3D('',#15256,#11983,#11984);
#10733=AXIS2_PLACEMENT_3D('',#15275,#11995,#11996);
#10734=AXIS2_PLACEMENT_3D('',#15283,#12002,#12003);
#10735=AXIS2_PLACEMENT_3D('',#15299,#12013,#12014);
#10736=AXIS2_PLACEMENT_3D('',#15306,#12018,#12019);
#10737=AXIS2_PLACEMENT_3D('',#15311,#12022,#12023);
#10738=AXIS2_PLACEMENT_3D('',#15313,#12025,#12026);
#10739=AXIS2_PLACEMENT_3D('',#15316,#12029,#12030);
#10740=AXIS2_PLACEMENT_3D('',#15318,#12032,#12033);
#10741=AXIS2_PLACEMENT_3D('',#15320,#12035,#12036);
#10742=AXIS2_PLACEMENT_3D('',#15327,#12040,#12041);
#10743=AXIS2_PLACEMENT_3D('',#15332,#12044,#12045);
#10744=AXIS2_PLACEMENT_3D('',#15334,#12047,#12048);
#10745=AXIS2_PLACEMENT_3D('',#15337,#12051,#12052);
#10746=AXIS2_PLACEMENT_3D('',#15340,#12055,#12056);
#10747=AXIS2_PLACEMENT_3D('',#15347,#12061,#12062);
#10748=AXIS2_PLACEMENT_3D('',#15353,#12066,#12067);
#10749=AXIS2_PLACEMENT_3D('',#15359,#12071,#12072);
#10750=AXIS2_PLACEMENT_3D('',#15366,#12077,#12078);
#10751=AXIS2_PLACEMENT_3D('',#15372,#12082,#12083);
#10752=AXIS2_PLACEMENT_3D('',#15378,#12087,#12088);
#10753=AXIS2_PLACEMENT_3D('',#15381,#12089,#12090);
#10754=AXIS2_PLACEMENT_3D('',#15388,#12095,#12096);
#10755=AXIS2_PLACEMENT_3D('',#15392,#12098,#12099);
#10756=AXIS2_PLACEMENT_3D('',#15394,#12101,#12102);
#10757=AXIS2_PLACEMENT_3D('',#15400,#12106,#12107);
#10758=AXIS2_PLACEMENT_3D('',#15406,#12111,#12112);
#10759=AXIS2_PLACEMENT_3D('',#15409,#12113,#12114);
#10760=AXIS2_PLACEMENT_3D('',#15416,#12119,#12120);
#10761=AXIS2_PLACEMENT_3D('',#15420,#12122,#12123);
#10762=AXIS2_PLACEMENT_3D('',#15422,#12125,#12126);
#10763=AXIS2_PLACEMENT_3D('',#15428,#12130,#12131);
#10764=AXIS2_PLACEMENT_3D('',#15434,#12135,#12136);
#10765=AXIS2_PLACEMENT_3D('',#15436,#12138,#12139);
#10766=AXIS2_PLACEMENT_3D('',#15438,#12141,#12142);
#10767=AXIS2_PLACEMENT_3D('',#15440,#12144,#12145);
#10768=AXIS2_PLACEMENT_3D('',#15442,#12147,#12148);
#10769=AXIS2_PLACEMENT_3D('',#15444,#12150,#12151);
#10770=AXIS2_PLACEMENT_3D('',#15446,#12153,#12154);
#10771=AXIS2_PLACEMENT_3D('',#15447,#12155,#12156);
#10772=AXIS2_PLACEMENT_3D('',#15449,#12158,#12159);
#10773=AXIS2_PLACEMENT_3D('',#15451,#12161,#12162);
#10774=AXIS2_PLACEMENT_3D('',#15453,#12164,#12165);
#10775=AXIS2_PLACEMENT_3D('',#15455,#12167,#12168);
#10776=AXIS2_PLACEMENT_3D('',#15457,#12170,#12171);
#10777=AXIS2_PLACEMENT_3D('',#15459,#12173,#12174);
#10778=AXIS2_PLACEMENT_3D('',#15460,#12175,#12176);
#10779=AXIS2_PLACEMENT_3D('',#15462,#12178,#12179);
#10780=AXIS2_PLACEMENT_3D('',#15464,#12181,#12182);
#10781=AXIS2_PLACEMENT_3D('',#15466,#12184,#12185);
#10782=AXIS2_PLACEMENT_3D('',#15468,#12187,#12188);
#10783=AXIS2_PLACEMENT_3D('',#15470,#12190,#12191);
#10784=AXIS2_PLACEMENT_3D('',#15472,#12193,#12194);
#10785=AXIS2_PLACEMENT_3D('',#15473,#12195,#12196);
#10786=AXIS2_PLACEMENT_3D('',#15475,#12198,#12199);
#10787=AXIS2_PLACEMENT_3D('',#15477,#12201,#12202);
#10788=AXIS2_PLACEMENT_3D('',#15479,#12204,#12205);
#10789=AXIS2_PLACEMENT_3D('',#15481,#12207,#12208);
#10790=AXIS2_PLACEMENT_3D('',#15483,#12210,#12211);
#10791=AXIS2_PLACEMENT_3D('',#15485,#12213,#12214);
#10792=AXIS2_PLACEMENT_3D('',#15486,#12215,#12216);
#10793=AXIS2_PLACEMENT_3D('',#15487,#12217,#12218);
#10794=AXIS2_PLACEMENT_3D('',#15488,#12219,#12220);
#10795=AXIS2_PLACEMENT_3D('',#15489,#12221,#12222);
#10796=AXIS2_PLACEMENT_3D('',#15490,#12223,#12224);
#10797=AXIS2_PLACEMENT_3D('',#15491,#12225,#12226);
#10798=AXIS2_PLACEMENT_3D('',#15492,#12227,#12228);
#10799=AXIS2_PLACEMENT_3D('',#15493,#12229,#12230);
#10800=AXIS2_PLACEMENT_3D('',#15495,#12231,#12232);
#10801=AXIS2_PLACEMENT_3D('',#15498,#12234,#12235);
#10802=AXIS2_PLACEMENT_3D('',#15499,#12236,#12237);
#10803=AXIS2_PLACEMENT_3D('',#15501,#12238,#12239);
#10804=AXIS2_PLACEMENT_3D('',#15504,#12241,#12242);
#10805=AXIS2_PLACEMENT_3D('',#15505,#12243,#12244);
#10806=AXIS2_PLACEMENT_3D('',#15507,#12245,#12246);
#10807=AXIS2_PLACEMENT_3D('',#15510,#12248,#12249);
#10808=AXIS2_PLACEMENT_3D('',#15511,#12250,#12251);
#10809=AXIS2_PLACEMENT_3D('',#15513,#12252,#12253);
#10810=AXIS2_PLACEMENT_3D('',#15516,#12255,#12256);
#10811=AXIS2_PLACEMENT_3D('',#15517,#12257,#12258);
#10812=AXIS2_PLACEMENT_3D('',#15520,#12259,#12260);
#10813=AXIS2_PLACEMENT_3D('',#15524,#12262,#12263);
#10814=AXIS2_PLACEMENT_3D('',#15526,#12265,#12266);
#10815=AXIS2_PLACEMENT_3D('',#15528,#12267,#12268);
#10816=AXIS2_PLACEMENT_3D('',#15530,#12269,#12270);
#10817=AXIS2_PLACEMENT_3D('',#15532,#12272,#12273);
#10818=AXIS2_PLACEMENT_3D('',#15535,#12274,#12275);
#10819=AXIS2_PLACEMENT_3D('',#15539,#12277,#12278);
#10820=AXIS2_PLACEMENT_3D('',#15541,#12280,#12281);
#10821=AXIS2_PLACEMENT_3D('',#15543,#12282,#12283);
#10822=AXIS2_PLACEMENT_3D('',#15546,#12285,#12286);
#10823=AXIS2_PLACEMENT_3D('',#15547,#12287,#12288);
#10824=AXIS2_PLACEMENT_3D('',#15550,#12289,#12290);
#10825=AXIS2_PLACEMENT_3D('',#15551,#12291,#12292);
#10826=AXIS2_PLACEMENT_3D('',#15554,#12294,#12295);
#10827=AXIS2_PLACEMENT_3D('',#15555,#12296,#12297);
#10828=AXIS2_PLACEMENT_3D('',#15558,#12298,#12299);
#10829=AXIS2_PLACEMENT_3D('',#15559,#12300,#12301);
#10830=AXIS2_PLACEMENT_3D('',#15562,#12303,#12304);
#10831=AXIS2_PLACEMENT_3D('',#15563,#12305,#12306);
#10832=AXIS2_PLACEMENT_3D('',#15566,#12307,#12308);
#10833=AXIS2_PLACEMENT_3D('',#15567,#12309,#12310);
#10834=AXIS2_PLACEMENT_3D('',#15570,#12312,#12313);
#10835=AXIS2_PLACEMENT_3D('',#15571,#12314,#12315);
#10836=AXIS2_PLACEMENT_3D('',#15574,#12316,#12317);
#10837=AXIS2_PLACEMENT_3D('',#15575,#12318,#12319);
#10838=AXIS2_PLACEMENT_3D('',#15578,#12321,#12322);
#10839=AXIS2_PLACEMENT_3D('',#15579,#12323,#12324);
#10840=AXIS2_PLACEMENT_3D('',#15582,#12325,#12326);
#10841=AXIS2_PLACEMENT_3D('',#15586,#12328,#12329);
#10842=AXIS2_PLACEMENT_3D('',#15588,#12331,#12332);
#10843=AXIS2_PLACEMENT_3D('',#15590,#12333,#12334);
#10844=AXIS2_PLACEMENT_3D('',#15592,#12335,#12336);
#10845=AXIS2_PLACEMENT_3D('',#15594,#12338,#12339);
#10846=AXIS2_PLACEMENT_3D('',#15597,#12340,#12341);
#10847=AXIS2_PLACEMENT_3D('',#15601,#12343,#12344);
#10848=AXIS2_PLACEMENT_3D('',#15603,#12346,#12347);
#10849=AXIS2_PLACEMENT_3D('',#15605,#12348,#12349);
#10850=AXIS2_PLACEMENT_3D('',#15608,#12351,#12352);
#10851=AXIS2_PLACEMENT_3D('',#15609,#12353,#12354);
#10852=AXIS2_PLACEMENT_3D('',#15611,#12356,#12357);
#10853=AXIS2_PLACEMENT_3D('',#15613,#12359,#12360);
#10854=AXIS2_PLACEMENT_3D('',#15615,#12362,#12363);
#10855=AXIS2_PLACEMENT_3D('',#15617,#12365,#12366);
#10856=AXIS2_PLACEMENT_3D('',#15620,#12367,#12368);
#10857=AXIS2_PLACEMENT_3D('',#15623,#12371,#12372);
#10858=AXIS2_PLACEMENT_3D('',#15627,#12374,#12375);
#10859=AXIS2_PLACEMENT_3D('',#15629,#12377,#12378);
#10860=AXIS2_PLACEMENT_3D('',#15633,#12380,#12381);
#10861=AXIS2_PLACEMENT_3D('',#15635,#12383,#12384);
#10862=AXIS2_PLACEMENT_3D('',#15638,#12385,#12386);
#10863=AXIS2_PLACEMENT_3D('',#15641,#12389,#12390);
#10864=AXIS2_PLACEMENT_3D('',#15650,#12395,#12396);
#10865=AXIS2_PLACEMENT_3D('',#15656,#12400,#12401);
#10866=AXIS2_PLACEMENT_3D('',#15658,#12402,#12403);
#10867=AXIS2_PLACEMENT_3D('',#15661,#12405,#12406);
#10868=AXIS2_PLACEMENT_3D('',#15662,#12407,#12408);
#10869=AXIS2_PLACEMENT_3D('',#15664,#12409,#12410);
#10870=AXIS2_PLACEMENT_3D('',#15667,#12412,#12413);
#10871=AXIS2_PLACEMENT_3D('',#15668,#12414,#12415);
#10872=AXIS2_PLACEMENT_3D('',#15670,#12416,#12417);
#10873=AXIS2_PLACEMENT_3D('',#15673,#12419,#12420);
#10874=AXIS2_PLACEMENT_3D('',#15674,#12421,#12422);
#10875=AXIS2_PLACEMENT_3D('',#15679,#12426,#12427);
#10876=AXIS2_PLACEMENT_3D('',#15680,#12428,#12429);
#10877=AXIS2_PLACEMENT_3D('',#15681,#12430,#12431);
#10878=AXIS2_PLACEMENT_3D('',#15687,#12435,#12436);
#10879=AXIS2_PLACEMENT_3D('',#15689,#12437,#12438);
#10880=AXIS2_PLACEMENT_3D('',#15692,#12440,#12441);
#10881=AXIS2_PLACEMENT_3D('',#15693,#12442,#12443);
#10882=AXIS2_PLACEMENT_3D('',#15699,#12447,#12448);
#10883=AXIS2_PLACEMENT_3D('',#15701,#12449,#12450);
#10884=AXIS2_PLACEMENT_3D('',#15704,#12452,#12453);
#10885=AXIS2_PLACEMENT_3D('',#15705,#12454,#12455);
#10886=AXIS2_PLACEMENT_3D('',#15708,#12458,#12459);
#10887=AXIS2_PLACEMENT_3D('',#15710,#12460,#12461);
#10888=AXIS2_PLACEMENT_3D('',#15712,#12463,#12464);
#10889=AXIS2_PLACEMENT_3D('',#15718,#12468,#12469);
#10890=AXIS2_PLACEMENT_3D('',#15720,#12470,#12471);
#10891=AXIS2_PLACEMENT_3D('',#15723,#12473,#12474);
#10892=AXIS2_PLACEMENT_3D('',#15724,#12475,#12476);
#10893=AXIS2_PLACEMENT_3D('',#15726,#12477,#12478);
#10894=AXIS2_PLACEMENT_3D('',#15729,#12480,#12481);
#10895=AXIS2_PLACEMENT_3D('',#15730,#12482,#12483);
#10896=AXIS2_PLACEMENT_3D('',#15732,#12484,#12485);
#10897=AXIS2_PLACEMENT_3D('',#15735,#12487,#12488);
#10898=AXIS2_PLACEMENT_3D('',#15736,#12489,#12490);
#10899=AXIS2_PLACEMENT_3D('',#15739,#12493,#12494);
#10900=AXIS2_PLACEMENT_3D('',#15742,#12496,#12497);
#10901=AXIS2_PLACEMENT_3D('',#15743,#12498,#12499);
#10902=AXIS2_PLACEMENT_3D('',#15749,#12503,#12504);
#10903=AXIS2_PLACEMENT_3D('',#15751,#12505,#12506);
#10904=AXIS2_PLACEMENT_3D('',#15754,#12508,#12509);
#10905=AXIS2_PLACEMENT_3D('',#15755,#12510,#12511);
#10906=AXIS2_PLACEMENT_3D('',#15761,#12515,#12516);
#10907=AXIS2_PLACEMENT_3D('',#15763,#12517,#12518);
#10908=AXIS2_PLACEMENT_3D('',#15766,#12520,#12521);
#10909=AXIS2_PLACEMENT_3D('',#15767,#12522,#12523);
#10910=AXIS2_PLACEMENT_3D('',#15772,#12527,#12528);
#10911=AXIS2_PLACEMENT_3D('',#15773,#12529,#12530);
#10912=AXIS2_PLACEMENT_3D('',#15774,#12531,#12532);
#10913=AXIS2_PLACEMENT_3D('',#15779,#12534,#12535);
#10914=AXIS2_PLACEMENT_3D('',#15781,#12536,#12537);
#10915=AXIS2_PLACEMENT_3D('',#15785,#12539,#12540);
#10916=AXIS2_PLACEMENT_3D('',#15787,#12541,#12542);
#10917=AXIS2_PLACEMENT_3D('',#15789,#12543,#12544);
#10918=AXIS2_PLACEMENT_3D('',#15794,#12547,#12548);
#10919=AXIS2_PLACEMENT_3D('',#15798,#12550,#12551);
#10920=AXIS2_PLACEMENT_3D('',#15803,#12554,#12555);
#10921=AXIS2_PLACEMENT_3D('',#15805,#12556,#12557);
#10922=AXIS2_PLACEMENT_3D('',#15807,#12558,#12559);
#10923=AXIS2_PLACEMENT_3D('',#15811,#12561,#12562);
#10924=AXIS2_PLACEMENT_3D('',#15813,#12563,#12564);
#10925=AXIS2_PLACEMENT_3D('',#15817,#12566,#12567);
#10926=AXIS2_PLACEMENT_3D('',#15821,#12569,#12570);
#10927=AXIS2_PLACEMENT_3D('',#15829,#12574,#12575);
#10928=AXIS2_PLACEMENT_3D('',#15832,#12577,#12578);
#10929=AXIS2_PLACEMENT_3D('',#15833,#12579,#12580);
#10930=AXIS2_PLACEMENT_3D('',#15836,#12581,#12582);
#10931=AXIS2_PLACEMENT_3D('',#15841,#12585,#12586);
#10932=AXIS2_PLACEMENT_3D('',#15845,#12588,#12589);
#10933=AXIS2_PLACEMENT_3D('',#15853,#12593,#12594);
#10934=AXIS2_PLACEMENT_3D('',#15857,#12596,#12597);
#10935=AXIS2_PLACEMENT_3D('',#15862,#12600,#12601);
#10936=AXIS2_PLACEMENT_3D('',#15864,#12602,#12603);
#10937=AXIS2_PLACEMENT_3D('',#15866,#12604,#12605);
#10938=AXIS2_PLACEMENT_3D('',#15870,#12607,#12608);
#10939=AXIS2_PLACEMENT_3D('',#15872,#12609,#12610);
#10940=AXIS2_PLACEMENT_3D('',#15876,#12612,#12613);
#10941=AXIS2_PLACEMENT_3D('',#15880,#12615,#12616);
#10942=AXIS2_PLACEMENT_3D('',#15884,#12618,#12619);
#10943=AXIS2_PLACEMENT_3D('',#15886,#12620,#12621);
#10944=AXIS2_PLACEMENT_3D('',#15890,#12623,#12624);
#10945=AXIS2_PLACEMENT_3D('',#15891,#12625,#12626);
#10946=AXIS2_PLACEMENT_3D('',#15892,#12627,#12628);
#10947=AXIS2_PLACEMENT_3D('',#15901,#12633,#12634);
#10948=AXIS2_PLACEMENT_3D('',#15907,#12638,#12639);
#10949=AXIS2_PLACEMENT_3D('',#15913,#12643,#12644);
#10950=AXIS2_PLACEMENT_3D('',#15914,#12645,#12646);
#10951=AXIS2_PLACEMENT_3D('',#15915,#12647,#12648);
#10952=AXIS2_PLACEMENT_3D('',#15916,#12649,#12650);
#10953=AXIS2_PLACEMENT_3D('',#15917,#12651,#12652);
#10954=AXIS2_PLACEMENT_3D('',#15918,#12653,#12654);
#10955=AXIS2_PLACEMENT_3D('',#15919,#12655,#12656);
#10956=AXIS2_PLACEMENT_3D('',#15922,#12659,#12660);
#10957=AXIS2_PLACEMENT_3D('',#15923,#12661,#12662);
#10958=AXIS2_PLACEMENT_3D('',#15925,#12664,#12665);
#10959=AXIS2_PLACEMENT_3D('',#15927,#12667,#12668);
#10960=AXIS2_PLACEMENT_3D('',#15929,#12670,#12671);
#10961=AXIS2_PLACEMENT_3D('',#15931,#12673,#12674);
#10962=AXIS2_PLACEMENT_3D('',#15933,#12676,#12677);
#10963=AXIS2_PLACEMENT_3D('',#15935,#12679,#12680);
#10964=AXIS2_PLACEMENT_3D('',#15937,#12682,#12683);
#10965=AXIS2_PLACEMENT_3D('',#15939,#12685,#12686);
#10966=AXIS2_PLACEMENT_3D('',#15941,#12688,#12689);
#10967=AXIS2_PLACEMENT_3D('',#15943,#12691,#12692);
#10968=AXIS2_PLACEMENT_3D('',#15945,#12694,#12695);
#10969=AXIS2_PLACEMENT_3D('',#15947,#12697,#12698);
#10970=AXIS2_PLACEMENT_3D('',#15949,#12700,#12701);
#10971=AXIS2_PLACEMENT_3D('',#15951,#12703,#12704);
#10972=AXIS2_PLACEMENT_3D('',#15953,#12706,#12707);
#10973=AXIS2_PLACEMENT_3D('',#15955,#12709,#12710);
#10974=AXIS2_PLACEMENT_3D('',#15957,#12712,#12713);
#10975=AXIS2_PLACEMENT_3D('',#15959,#12715,#12716);
#10976=AXIS2_PLACEMENT_3D('',#15961,#12718,#12719);
#10977=AXIS2_PLACEMENT_3D('',#15963,#12721,#12722);
#10978=AXIS2_PLACEMENT_3D('',#15965,#12724,#12725);
#10979=AXIS2_PLACEMENT_3D('',#15967,#12727,#12728);
#10980=AXIS2_PLACEMENT_3D('',#15969,#12730,#12731);
#10981=AXIS2_PLACEMENT_3D('',#15970,#12732,#12733);
#10982=AXIS2_PLACEMENT_3D('',#15972,#12735,#12736);
#10983=AXIS2_PLACEMENT_3D('',#15974,#12738,#12739);
#10984=AXIS2_PLACEMENT_3D('',#15976,#12741,#12742);
#10985=AXIS2_PLACEMENT_3D('',#15977,#12743,#12744);
#10986=AXIS2_PLACEMENT_3D('',#15980,#12747,#12748);
#10987=AXIS2_PLACEMENT_3D('',#15982,#12750,#12751);
#10988=AXIS2_PLACEMENT_3D('',#15983,#12752,#12753);
#10989=AXIS2_PLACEMENT_3D('',#15985,#12755,#12756);
#10990=AXIS2_PLACEMENT_3D('',#15987,#12758,#12759);
#10991=AXIS2_PLACEMENT_3D('',#15989,#12761,#12762);
#10992=AXIS2_PLACEMENT_3D('',#15991,#12764,#12765);
#10993=AXIS2_PLACEMENT_3D('',#15993,#12767,#12768);
#10994=AXIS2_PLACEMENT_3D('',#15995,#12770,#12771);
#10995=AXIS2_PLACEMENT_3D('',#15997,#12773,#12774);
#10996=AXIS2_PLACEMENT_3D('',#15999,#12776,#12777);
#10997=AXIS2_PLACEMENT_3D('',#16001,#12779,#12780);
#10998=AXIS2_PLACEMENT_3D('',#16003,#12782,#12783);
#10999=AXIS2_PLACEMENT_3D('',#16005,#12785,#12786);
#11000=AXIS2_PLACEMENT_3D('',#16006,#12787,#12788);
#11001=AXIS2_PLACEMENT_3D('',#16008,#12790,#12791);
#11002=AXIS2_PLACEMENT_3D('',#16010,#12793,#12794);
#11003=AXIS2_PLACEMENT_3D('',#16012,#12796,#12797);
#11004=AXIS2_PLACEMENT_3D('',#16014,#12799,#12800);
#11005=AXIS2_PLACEMENT_3D('',#16016,#12802,#12803);
#11006=AXIS2_PLACEMENT_3D('',#16018,#12805,#12806);
#11007=AXIS2_PLACEMENT_3D('',#16020,#12808,#12809);
#11008=AXIS2_PLACEMENT_3D('',#16022,#12811,#12812);
#11009=AXIS2_PLACEMENT_3D('',#16024,#12814,#12815);
#11010=AXIS2_PLACEMENT_3D('',#16026,#12817,#12818);
#11011=AXIS2_PLACEMENT_3D('',#16028,#12820,#12821);
#11012=AXIS2_PLACEMENT_3D('',#16030,#12823,#12824);
#11013=AXIS2_PLACEMENT_3D('',#16032,#12826,#12827);
#11014=AXIS2_PLACEMENT_3D('',#16034,#12829,#12830);
#11015=AXIS2_PLACEMENT_3D('',#16035,#12831,#12832);
#11016=AXIS2_PLACEMENT_3D('',#16036,#12833,#12834);
#11017=AXIS2_PLACEMENT_3D('',#16039,#12835,#12836);
#11018=AXIS2_PLACEMENT_3D('',#16043,#12838,#12839);
#11019=AXIS2_PLACEMENT_3D('',#16045,#12841,#12842);
#11020=AXIS2_PLACEMENT_3D('',#16047,#12843,#12844);
#11021=AXIS2_PLACEMENT_3D('',#16050,#12846,#12847);
#11022=AXIS2_PLACEMENT_3D('',#16051,#12848,#12849);
#11023=AXIS2_PLACEMENT_3D('',#16053,#12850,#12851);
#11024=AXIS2_PLACEMENT_3D('',#16056,#12853,#12854);
#11025=AXIS2_PLACEMENT_3D('',#16057,#12855,#12856);
#11026=AXIS2_PLACEMENT_3D('',#16059,#12857,#12858);
#11027=AXIS2_PLACEMENT_3D('',#16061,#12860,#12861);
#11028=AXIS2_PLACEMENT_3D('',#16064,#12862,#12863);
#11029=AXIS2_PLACEMENT_3D('',#16067,#12866,#12867);
#11030=AXIS2_PLACEMENT_3D('',#16069,#12868,#12869);
#11031=AXIS2_PLACEMENT_3D('',#16072,#12871,#12872);
#11032=AXIS2_PLACEMENT_3D('',#16073,#12873,#12874);
#11033=AXIS2_PLACEMENT_3D('',#16075,#12875,#12876);
#11034=AXIS2_PLACEMENT_3D('',#16077,#12878,#12879);
#11035=AXIS2_PLACEMENT_3D('',#16079,#12880,#12881);
#11036=AXIS2_PLACEMENT_3D('',#16082,#12883,#12884);
#11037=AXIS2_PLACEMENT_3D('',#16083,#12885,#12886);
#11038=AXIS2_PLACEMENT_3D('',#16085,#12887,#12888);
#11039=AXIS2_PLACEMENT_3D('',#16087,#12890,#12891);
#11040=AXIS2_PLACEMENT_3D('',#16089,#12892,#12893);
#11041=AXIS2_PLACEMENT_3D('',#16092,#12895,#12896);
#11042=AXIS2_PLACEMENT_3D('',#16093,#12897,#12898);
#11043=AXIS2_PLACEMENT_3D('',#16095,#12899,#12900);
#11044=AXIS2_PLACEMENT_3D('',#16097,#12902,#12903);
#11045=AXIS2_PLACEMENT_3D('',#16099,#12904,#12905);
#11046=AXIS2_PLACEMENT_3D('',#16102,#12907,#12908);
#11047=AXIS2_PLACEMENT_3D('',#16103,#12909,#12910);
#11048=AXIS2_PLACEMENT_3D('',#16105,#12911,#12912);
#11049=AXIS2_PLACEMENT_3D('',#16107,#12914,#12915);
#11050=AXIS2_PLACEMENT_3D('',#16109,#12916,#12917);
#11051=AXIS2_PLACEMENT_3D('',#16111,#12919,#12920);
#11052=AXIS2_PLACEMENT_3D('',#16113,#12921,#12922);
#11053=AXIS2_PLACEMENT_3D('',#16116,#12924,#12925);
#11054=AXIS2_PLACEMENT_3D('',#16117,#12926,#12927);
#11055=AXIS2_PLACEMENT_3D('',#16120,#12928,#12929);
#11056=AXIS2_PLACEMENT_3D('',#16124,#12931,#12932);
#11057=AXIS2_PLACEMENT_3D('',#16127,#12934,#12935);
#11058=AXIS2_PLACEMENT_3D('',#16129,#12937,#12938);
#11059=AXIS2_PLACEMENT_3D('',#16132,#12939,#12940);
#11060=AXIS2_PLACEMENT_3D('',#16136,#12942,#12943);
#11061=AXIS2_PLACEMENT_3D('',#16138,#12945,#12946);
#11062=AXIS2_PLACEMENT_3D('',#16140,#12947,#12948);
#11063=AXIS2_PLACEMENT_3D('',#16143,#12950,#12951);
#11064=AXIS2_PLACEMENT_3D('',#16144,#12952,#12953);
#11065=AXIS2_PLACEMENT_3D('',#16146,#12954,#12955);
#11066=AXIS2_PLACEMENT_3D('',#16148,#12957,#12958);
#11067=AXIS2_PLACEMENT_3D('',#16150,#12959,#12960);
#11068=AXIS2_PLACEMENT_3D('',#16153,#12962,#12963);
#11069=AXIS2_PLACEMENT_3D('',#16154,#12964,#12965);
#11070=AXIS2_PLACEMENT_3D('',#16156,#12966,#12967);
#11071=AXIS2_PLACEMENT_3D('',#16158,#12969,#12970);
#11072=AXIS2_PLACEMENT_3D('',#16160,#12971,#12972);
#11073=AXIS2_PLACEMENT_3D('',#16163,#12974,#12975);
#11074=AXIS2_PLACEMENT_3D('',#16164,#12976,#12977);
#11075=AXIS2_PLACEMENT_3D('',#16166,#12978,#12979);
#11076=AXIS2_PLACEMENT_3D('',#16168,#12981,#12982);
#11077=AXIS2_PLACEMENT_3D('',#16170,#12983,#12984);
#11078=AXIS2_PLACEMENT_3D('',#16173,#12986,#12987);
#11079=AXIS2_PLACEMENT_3D('',#16174,#12988,#12989);
#11080=AXIS2_PLACEMENT_3D('',#16176,#12990,#12991);
#11081=AXIS2_PLACEMENT_3D('',#16178,#12993,#12994);
#11082=AXIS2_PLACEMENT_3D('',#16180,#12995,#12996);
#11083=AXIS2_PLACEMENT_3D('',#16183,#12998,#12999);
#11084=AXIS2_PLACEMENT_3D('',#16184,#13000,#13001);
#11085=AXIS2_PLACEMENT_3D('',#16187,#13002,#13003);
#11086=AXIS2_PLACEMENT_3D('',#16191,#13005,#13006);
#11087=AXIS2_PLACEMENT_3D('',#16193,#13008,#13009);
#11088=AXIS2_PLACEMENT_3D('',#16195,#13010,#13011);
#11089=AXIS2_PLACEMENT_3D('',#16198,#13013,#13014);
#11090=AXIS2_PLACEMENT_3D('',#16199,#13015,#13016);
#11091=AXIS2_PLACEMENT_3D('',#16202,#13017,#13018);
#11092=AXIS2_PLACEMENT_3D('',#16206,#13020,#13021);
#11093=AXIS2_PLACEMENT_3D('',#16208,#13023,#13024);
#11094=AXIS2_PLACEMENT_3D('',#16210,#13025,#13026);
#11095=AXIS2_PLACEMENT_3D('',#16213,#13028,#13029);
#11096=AXIS2_PLACEMENT_3D('',#16214,#13030,#13031);
#11097=AXIS2_PLACEMENT_3D('',#16216,#13032,#13033);
#11098=AXIS2_PLACEMENT_3D('',#16218,#13035,#13036);
#11099=AXIS2_PLACEMENT_3D('',#16220,#13037,#13038);
#11100=AXIS2_PLACEMENT_3D('',#16223,#13040,#13041);
#11101=AXIS2_PLACEMENT_3D('',#16224,#13042,#13043);
#11102=AXIS2_PLACEMENT_3D('',#16226,#13044,#13045);
#11103=AXIS2_PLACEMENT_3D('',#16228,#13047,#13048);
#11104=AXIS2_PLACEMENT_3D('',#16230,#13049,#13050);
#11105=AXIS2_PLACEMENT_3D('',#16233,#13052,#13053);
#11106=AXIS2_PLACEMENT_3D('',#16234,#13054,#13055);
#11107=AXIS2_PLACEMENT_3D('',#16236,#13056,#13057);
#11108=AXIS2_PLACEMENT_3D('',#16238,#13059,#13060);
#11109=AXIS2_PLACEMENT_3D('',#16240,#13061,#13062);
#11110=AXIS2_PLACEMENT_3D('',#16243,#13064,#13065);
#11111=AXIS2_PLACEMENT_3D('',#16244,#13066,#13067);
#11112=AXIS2_PLACEMENT_3D('',#16246,#13068,#13069);
#11113=AXIS2_PLACEMENT_3D('',#16248,#13071,#13072);
#11114=AXIS2_PLACEMENT_3D('',#16251,#13073,#13074);
#11115=AXIS2_PLACEMENT_3D('',#16254,#13077,#13078);
#11116=AXIS2_PLACEMENT_3D('',#16256,#13079,#13080);
#11117=AXIS2_PLACEMENT_3D('',#16258,#13082,#13083);
#11118=AXIS2_PLACEMENT_3D('',#16260,#13084,#13085);
#11119=AXIS2_PLACEMENT_3D('',#16263,#13087,#13088);
#11120=AXIS2_PLACEMENT_3D('',#16264,#13089,#13090);
#11121=AXIS2_PLACEMENT_3D('',#16266,#13091,#13092);
#11122=AXIS2_PLACEMENT_3D('',#16268,#13094,#13095);
#11123=AXIS2_PLACEMENT_3D('',#16270,#13096,#13097);
#11124=AXIS2_PLACEMENT_3D('',#16273,#13099,#13100);
#11125=AXIS2_PLACEMENT_3D('',#16274,#13101,#13102);
#11126=AXIS2_PLACEMENT_3D('',#16276,#13103,#13104);
#11127=AXIS2_PLACEMENT_3D('',#16278,#13106,#13107);
#11128=AXIS2_PLACEMENT_3D('',#16280,#13108,#13109);
#11129=AXIS2_PLACEMENT_3D('',#16283,#13111,#13112);
#11130=AXIS2_PLACEMENT_3D('',#16284,#13113,#13114);
#11131=AXIS2_PLACEMENT_3D('',#16286,#13115,#13116);
#11132=AXIS2_PLACEMENT_3D('',#16288,#13118,#13119);
#11133=AXIS2_PLACEMENT_3D('',#16290,#13120,#13121);
#11134=AXIS2_PLACEMENT_3D('',#16293,#13123,#13124);
#11135=AXIS2_PLACEMENT_3D('',#16294,#13125,#13126);
#11136=AXIS2_PLACEMENT_3D('',#16296,#13127,#13128);
#11137=AXIS2_PLACEMENT_3D('',#16298,#13130,#13131);
#11138=AXIS2_PLACEMENT_3D('',#16301,#13132,#13133);
#11139=AXIS2_PLACEMENT_3D('',#16304,#13136,#13137);
#11140=AXIS2_PLACEMENT_3D('',#16306,#13138,#13139);
#11141=AXIS2_PLACEMENT_3D('',#16308,#13141,#13142);
#11142=AXIS2_PLACEMENT_3D('',#16310,#13143,#13144);
#11143=AXIS2_PLACEMENT_3D('',#16313,#13146,#13147);
#11144=AXIS2_PLACEMENT_3D('',#16314,#13148,#13149);
#11145=AXIS2_PLACEMENT_3D('',#16316,#13150,#13151);
#11146=AXIS2_PLACEMENT_3D('',#16318,#13153,#13154);
#11147=AXIS2_PLACEMENT_3D('',#16320,#13155,#13156);
#11148=AXIS2_PLACEMENT_3D('',#16323,#13158,#13159);
#11149=AXIS2_PLACEMENT_3D('',#16324,#13160,#13161);
#11150=AXIS2_PLACEMENT_3D('',#16326,#13162,#13163);
#11151=AXIS2_PLACEMENT_3D('',#16328,#13165,#13166);
#11152=AXIS2_PLACEMENT_3D('',#16330,#13167,#13168);
#11153=AXIS2_PLACEMENT_3D('',#16333,#13170,#13171);
#11154=AXIS2_PLACEMENT_3D('',#16334,#13172,#13173);
#11155=AXIS2_PLACEMENT_3D('',#16336,#13174,#13175);
#11156=AXIS2_PLACEMENT_3D('',#16338,#13177,#13178);
#11157=AXIS2_PLACEMENT_3D('',#16340,#13179,#13180);
#11158=AXIS2_PLACEMENT_3D('',#16343,#13182,#13183);
#11159=AXIS2_PLACEMENT_3D('',#16344,#13184,#13185);
#11160=AXIS2_PLACEMENT_3D('',#16346,#13186,#13187);
#11161=AXIS2_PLACEMENT_3D('',#16348,#13189,#13190);
#11162=AXIS2_PLACEMENT_3D('',#16351,#13191,#13192);
#11163=AXIS2_PLACEMENT_3D('',#16355,#13194,#13195);
#11164=AXIS2_PLACEMENT_3D('',#16357,#13197,#13198);
#11165=AXIS2_PLACEMENT_3D('',#16366,#13203,#13204);
#11166=AXIS2_PLACEMENT_3D('',#16375,#13209,#13210);
#11167=AXIS2_PLACEMENT_3D('',#16381,#13211,#13212);
#11168=AXIS2_PLACEMENT_3D('',#16382,#13213,#13214);
#11169=AXIS2_PLACEMENT_3D('',#16395,#13221,#13222);
#11170=AXIS2_PLACEMENT_3D('',#16396,#13223,#13224);
#11171=AXIS2_PLACEMENT_3D('',#16405,#13229,#13230);
#11172=AXIS2_PLACEMENT_3D('',#16411,#13234,#13235);
#11173=AXIS2_PLACEMENT_3D('',#16420,#13240,#13241);
#11174=AXIS2_PLACEMENT_3D('',#16422,#13242,#13243);
#11175=AXIS2_PLACEMENT_3D('',#16480,#13273,#13274);
#11176=AXIS2_PLACEMENT_3D('',#16484,#13276,#13277);
#11177=AXIS2_PLACEMENT_3D('',#16488,#13279,#13280);
#11178=AXIS2_PLACEMENT_3D('',#16490,#13281,#13282);
#11179=AXIS2_PLACEMENT_3D('',#16493,#13284,#13285);
#11180=AXIS2_PLACEMENT_3D('',#16495,#13286,#13287);
#11181=AXIS2_PLACEMENT_3D('',#16499,#13289,#13290);
#11182=AXIS2_PLACEMENT_3D('',#16501,#13291,#13292);
#11183=AXIS2_PLACEMENT_3D('',#16505,#13294,#13295);
#11184=AXIS2_PLACEMENT_3D('',#16513,#13299,#13300);
#11185=AXIS2_PLACEMENT_3D('',#16517,#13302,#13303);
#11186=AXIS2_PLACEMENT_3D('',#16519,#13304,#13305);
#11187=AXIS2_PLACEMENT_3D('',#16523,#13307,#13308);
#11188=AXIS2_PLACEMENT_3D('',#16525,#13309,#13310);
#11189=AXIS2_PLACEMENT_3D('',#16527,#13311,#13312);
#11190=AXIS2_PLACEMENT_3D('',#16531,#13314,#13315);
#11191=AXIS2_PLACEMENT_3D('',#16533,#13316,#13317);
#11192=AXIS2_PLACEMENT_3D('',#16536,#13319,#13320);
#11193=AXIS2_PLACEMENT_3D('',#16541,#13322,#13323);
#11194=AXIS2_PLACEMENT_3D('',#16544,#13325,#13326);
#11195=AXIS2_PLACEMENT_3D('',#16545,#13327,#13328);
#11196=AXIS2_PLACEMENT_3D('',#16551,#13332,#13333);
#11197=AXIS2_PLACEMENT_3D('',#16555,#13335,#13336);
#11198=AXIS2_PLACEMENT_3D('',#16557,#13338,#13339);
#11199=AXIS2_PLACEMENT_3D('',#16566,#13344,#13345);
#11200=AXIS2_PLACEMENT_3D('',#16575,#13350,#13351);
#11201=AXIS2_PLACEMENT_3D('',#16578,#13352,#13353);
#11202=AXIS2_PLACEMENT_3D('',#16582,#13355,#13356);
#11203=AXIS2_PLACEMENT_3D('',#16584,#13358,#13359);
#11204=AXIS2_PLACEMENT_3D('',#16586,#13360,#13361);
#11205=AXIS2_PLACEMENT_3D('',#16589,#13363,#13364);
#11206=AXIS2_PLACEMENT_3D('',#16590,#13365,#13366);
#11207=AXIS2_PLACEMENT_3D('',#16592,#13367,#13368);
#11208=AXIS2_PLACEMENT_3D('',#16595,#13370,#13371);
#11209=AXIS2_PLACEMENT_3D('',#16596,#13372,#13373);
#11210=AXIS2_PLACEMENT_3D('',#16599,#13374,#13375);
#11211=AXIS2_PLACEMENT_3D('',#16603,#13377,#13378);
#11212=AXIS2_PLACEMENT_3D('',#16605,#13380,#13381);
#11213=AXIS2_PLACEMENT_3D('',#16657,#13409,#13410);
#11214=AXIS2_PLACEMENT_3D('',#16663,#13416,#13417);
#11215=AXIS2_PLACEMENT_3D('',#16666,#13420,#13421);
#11216=AXIS2_PLACEMENT_3D('',#16668,#13423,#13424);
#11217=AXIS2_PLACEMENT_3D('',#16670,#13426,#13427);
#11218=AXIS2_PLACEMENT_3D('',#16677,#13432,#13433);
#11219=AXIS2_PLACEMENT_3D('',#16678,#13434,#13435);
#11220=AXIS2_PLACEMENT_3D('',#16681,#13438,#13439);
#11221=AXIS2_PLACEMENT_3D('',#16683,#13441,#13442);
#11222=AXIS2_PLACEMENT_3D('',#16685,#13444,#13445);
#11223=AXIS2_PLACEMENT_3D('',#16691,#13449,#13450);
#11224=AXIS2_PLACEMENT_3D('',#16693,#13452,#13453);
#11225=AXIS2_PLACEMENT_3D('',#16698,#13455,#13456);
#11226=AXIS2_PLACEMENT_3D('',#16701,#13458,#13459);
#11227=AXIS2_PLACEMENT_3D('',#16702,#13460,#13461);
#11228=AXIS2_PLACEMENT_3D('',#16705,#13464,#13465);
#11229=AXIS2_PLACEMENT_3D('',#16708,#13468,#13469);
#11230=AXIS2_PLACEMENT_3D('',#16713,#13471,#13472);
#11231=AXIS2_PLACEMENT_3D('',#16716,#13474,#13475);
#11232=AXIS2_PLACEMENT_3D('',#16717,#13476,#13477);
#11233=AXIS2_PLACEMENT_3D('',#16720,#13480,#13481);
#11234=AXIS2_PLACEMENT_3D('',#16723,#13484,#13485);
#11235=AXIS2_PLACEMENT_3D('',#16726,#13488,#13489);
#11236=AXIS2_PLACEMENT_3D('',#16728,#13491,#13492);
#11237=AXIS2_PLACEMENT_3D('',#16730,#13494,#13495);
#11238=AXIS2_PLACEMENT_3D('',#16733,#13498,#13499);
#11239=AXIS2_PLACEMENT_3D('',#16735,#13501,#13502);
#11240=AXIS2_PLACEMENT_3D('',#16737,#13504,#13505);
#11241=AXIS2_PLACEMENT_3D('',#16738,#13506,#13507);
#11242=AXIS2_PLACEMENT_3D('',#16739,#13508,#13509);
#11243=AXIS2_PLACEMENT_3D('',#16740,#13510,#13511);
#11244=AXIS2_PLACEMENT_3D('',#16741,#13512,#13513);
#11245=AXIS2_PLACEMENT_3D('',#16742,#13514,#13515);
#11246=AXIS2_PLACEMENT_3D('',#16743,#13516,#13517);
#11247=AXIS2_PLACEMENT_3D('',#16744,#13518,#13519);
#11248=AXIS2_PLACEMENT_3D('',#16745,#13520,#13521);
#11249=AXIS2_PLACEMENT_3D('',#16747,#13523,#13524);
#11250=AXIS2_PLACEMENT_3D('',#16749,#13526,#13527);
#11251=AXIS2_PLACEMENT_3D('',#16750,#13528,#13529);
#11252=AXIS2_PLACEMENT_3D('',#16753,#13532,#13533);
#11253=AXIS2_PLACEMENT_3D('',#16754,#13534,#13535);
#11254=AXIS2_PLACEMENT_3D('',#16755,#13536,#13537);
#11255=AXIS2_PLACEMENT_3D('',#16757,#13538,#13539);
#11256=AXIS2_PLACEMENT_3D('',#16758,#13540,#13541);
#11257=AXIS2_PLACEMENT_3D('',#16760,#13542,#13543);
#11258=AXIS2_PLACEMENT_3D('',#16763,#13545,#13546);
#11259=AXIS2_PLACEMENT_3D('',#16764,#13547,#13548);
#11260=AXIS2_PLACEMENT_3D('',#16766,#13549,#13550);
#11261=AXIS2_PLACEMENT_3D('',#16769,#13552,#13553);
#11262=AXIS2_PLACEMENT_3D('',#16773,#13555,#13556);
#11263=AXIS2_PLACEMENT_3D('',#16777,#13558,#13559);
#11264=AXIS2_PLACEMENT_3D('',#16780,#13561,#13562);
#11265=AXIS2_PLACEMENT_3D('',#16781,#13563,#13564);
#11266=AXIS2_PLACEMENT_3D('',#16783,#13565,#13566);
#11267=AXIS2_PLACEMENT_3D('',#16786,#13568,#13569);
#11268=AXIS2_PLACEMENT_3D('',#16790,#13571,#13572);
#11269=AXIS2_PLACEMENT_3D('',#16792,#13574,#13575);
#11270=AXIS2_PLACEMENT_3D('',#16798,#13579,#13580);
#11271=AXIS2_PLACEMENT_3D('',#16804,#13584,#13585);
#11272=AXIS2_PLACEMENT_3D('',#16810,#13589,#13590);
#11273=AXIS2_PLACEMENT_3D('',#16816,#13594,#13595);
#11274=AXIS2_PLACEMENT_3D('',#16823,#13600,#13601);
#11275=AXIS2_PLACEMENT_3D('',#16829,#13605,#13606);
#11276=AXIS2_PLACEMENT_3D('',#16830,#13607,#13608);
#11277=AXIS2_PLACEMENT_3D('',#16831,#13609,#13610);
#11278=AXIS2_PLACEMENT_3D('',#16832,#13611,#13612);
#11279=AXIS2_PLACEMENT_3D('',#16833,#13613,#13614);
#11280=AXIS2_PLACEMENT_3D('',#16834,#13615,#13616);
#11281=AXIS2_PLACEMENT_3D('',#16835,#13617,#13618);
#11282=AXIS2_PLACEMENT_3D('',#16836,#13619,#13620);
#11283=AXIS2_PLACEMENT_3D('',#16837,#13621,#13622);
#11284=AXIS2_PLACEMENT_3D('',#16838,#13623,#13624);
#11285=AXIS2_PLACEMENT_3D('',#16839,#13625,#13626);
#11286=AXIS2_PLACEMENT_3D('',#16840,#13627,#13628);
#11287=AXIS2_PLACEMENT_3D('',#16841,#13629,#13630);
#11288=AXIS2_PLACEMENT_3D('',#16842,#13631,#13632);
#11289=AXIS2_PLACEMENT_3D('',#16843,#13633,#13634);
#11290=AXIS2_PLACEMENT_3D('',#16844,#13635,#13636);
#11291=AXIS2_PLACEMENT_3D('',#16845,#13637,#13638);
#11292=AXIS2_PLACEMENT_3D('',#16849,#13641,#13642);
#11293=AXIS2_PLACEMENT_3D('',#16853,#13645,#13646);
#11294=AXIS2_PLACEMENT_3D('',#16854,#13647,#13648);
#11295=AXIS2_PLACEMENT_3D('',#16855,#13649,#13650);
#11296=AXIS2_PLACEMENT_3D('',#16856,#13651,#13652);
#11297=AXIS2_PLACEMENT_3D('',#16857,#13653,#13654);
#11298=AXIS2_PLACEMENT_3D('',#16858,#13655,#13656);
#11299=AXIS2_PLACEMENT_3D('',#16859,#13657,#13658);
#11300=AXIS2_PLACEMENT_3D('',#16860,#13659,#13660);
#11301=AXIS2_PLACEMENT_3D('',#16861,#13661,#13662);
#11302=AXIS2_PLACEMENT_3D('',#16863,#13664,#13665);
#11303=AXIS2_PLACEMENT_3D('',#16866,#13668,#13669);
#11304=AXIS2_PLACEMENT_3D('',#16868,#13671,#13672);
#11305=AXIS2_PLACEMENT_3D('',#16870,#13674,#13675);
#11306=AXIS2_PLACEMENT_3D('',#16872,#13677,#13678);
#11307=AXIS2_PLACEMENT_3D('',#16874,#13680,#13681);
#11308=AXIS2_PLACEMENT_3D('',#16876,#13683,#13684);
#11309=AXIS2_PLACEMENT_3D('',#16878,#13686,#13687);
#11310=AXIS2_PLACEMENT_3D('',#16880,#13689,#13690);
#11311=AXIS2_PLACEMENT_3D('',#16882,#13692,#13693);
#11312=AXIS2_PLACEMENT_3D('',#16883,#13694,#13695);
#11313=AXIS2_PLACEMENT_3D('',#16885,#13697,#13698);
#11314=AXIS2_PLACEMENT_3D('',#16887,#13700,#13701);
#11315=AXIS2_PLACEMENT_3D('',#16889,#13703,#13704);
#11316=AXIS2_PLACEMENT_3D('',#16891,#13706,#13707);
#11317=AXIS2_PLACEMENT_3D('',#16893,#13709,#13710);
#11318=AXIS2_PLACEMENT_3D('',#16895,#13712,#13713);
#11319=AXIS2_PLACEMENT_3D('',#16897,#13715,#13716);
#11320=AXIS2_PLACEMENT_3D('',#16899,#13718,#13719);
#11321=AXIS2_PLACEMENT_3D('',#16901,#13721,#13722);
#11322=AXIS2_PLACEMENT_3D('',#16903,#13724,#13725);
#11323=AXIS2_PLACEMENT_3D('',#16905,#13727,#13728);
#11324=AXIS2_PLACEMENT_3D('',#16907,#13730,#13731);
#11325=AXIS2_PLACEMENT_3D('',#16909,#13733,#13734);
#11326=AXIS2_PLACEMENT_3D('',#16911,#13736,#13737);
#11327=AXIS2_PLACEMENT_3D('',#16913,#13739,#13740);
#11328=AXIS2_PLACEMENT_3D('',#16914,#13741,#13742);
#11329=AXIS2_PLACEMENT_3D('',#16923,#13747,#13748);
#11330=AXIS2_PLACEMENT_3D('',#16928,#13750,#13751);
#11331=AXIS2_PLACEMENT_3D('',#16931,#13753,#13754);
#11332=AXIS2_PLACEMENT_3D('',#16932,#13755,#13756);
#11333=AXIS2_PLACEMENT_3D('',#16933,#13757,#13758);
#11334=AXIS2_PLACEMENT_3D('',#16939,#13762,#13763);
#11335=AXIS2_PLACEMENT_3D('',#16941,#13764,#13765);
#11336=AXIS2_PLACEMENT_3D('',#16944,#13767,#13768);
#11337=AXIS2_PLACEMENT_3D('',#16945,#13769,#13770);
#11338=AXIS2_PLACEMENT_3D('',#16946,#13771,#13772);
#11339=AXIS2_PLACEMENT_3D('',#16948,#13774,#13775);
#11340=AXIS2_PLACEMENT_3D('',#16950,#13777,#13778);
#11341=AXIS2_PLACEMENT_3D('',#16953,#13781,#13782);
#11342=AXIS2_PLACEMENT_3D('',#16955,#13784,#13785);
#11343=AXIS2_PLACEMENT_3D('',#16957,#13787,#13788);
#11344=AXIS2_PLACEMENT_3D('',#16958,#13789,#13790);
#11345=AXIS2_PLACEMENT_3D('',#16961,#13791,#13792);
#11346=AXIS2_PLACEMENT_3D('',#16965,#13794,#13795);
#11347=AXIS2_PLACEMENT_3D('',#16967,#13797,#13798);
#11348=AXIS2_PLACEMENT_3D('',#16970,#13801,#13802);
#11349=AXIS2_PLACEMENT_3D('',#16973,#13805,#13806);
#11350=AXIS2_PLACEMENT_3D('',#16974,#13807,#13808);
#11351=AXIS2_PLACEMENT_3D('',#16975,#13809,#13810);
#11352=AXIS2_PLACEMENT_3D('',#16976,#13811,#13812);
#11353=AXIS2_PLACEMENT_3D('',#16977,#13813,#13814);
#11354=AXIS2_PLACEMENT_3D('',#16978,#13815,#13816);
#11355=AXIS2_PLACEMENT_3D('',#16980,#13818,#13819);
#11356=AXIS2_PLACEMENT_3D('',#16982,#13821,#13822);
#11357=AXIS2_PLACEMENT_3D('',#16983,#13823,#13824);
#11358=AXIS2_PLACEMENT_3D('',#16986,#13827,#13828);
#11359=AXIS2_PLACEMENT_3D('',#16987,#13829,#13830);
#11360=AXIS2_PLACEMENT_3D('',#16988,#13831,#13832);
#11361=AXIS2_PLACEMENT_3D('',#16990,#13834,#13835);
#11362=AXIS2_PLACEMENT_3D('',#16991,#13836,#13837);
#11363=AXIS2_PLACEMENT_3D('',#16993,#13839,#13840);
#11364=AXIS2_PLACEMENT_3D('',#16994,#13841,#13842);
#11365=AXIS2_PLACEMENT_3D('',#16995,#13843,#13844);
#11366=AXIS2_PLACEMENT_3D('',#16996,#13845,#13846);
#11367=AXIS2_PLACEMENT_3D('',#16997,#13847,#13848);
#11368=AXIS2_PLACEMENT_3D('',#16998,#13849,#13850);
#11369=AXIS2_PLACEMENT_3D('',#17000,#13852,#13853);
#11370=AXIS2_PLACEMENT_3D('',#17001,#13854,#13855);
#11371=AXIS2_PLACEMENT_3D('',#17003,#13857,#13858);
#11372=AXIS2_PLACEMENT_3D('',#17004,#13859,#13860);
#11373=AXIS2_PLACEMENT_3D('',#17005,#13861,#13862);
#11374=AXIS2_PLACEMENT_3D('',#17006,#13863,#13864);
#11375=AXIS2_PLACEMENT_3D('',#17007,#13865,#13866);
#11376=AXIS2_PLACEMENT_3D('',#17008,#13867,#13868);
#11377=AXIS2_PLACEMENT_3D('',#17009,#13869,#13870);
#11378=AXIS2_PLACEMENT_3D('',#17010,#13871,#13872);
#11379=AXIS2_PLACEMENT_3D('',#17011,#13873,#13874);
#11380=AXIS2_PLACEMENT_3D('',#17012,#13875,#13876);
#11381=AXIS2_PLACEMENT_3D('',#17013,#13877,#13878);
#11382=AXIS2_PLACEMENT_3D('',#17014,#13879,#13880);
#11383=AXIS2_PLACEMENT_3D('',#17015,#13881,#13882);
#11384=AXIS2_PLACEMENT_3D('',#17016,#13883,#13884);
#11385=AXIS2_PLACEMENT_3D('',#17017,#13885,#13886);
#11386=AXIS2_PLACEMENT_3D('',#17018,#13887,#13888);
#11387=AXIS2_PLACEMENT_3D('',#17019,#13889,#13890);
#11388=AXIS2_PLACEMENT_3D('',#17020,#13891,#13892);
#11389=AXIS2_PLACEMENT_3D('',#17021,#13893,#13894);
#11390=AXIS2_PLACEMENT_3D('',#17022,#13895,#13896);
#11391=AXIS2_PLACEMENT_3D('',#17023,#13897,#13898);
#11392=AXIS2_PLACEMENT_3D('',#17024,#13899,#13900);
#11393=AXIS2_PLACEMENT_3D('',#17025,#13901,#13902);
#11394=AXIS2_PLACEMENT_3D('',#17026,#13903,#13904);
#11395=AXIS2_PLACEMENT_3D('',#17027,#13905,#13906);
#11396=AXIS2_PLACEMENT_3D('',#17028,#13907,#13908);
#11397=AXIS2_PLACEMENT_3D('',#17029,#13909,#13910);
#11398=AXIS2_PLACEMENT_3D('',#17031,#13911,#13912);
#11399=AXIS2_PLACEMENT_3D('',#17035,#13914,#13915);
#11400=AXIS2_PLACEMENT_3D('',#17036,#13916,#13917);
#11401=AXIS2_PLACEMENT_3D('',#17037,#13918,#13919);
#11402=AXIS2_PLACEMENT_3D('',#17039,#13920,#13921);
#11403=AXIS2_PLACEMENT_3D('',#17042,#13923,#13924);
#11404=AXIS2_PLACEMENT_3D('',#17043,#13925,#13926);
#11405=AXIS2_PLACEMENT_3D('',#17044,#13927,#13928);
#11406=AXIS2_PLACEMENT_3D('',#17046,#13929,#13930);
#11407=AXIS2_PLACEMENT_3D('',#17047,#13931,#13932);
#11408=AXIS2_PLACEMENT_3D('',#17048,#13933,#13934);
#11409=AXIS2_PLACEMENT_3D('',#17049,#13935,#13936);
#11410=AXIS2_PLACEMENT_3D('',#17052,#13937,#13938);
#11411=AXIS2_PLACEMENT_3D('',#17056,#13940,#13941);
#11412=AXIS2_PLACEMENT_3D('',#17058,#13943,#13944);
#11413=AXIS2_PLACEMENT_3D('',#17061,#13945,#13946);
#11414=AXIS2_PLACEMENT_3D('',#17065,#13948,#13949);
#11415=AXIS2_PLACEMENT_3D('',#17067,#13951,#13952);
#11416=AXIS2_PLACEMENT_3D('',#17070,#13953,#13954);
#11417=AXIS2_PLACEMENT_3D('',#17071,#13955,#13956);
#11418=AXIS2_PLACEMENT_3D('',#17075,#13958,#13959);
#11419=AXIS2_PLACEMENT_3D('',#17077,#13960,#13961);
#11420=AXIS2_PLACEMENT_3D('',#17079,#13962,#13963);
#11421=AXIS2_PLACEMENT_3D('',#17083,#13965,#13966);
#11422=AXIS2_PLACEMENT_3D('',#17085,#13967,#13968);
#11423=AXIS2_PLACEMENT_3D('',#17087,#13969,#13970);
#11424=AXIS2_PLACEMENT_3D('',#17091,#13972,#13973);
#11425=AXIS2_PLACEMENT_3D('',#17092,#13974,#13975);
#11426=AXIS2_PLACEMENT_3D('',#17094,#13976,#13977);
#11427=AXIS2_PLACEMENT_3D('',#17096,#13978,#13979);
#11428=AXIS2_PLACEMENT_3D('',#17097,#13980,#13981);
#11429=AXIS2_PLACEMENT_3D('',#17099,#13982,#13983);
#11430=AXIS2_PLACEMENT_3D('',#17101,#13984,#13985);
#11431=AXIS2_PLACEMENT_3D('',#17102,#13986,#13987);
#11432=AXIS2_PLACEMENT_3D('',#17105,#13988,#13989);
#11433=AXIS2_PLACEMENT_3D('',#17107,#13990,#13991);
#11434=AXIS2_PLACEMENT_3D('',#17109,#13992,#13993);
#11435=AXIS2_PLACEMENT_3D('',#17110,#13994,#13995);
#11436=AXIS2_PLACEMENT_3D('',#17113,#13996,#13997);
#11437=AXIS2_PLACEMENT_3D('',#17115,#13998,#13999);
#11438=AXIS2_PLACEMENT_3D('',#17117,#14000,#14001);
#11439=AXIS2_PLACEMENT_3D('',#17118,#14002,#14003);
#11440=AXIS2_PLACEMENT_3D('',#17121,#14004,#14005);
#11441=AXIS2_PLACEMENT_3D('',#17123,#14006,#14007);
#11442=AXIS2_PLACEMENT_3D('',#17125,#14008,#14009);
#11443=AXIS2_PLACEMENT_3D('',#17126,#14010,#14011);
#11444=AXIS2_PLACEMENT_3D('',#17129,#14012,#14013);
#11445=AXIS2_PLACEMENT_3D('',#17131,#14014,#14015);
#11446=AXIS2_PLACEMENT_3D('',#17133,#14016,#14017);
#11447=AXIS2_PLACEMENT_3D('',#17134,#14018,#14019);
#11448=AXIS2_PLACEMENT_3D('',#17137,#14020,#14021);
#11449=AXIS2_PLACEMENT_3D('',#17139,#14022,#14023);
#11450=AXIS2_PLACEMENT_3D('',#17141,#14024,#14025);
#11451=AXIS2_PLACEMENT_3D('',#17142,#14026,#14027);
#11452=AXIS2_PLACEMENT_3D('',#17145,#14028,#14029);
#11453=AXIS2_PLACEMENT_3D('',#17147,#14030,#14031);
#11454=AXIS2_PLACEMENT_3D('',#17149,#14032,#14033);
#11455=AXIS2_PLACEMENT_3D('',#17150,#14034,#14035);
#11456=AXIS2_PLACEMENT_3D('',#17153,#14036,#14037);
#11457=AXIS2_PLACEMENT_3D('',#17155,#14038,#14039);
#11458=AXIS2_PLACEMENT_3D('',#17157,#14040,#14041);
#11459=AXIS2_PLACEMENT_3D('',#17158,#14042,#14043);
#11460=AXIS2_PLACEMENT_3D('',#17161,#14044,#14045);
#11461=AXIS2_PLACEMENT_3D('',#17163,#14046,#14047);
#11462=AXIS2_PLACEMENT_3D('',#17165,#14048,#14049);
#11463=AXIS2_PLACEMENT_3D('',#17166,#14050,#14051);
#11464=AXIS2_PLACEMENT_3D('',#17167,#14052,#14053);
#11465=AXIS2_PLACEMENT_3D('',#17170,#14054,#14055);
#11466=AXIS2_PLACEMENT_3D('',#17172,#14056,#14057);
#11467=AXIS2_PLACEMENT_3D('',#17202,#14058,#14059);
#11468=AXIS2_PLACEMENT_3D('',#17203,#14060,#14061);
#11469=AXIS2_PLACEMENT_3D('',#17206,#14062,#14063);
#11470=AXIS2_PLACEMENT_3D('',#17208,#14064,#14065);
#11471=AXIS2_PLACEMENT_3D('',#17238,#14066,#14067);
#11472=AXIS2_PLACEMENT_3D('',#17239,#14068,#14069);
#11473=AXIS2_PLACEMENT_3D('',#17242,#14070,#14071);
#11474=AXIS2_PLACEMENT_3D('',#17244,#14072,#14073);
#11475=AXIS2_PLACEMENT_3D('',#17274,#14074,#14075);
#11476=AXIS2_PLACEMENT_3D('',#17275,#14076,#14077);
#11477=AXIS2_PLACEMENT_3D('',#17278,#14078,#14079);
#11478=AXIS2_PLACEMENT_3D('',#17280,#14080,#14081);
#11479=AXIS2_PLACEMENT_3D('',#17310,#14082,#14083);
#11480=AXIS2_PLACEMENT_3D('',#17311,#14084,#14085);
#11481=AXIS2_PLACEMENT_3D('',#17314,#14086,#14087);
#11482=AXIS2_PLACEMENT_3D('',#17316,#14088,#14089);
#11483=AXIS2_PLACEMENT_3D('',#17346,#14090,#14091);
#11484=AXIS2_PLACEMENT_3D('',#17347,#14092,#14093);
#11485=AXIS2_PLACEMENT_3D('',#17350,#14094,#14095);
#11486=AXIS2_PLACEMENT_3D('',#17352,#14096,#14097);
#11487=AXIS2_PLACEMENT_3D('',#17382,#14098,#14099);
#11488=AXIS2_PLACEMENT_3D('',#17383,#14100,#14101);
#11489=AXIS2_PLACEMENT_3D('',#17386,#14102,#14103);
#11490=AXIS2_PLACEMENT_3D('',#17388,#14104,#14105);
#11491=AXIS2_PLACEMENT_3D('',#17397,#14106,#14107);
#11492=AXIS2_PLACEMENT_3D('',#17399,#14108,#14109);
#11493=AXIS2_PLACEMENT_3D('',#17407,#14110,#14111);
#11494=AXIS2_PLACEMENT_3D('',#17408,#14112,#14113);
#11495=AXIS2_PLACEMENT_3D('',#17411,#14114,#14115);
#11496=AXIS2_PLACEMENT_3D('',#17415,#14117,#14118);
#11497=AXIS2_PLACEMENT_3D('',#17417,#14120,#14121);
#11498=AXIS2_PLACEMENT_3D('',#17420,#14122,#14123);
#11499=AXIS2_PLACEMENT_3D('',#17424,#14125,#14126);
#11500=AXIS2_PLACEMENT_3D('',#17426,#14128,#14129);
#11501=AXIS2_PLACEMENT_3D('',#17428,#14130,#14131);
#11502=AXIS2_PLACEMENT_3D('',#17431,#14133,#14134);
#11503=AXIS2_PLACEMENT_3D('',#17432,#14135,#14136);
#11504=AXIS2_PLACEMENT_3D('',#17434,#14137,#14138);
#11505=AXIS2_PLACEMENT_3D('',#17437,#14140,#14141);
#11506=AXIS2_PLACEMENT_3D('',#17438,#14142,#14143);
#11507=AXIS2_PLACEMENT_3D('',#17443,#14145,#14146);
#11508=AXIS2_PLACEMENT_3D('',#17445,#14147,#14148);
#11509=AXIS2_PLACEMENT_3D('',#17447,#14149,#14150);
#11510=AXIS2_PLACEMENT_3D('',#17449,#14151,#14152);
#11511=AXIS2_PLACEMENT_3D('',#17452,#14154,#14155);
#11512=AXIS2_PLACEMENT_3D('',#17453,#14156,#14157);
#11513=AXIS2_PLACEMENT_3D('',#17458,#14159,#14160);
#11514=AXIS2_PLACEMENT_3D('',#17462,#14162,#14163);
#11515=AXIS2_PLACEMENT_3D('',#17466,#14166,#14167);
#11516=AXIS2_PLACEMENT_3D('',#17473,#14172,#14173);
#11517=AXIS2_PLACEMENT_3D('',#17478,#14175,#14176);
#11518=AXIS2_PLACEMENT_3D('',#17481,#14178,#14179);
#11519=AXIS2_PLACEMENT_3D('',#17482,#14180,#14181);
#11520=AXIS2_PLACEMENT_3D('',#17487,#14183,#14184);
#11521=AXIS2_PLACEMENT_3D('',#17490,#14186,#14187);
#11522=AXIS2_PLACEMENT_3D('',#17491,#14188,#14189);
#11523=AXIS2_PLACEMENT_3D('',#17495,#14191,#14192);
#11524=AXIS2_PLACEMENT_3D('',#17500,#14195,#14196);
#11525=AXIS2_PLACEMENT_3D('',#17502,#14198,#14199);
#11526=AXIS2_PLACEMENT_3D('',#17505,#14202,#14203);
#11527=AXIS2_PLACEMENT_3D('',#17508,#14206,#14207);
#11528=AXIS2_PLACEMENT_3D('',#17513,#14211,#14212);
#11529=AXIS2_PLACEMENT_3D('',#17516,#14213,#14214);
#11530=AXIS2_PLACEMENT_3D('',#17517,#14215,#14216);
#11531=AXIS2_PLACEMENT_3D('',#17518,#14217,#14218);
#11532=AXIS2_PLACEMENT_3D('',#17519,#14219,#14220);
#11533=AXIS2_PLACEMENT_3D('',#17520,#14221,#14222);
#11534=AXIS2_PLACEMENT_3D('',#17521,#14223,#14224);
#11535=AXIS2_PLACEMENT_3D('',#17550,#14226,#14227);
#11536=AXIS2_PLACEMENT_3D('',#17567,#14228,#14229);
#11537=AXIS2_PLACEMENT_3D('',#17569,#14230,#14231);
#11538=AXIS2_PLACEMENT_3D('',#17570,#14232,#14233);
#11539=AXIS2_PLACEMENT_3D('',#17613,#14235,#14236);
#11540=AXIS2_PLACEMENT_3D('',#17615,#14237,#14238);
#11541=AXIS2_PLACEMENT_3D('',#17616,#14239,#14240);
#11542=AXIS2_PLACEMENT_3D('',#17652,#14242,#14243);
#11543=AXIS2_PLACEMENT_3D('',#17669,#14244,#14245);
#11544=AXIS2_PLACEMENT_3D('',#17671,#14246,#14247);
#11545=AXIS2_PLACEMENT_3D('',#17672,#14248,#14249);
#11546=AXIS2_PLACEMENT_3D('',#17693,#14251,#14252);
#11547=AXIS2_PLACEMENT_3D('',#17725,#14253,#14254);
#11548=AXIS2_PLACEMENT_3D('',#17727,#14255,#14256);
#11549=AXIS2_PLACEMENT_3D('',#17728,#14257,#14258);
#11550=AXIS2_PLACEMENT_3D('',#17757,#14260,#14261);
#11551=AXIS2_PLACEMENT_3D('',#17774,#14262,#14263);
#11552=AXIS2_PLACEMENT_3D('',#17776,#14264,#14265);
#11553=AXIS2_PLACEMENT_3D('',#17777,#14266,#14267);
#11554=AXIS2_PLACEMENT_3D('',#17819,#14270,#14271);
#11555=AXIS2_PLACEMENT_3D('',#17836,#14272,#14273);
#11556=AXIS2_PLACEMENT_3D('',#17838,#14274,#14275);
#11557=AXIS2_PLACEMENT_3D('',#17839,#14276,#14277);
#11558=AXIS2_PLACEMENT_3D('',#17868,#14278,#14279);
#11559=AXIS2_PLACEMENT_3D('',#17869,#14280,#14281);
#11560=AXIS2_PLACEMENT_3D('',#17898,#14283,#14284);
#11561=AXIS2_PLACEMENT_3D('',#17915,#14285,#14286);
#11562=AXIS2_PLACEMENT_3D('',#17917,#14287,#14288);
#11563=AXIS2_PLACEMENT_3D('',#17918,#14289,#14290);
#11564=AXIS2_PLACEMENT_3D('',#17919,#14291,#14292);
#11565=AXIS2_PLACEMENT_3D('',#17920,#14293,#14294);
#11566=AXIS2_PLACEMENT_3D('',#17921,#14295,#14296);
#11567=AXIS2_PLACEMENT_3D('',#17935,#14297,#14298);
#11568=AXIS2_PLACEMENT_3D('',#17973,#14300,#14301);
#11569=AXIS2_PLACEMENT_3D('',#17974,#14302,#14303);
#11570=AXIS2_PLACEMENT_3D('',#18003,#14305,#14306);
#11571=AXIS2_PLACEMENT_3D('',#18020,#14307,#14308);
#11572=AXIS2_PLACEMENT_3D('',#18022,#14309,#14310);
#11573=AXIS2_PLACEMENT_3D('',#18023,#14311,#14312);
#11574=AXIS2_PLACEMENT_3D('',#18070,#14316,#14317);
#11575=AXIS2_PLACEMENT_3D('',#18112,#14319,#14320);
#11576=AXIS2_PLACEMENT_3D('',#18144,#14321,#14322);
#11577=AXIS2_PLACEMENT_3D('',#18146,#14323,#14324);
#11578=AXIS2_PLACEMENT_3D('',#18147,#14325,#14326);
#11579=AXIS2_PLACEMENT_3D('',#18174,#14329,#14330);
#11580=AXIS2_PLACEMENT_3D('',#18206,#14331,#14332);
#11581=AXIS2_PLACEMENT_3D('',#18208,#14333,#14334);
#11582=AXIS2_PLACEMENT_3D('',#18209,#14335,#14336);
#11583=AXIS2_PLACEMENT_3D('',#18265,#14339,#14340);
#11584=AXIS2_PLACEMENT_3D('',#18267,#14341,#14342);
#11585=AXIS2_PLACEMENT_3D('',#18268,#14343,#14344);
#11586=AXIS2_PLACEMENT_3D('',#18304,#14346,#14347);
#11587=AXIS2_PLACEMENT_3D('',#18321,#14348,#14349);
#11588=AXIS2_PLACEMENT_3D('',#18323,#14350,#14351);
#11589=AXIS2_PLACEMENT_3D('',#18324,#14352,#14353);
#11590=AXIS2_PLACEMENT_3D('',#18345,#14355,#14356);
#11591=AXIS2_PLACEMENT_3D('',#18349,#14358,#14359);
#11592=AXIS2_PLACEMENT_3D('',#18351,#14361,#14362);
#11593=AXIS2_PLACEMENT_3D('',#18353,#14363,#14364);
#11594=AXIS2_PLACEMENT_3D('',#18355,#14365,#14366);
#11595=AXIS2_PLACEMENT_3D('',#18356,#14367,#14368);
#11596=AXIS2_PLACEMENT_3D('',#18357,#14369,#14370);
#11597=AXIS2_PLACEMENT_3D('',#18361,#14372,#14373);
#11598=AXIS2_PLACEMENT_3D('',#18363,#14375,#14376);
#11599=AXIS2_PLACEMENT_3D('',#18367,#14378,#14379);
#11600=AXIS2_PLACEMENT_3D('',#18369,#14381,#14382);
#11601=AXIS2_PLACEMENT_3D('',#18373,#14384,#14385);
#11602=AXIS2_PLACEMENT_3D('',#18375,#14387,#14388);
#11603=AXIS2_PLACEMENT_3D('',#18379,#14390,#14391);
#11604=AXIS2_PLACEMENT_3D('',#18381,#14393,#14394);
#11605=AXIS2_PLACEMENT_3D('',#18384,#14397,#14398);
#11606=AXIS2_PLACEMENT_3D('',#18386,#14399,#14400);
#11607=AXIS2_PLACEMENT_3D('',#18388,#14401,#14402);
#11608=AXIS2_PLACEMENT_3D('',#18389,#14403,#14404);
#11609=AXIS2_PLACEMENT_3D('',#18390,#14405,#14406);
#11610=AXIS2_PLACEMENT_3D('',#18393,#14409,#14410);
#11611=AXIS2_PLACEMENT_3D('',#18397,#14412,#14413);
#11612=AXIS2_PLACEMENT_3D('',#18399,#14415,#14416);
#11613=AXIS2_PLACEMENT_3D('',#18403,#14418,#14419);
#11614=AXIS2_PLACEMENT_3D('',#18405,#14421,#14422);
#11615=AXIS2_PLACEMENT_3D('',#18407,#14423,#14424);
#11616=AXIS2_PLACEMENT_3D('',#18409,#14425,#14426);
#11617=AXIS2_PLACEMENT_3D('',#18410,#14427,#14428);
#11618=AXIS2_PLACEMENT_3D('',#18411,#14429,#14430);
#11619=AXIS2_PLACEMENT_3D('',#18415,#14432,#14433);
#11620=AXIS2_PLACEMENT_3D('',#18417,#14435,#14436);
#11621=AXIS2_PLACEMENT_3D('',#18421,#14438,#14439);
#11622=AXIS2_PLACEMENT_3D('',#18423,#14441,#14442);
#11623=AXIS2_PLACEMENT_3D('',#18425,#14444,#14445);
#11624=AXIS2_PLACEMENT_3D('',#18427,#14447,#14448);
#11625=AXIS2_PLACEMENT_3D('',#18428,#14449,#14450);
#11626=AXIS2_PLACEMENT_3D('',#18432,#14452,#14453);
#11627=AXIS2_PLACEMENT_3D('',#18434,#14455,#14456);
#11628=AXIS2_PLACEMENT_3D('',#18436,#14458,#14459);
#11629=AXIS2_PLACEMENT_3D('',#18438,#14461,#14462);
#11630=AXIS2_PLACEMENT_3D('',#18439,#14463,#14464);
#11631=AXIS2_PLACEMENT_3D('',#18443,#14466,#14467);
#11632=AXIS2_PLACEMENT_3D('',#18445,#14469,#14470);
#11633=AXIS2_PLACEMENT_3D('',#18447,#14472,#14473);
#11634=AXIS2_PLACEMENT_3D('',#18449,#14475,#14476);
#11635=AXIS2_PLACEMENT_3D('',#18450,#14477,#14478);
#11636=AXIS2_PLACEMENT_3D('',#18454,#14480,#14481);
#11637=AXIS2_PLACEMENT_3D('',#18456,#14483,#14484);
#11638=AXIS2_PLACEMENT_3D('',#18458,#14486,#14487);
#11639=AXIS2_PLACEMENT_3D('',#18460,#14489,#14490);
#11640=AXIS2_PLACEMENT_3D('',#18461,#14491,#14492);
#11641=AXIS2_PLACEMENT_3D('',#18465,#14494,#14495);
#11642=AXIS2_PLACEMENT_3D('',#18467,#14497,#14498);
#11643=AXIS2_PLACEMENT_3D('',#18469,#14500,#14501);
#11644=AXIS2_PLACEMENT_3D('',#18471,#14503,#14504);
#11645=AXIS2_PLACEMENT_3D('',#18472,#14505,#14506);
#11646=AXIS2_PLACEMENT_3D('',#18473,#14507,#14508);
#11647=AXIS2_PLACEMENT_3D('',#18475,#14510,#14511);
#11648=AXIS2_PLACEMENT_3D('',#18477,#14513,#14514);
#11649=AXIS2_PLACEMENT_3D('',#18478,#14515,#14516);
#11650=AXIS2_PLACEMENT_3D('',#18480,#14518,#14519);
#11651=AXIS2_PLACEMENT_3D('',#18482,#14521,#14522);
#11652=AXIS2_PLACEMENT_3D('',#18483,#14523,#14524);
#11653=AXIS2_PLACEMENT_3D('',#18487,#14526,#14527);
#11654=AXIS2_PLACEMENT_3D('',#18489,#14529,#14530);
#11655=AXIS2_PLACEMENT_3D('',#18491,#14532,#14533);
#11656=AXIS2_PLACEMENT_3D('',#18493,#14535,#14536);
#11657=AXIS2_PLACEMENT_3D('',#18494,#14537,#14538);
#11658=AXIS2_PLACEMENT_3D('',#18498,#14540,#14541);
#11659=AXIS2_PLACEMENT_3D('',#18500,#14543,#14544);
#11660=AXIS2_PLACEMENT_3D('',#18502,#14546,#14547);
#11661=AXIS2_PLACEMENT_3D('',#18504,#14549,#14550);
#11662=AXIS2_PLACEMENT_3D('',#18505,#14551,#14552);
#11663=AXIS2_PLACEMENT_3D('',#18509,#14554,#14555);
#11664=AXIS2_PLACEMENT_3D('',#18511,#14557,#14558);
#11665=AXIS2_PLACEMENT_3D('',#18513,#14560,#14561);
#11666=AXIS2_PLACEMENT_3D('',#18515,#14563,#14564);
#11667=AXIS2_PLACEMENT_3D('',#18516,#14565,#14566);
#11668=AXIS2_PLACEMENT_3D('',#18521,#14569,#14570);
#11669=AXIS2_PLACEMENT_3D('',#18522,#14571,#14572);
#11670=AXIS2_PLACEMENT_3D('',#18525,#14575,#14576);
#11671=AXIS2_PLACEMENT_3D('',#18527,#14578,#14579);
#11672=AXIS2_PLACEMENT_3D('',#18531,#14582,#14583);
#11673=AXIS2_PLACEMENT_3D('',#18532,#14584,#14585);
#11674=AXIS2_PLACEMENT_3D('',#18535,#14587,#14588);
#11675=AXIS2_PLACEMENT_3D('',#18536,#14589,#14590);
#11676=AXIS2_PLACEMENT_3D('',#18541,#14594,#14595);
#11677=AXIS2_PLACEMENT_3D('',#18542,#14596,#14597);
#11678=AXIS2_PLACEMENT_3D('',#18543,#14598,#14599);
#11679=AXIS2_PLACEMENT_3D('',#18544,#14600,#14601);
#11680=AXIS2_PLACEMENT_3D('',#18545,#14602,#14603);
#11681=AXIS2_PLACEMENT_3D('',#18546,#14604,#14605);
#11682=AXIS2_PLACEMENT_3D('',#18547,#14606,#14607);
#11683=AXIS2_PLACEMENT_3D('',#18549,#14608,#14609);
#11684=AXIS2_PLACEMENT_3D('',#18552,#14611,#14612);
#11685=AXIS2_PLACEMENT_3D('',#18553,#14613,#14614);
#11686=AXIS2_PLACEMENT_3D('',#18555,#14615,#14616);
#11687=AXIS2_PLACEMENT_3D('',#18558,#14618,#14619);
#11688=AXIS2_PLACEMENT_3D('',#18559,#14620,#14621);
#11689=AXIS2_PLACEMENT_3D('',#18561,#14622,#14623);
#11690=AXIS2_PLACEMENT_3D('',#18564,#14625,#14626);
#11691=AXIS2_PLACEMENT_3D('',#18565,#14627,#14628);
#11692=AXIS2_PLACEMENT_3D('',#18567,#14629,#14630);
#11693=AXIS2_PLACEMENT_3D('',#18570,#14632,#14633);
#11694=AXIS2_PLACEMENT_3D('',#18571,#14634,#14635);
#11695=AXIS2_PLACEMENT_3D('',#18588,#14644,#14645);
#11696=AXIS2_PLACEMENT_3D('',#18605,#14654,#14655);
#11697=AXIS2_PLACEMENT_3D('',#18622,#14664,#14665);
#11698=AXIS2_PLACEMENT_3D('',#18639,#14674,#14675);
#11699=AXIS2_PLACEMENT_3D('',#18641,#14676,#14677);
#11700=AXIS2_PLACEMENT_3D('',#18645,#14679,#14680);
#11701=AXIS2_PLACEMENT_3D('',#18648,#14682,#14683);
#11702=AXIS2_PLACEMENT_3D('',#18650,#14684,#14685);
#11703=AXIS2_PLACEMENT_3D('',#18654,#14687,#14688);
#11704=AXIS2_PLACEMENT_3D('',#18657,#14690,#14691);
#11705=AXIS2_PLACEMENT_3D('',#18659,#14692,#14693);
#11706=AXIS2_PLACEMENT_3D('',#18663,#14695,#14696);
#11707=AXIS2_PLACEMENT_3D('',#18666,#14698,#14699);
#11708=AXIS2_PLACEMENT_3D('',#18668,#14700,#14701);
#11709=AXIS2_PLACEMENT_3D('',#18672,#14703,#14704);
#11710=AXIS2_PLACEMENT_3D('',#18675,#14706,#14707);
#11711=AXIS2_PLACEMENT_3D('',#18676,#14708,#14709);
#11712=AXIS2_PLACEMENT_3D('',#18677,#14710,#14711);
#11713=AXIS2_PLACEMENT_3D('',#18678,#14712,#14713);
#11714=AXIS2_PLACEMENT_3D('',#18679,#14714,#14715);
#11715=AXIS2_PLACEMENT_3D('',#18680,#14716,#14717);
#11716=AXIS2_PLACEMENT_3D('',#18681,#14718,#14719);
#11717=AXIS2_PLACEMENT_3D('',#18687,#14723,#14724);
#11718=AXIS2_PLACEMENT_3D('',#18693,#14728,#14729);
#11719=AXIS2_PLACEMENT_3D('',#18694,#14730,#14731);
#11720=AXIS2_PLACEMENT_3D('',#18695,#14732,#14733);
#11721=AXIS2_PLACEMENT_3D('',#18696,#14734,#14735);
#11722=AXIS2_PLACEMENT_3D('',#18697,#14736,#14737);
#11723=AXIS2_PLACEMENT_3D('',#18698,#14738,#14739);
#11724=AXIS2_PLACEMENT_3D('',#18704,#14743,#14744);
#11725=AXIS2_PLACEMENT_3D('',#18710,#14748,#14749);
#11726=AXIS2_PLACEMENT_3D('',#18711,#14750,#14751);
#11727=AXIS2_PLACEMENT_3D('',#18712,#14752,#14753);
#11728=AXIS2_PLACEMENT_3D('',#18713,#14754,#14755);
#11729=AXIS2_PLACEMENT_3D('',#18714,#14756,#14757);
#11730=AXIS2_PLACEMENT_3D('',#18715,#14758,#14759);
#11731=AXIS2_PLACEMENT_3D('',#18721,#14763,#14764);
#11732=AXIS2_PLACEMENT_3D('',#18727,#14768,#14769);
#11733=AXIS2_PLACEMENT_3D('',#18728,#14770,#14771);
#11734=AXIS2_PLACEMENT_3D('',#18729,#14772,#14773);
#11735=AXIS2_PLACEMENT_3D('',#18730,#14774,#14775);
#11736=AXIS2_PLACEMENT_3D('',#18731,#14776,#14777);
#11737=AXIS2_PLACEMENT_3D('',#18732,#14778,#14779);
#11738=AXIS2_PLACEMENT_3D('',#18738,#14783,#14784);
#11739=AXIS2_PLACEMENT_3D('',#18744,#14788,#14789);
#11740=AXIS2_PLACEMENT_3D('',#18745,#14790,#14791);
#11741=AXIS2_PLACEMENT_3D('',#18746,#14792,#14793);
#11742=AXIS2_PLACEMENT_3D('',#18747,#14794,#14795);
#11743=AXIS2_PLACEMENT_3D('',#18748,#14796,#14797);
#11744=AXIS2_PLACEMENT_3D('',#18749,#14798,#14799);
#11745=AXIS2_PLACEMENT_3D('',#18750,#14800,#14801);
#11746=AXIS2_PLACEMENT_3D('',#18751,#14802,#14803);
#11747=AXIS2_PLACEMENT_3D('',#18752,#14804,#14805);
#11748=AXIS2_PLACEMENT_3D('',#18753,#14806,#14807);
#11749=AXIS2_PLACEMENT_3D('',#18754,#14808,#14809);
#11750=AXIS2_PLACEMENT_3D('',#18755,#14810,#14811);
#11751=AXIS2_PLACEMENT_3D('',#18756,#14812,#14813);
#11752=AXIS2_PLACEMENT_3D('',#18757,#14814,#14815);
#11753=AXIS2_PLACEMENT_3D('',#18758,#14816,#14817);
#11754=AXIS2_PLACEMENT_3D('',#18759,#14818,#14819);
#11755=AXIS2_PLACEMENT_3D('',#18760,#14820,#14821);
#11756=AXIS2_PLACEMENT_3D('',#18761,#14822,#14823);
#11757=AXIS2_PLACEMENT_3D('',#18762,#14824,#14825);
#11758=AXIS2_PLACEMENT_3D('',#18763,#14826,#14827);
#11759=AXIS2_PLACEMENT_3D('',#18764,#14828,#14829);
#11760=AXIS2_PLACEMENT_3D('',#18765,#14830,#14831);
#11761=AXIS2_PLACEMENT_3D('',#18766,#14832,#14833);
#11762=AXIS2_PLACEMENT_3D('',#18768,#14834,#14835);
#11763=AXIS2_PLACEMENT_3D('',#18771,#14837,#14838);
#11764=AXIS2_PLACEMENT_3D('',#18772,#14839,#14840);
#11765=AXIS2_PLACEMENT_3D('',#18775,#14841,#14842);
#11766=AXIS2_PLACEMENT_3D('',#18776,#14843,#14844);
#11767=AXIS2_PLACEMENT_3D('',#18778,#14845,#14846);
#11768=AXIS2_PLACEMENT_3D('',#18779,#14847,#14848);
#11769=AXIS2_PLACEMENT_3D('',#18780,#14849,#14850);
#11770=AXIS2_PLACEMENT_3D('',#18782,#14851,#14852);
#11771=AXIS2_PLACEMENT_3D('',#18784,#14854,#14855);
#11772=AXIS2_PLACEMENT_3D('',#18787,#14857,#14858);
#11773=AXIS2_PLACEMENT_3D('',#18788,#14859,#14860);
#11774=AXIS2_PLACEMENT_3D('',#18789,#14861,#14862);
#11775=AXIS2_PLACEMENT_3D('',#18790,#14863,#14864);
#11776=AXIS2_PLACEMENT_3D('',#18791,#14865,#14866);
#11777=AXIS2_PLACEMENT_3D('',#18792,#14867,#14868);
#11778=AXIS2_PLACEMENT_3D('',#18794,#14869,#14870);
#11779=AXIS2_PLACEMENT_3D('',#18797,#14872,#14873);
#11780=AXIS2_PLACEMENT_3D('',#18798,#14874,#14875);
#11781=AXIS2_PLACEMENT_3D('',#18801,#14876,#14877);
#11782=AXIS2_PLACEMENT_3D('',#18802,#14878,#14879);
#11783=AXIS2_PLACEMENT_3D('',#18804,#14880,#14881);
#11784=AXIS2_PLACEMENT_3D('',#18805,#14882,#14883);
#11785=AXIS2_PLACEMENT_3D('',#18806,#14884,#14885);
#11786=AXIS2_PLACEMENT_3D('',#18808,#14886,#14887);
#11787=AXIS2_PLACEMENT_3D('',#18810,#14889,#14890);
#11788=AXIS2_PLACEMENT_3D('',#18813,#14892,#14893);
#11789=AXIS2_PLACEMENT_3D('',#18814,#14894,#14895);
#11790=AXIS2_PLACEMENT_3D('',#18815,#14896,#14897);
#11791=AXIS2_PLACEMENT_3D('',#18816,#14898,#14899);
#11792=AXIS2_PLACEMENT_3D('',#18817,#14900,#14901);
#11793=AXIS2_PLACEMENT_3D('',#18818,#14902,#14903);
#11794=AXIS2_PLACEMENT_3D('',#18820,#14904,#14905);
#11795=AXIS2_PLACEMENT_3D('',#18823,#14907,#14908);
#11796=AXIS2_PLACEMENT_3D('',#18824,#14909,#14910);
#11797=AXIS2_PLACEMENT_3D('',#18826,#14911,#14912);
#11798=AXIS2_PLACEMENT_3D('',#18828,#14913,#14914);
#11799=AXIS2_PLACEMENT_3D('',#18830,#14915,#14916);
#11800=AXIS2_PLACEMENT_3D('',#18831,#14917,#14918);
#11801=AXIS2_PLACEMENT_3D('',#18832,#14919,#14920);
#11802=AXIS2_PLACEMENT_3D('',#18834,#14921,#14922);
#11803=AXIS2_PLACEMENT_3D('',#18836,#14924,#14925);
#11804=AXIS2_PLACEMENT_3D('',#18837,#14926,#14927);
#11805=AXIS2_PLACEMENT_3D('',#18838,#14928,#14929);
#11806=AXIS2_PLACEMENT_3D('',#18839,#14930,#14931);
#11807=AXIS2_PLACEMENT_3D('',#18840,#14932,#14933);
#11808=AXIS2_PLACEMENT_3D('',#18842,#14934,#14935);
#11809=AXIS2_PLACEMENT_3D('',#18845,#14937,#14938);
#11810=AXIS2_PLACEMENT_3D('',#18846,#14939,#14940);
#11811=AXIS2_PLACEMENT_3D('',#18848,#14941,#14942);
#11812=AXIS2_PLACEMENT_3D('',#18851,#14944,#14945);
#11813=AXIS2_PLACEMENT_3D('',#18852,#14946,#14947);
#11814=AXIS2_PLACEMENT_3D('',#18853,#14948,#14949);
#11815=AXIS2_PLACEMENT_3D('',#18854,#14950,#14951);
#11816=AXIS2_PLACEMENT_3D('',#18855,#14952,#14953);
#11817=AXIS2_PLACEMENT_3D('',#18856,#14954,#14955);
#11818=AXIS2_PLACEMENT_3D('',#18858,#14956,#14957);
#11819=AXIS2_PLACEMENT_3D('',#18861,#14959,#14960);
#11820=AXIS2_PLACEMENT_3D('',#18862,#14961,#14962);
#11821=AXIS2_PLACEMENT_3D('',#18864,#14963,#14964);
#11822=AXIS2_PLACEMENT_3D('',#18867,#14966,#14967);
#11823=AXIS2_PLACEMENT_3D('',#18868,#14968,#14969);
#11824=AXIS2_PLACEMENT_3D('',#18881,#14976,#14977);
#11825=AXIS2_PLACEMENT_3D('',#18890,#14982,#14983);
#11826=AXIS2_PLACEMENT_3D('',#18903,#14990,#14991);
#11827=AXIS2_PLACEMENT_3D('',#18912,#14996,#14997);
#11828=AXIS2_PLACEMENT_3D('',#18929,#15006,#15007);
#11829=AXIS2_PLACEMENT_3D('',#18932,#15010,#15011);
#11830=AXIS2_PLACEMENT_3D('',#18933,#15012,#15013);
#11831=AXIS2_PLACEMENT_3D('',#18942,#15018,#15019);
#11832=AXIS2_PLACEMENT_3D('',#18950,#15023,#15024);
#11833=AXIS2_PLACEMENT_3D('',#18954,#15027,#15028);
#11834=AXIS2_PLACEMENT_3D('',#18963,#15034,#15035);
#11835=AXIS2_PLACEMENT_3D('',#18966,#15038,#15039);
#11836=AXIS2_PLACEMENT_3D('',#18969,#15042,#15043);
#11837=AXIS2_PLACEMENT_3D('',#18972,#15046,#15047);
#11838=AXIS2_PLACEMENT_3D('',#18975,#15050,#15051);
#11839=AXIS2_PLACEMENT_3D('',#18977,#15053,#15054);
#11840=AXIS2_PLACEMENT_3D('',#18979,#15056,#15057);
#11841=AXIS2_PLACEMENT_3D('',#18980,#15058,#15059);
#11842=AXIS2_PLACEMENT_3D('',#18981,#15060,#15061);
#11843=AXIS2_PLACEMENT_3D('',#18982,#15062,#15063);
#11844=AXIS2_PLACEMENT_3D('',#18983,#15064,#15065);
#11845=AXIS2_PLACEMENT_3D('',#18985,#15067,#15068);
#11846=AXIS2_PLACEMENT_3D('',#18987,#15070,#15071);
#11847=AXIS2_PLACEMENT_3D('',#18988,#15072,#15073);
#11848=AXIS2_PLACEMENT_3D('',#18989,#15074,#15075);
#11849=AXIS2_PLACEMENT_3D('',#18990,#15076,#15077);
#11850=AXIS2_PLACEMENT_3D('',#18991,#15078,#15079);
#11851=AXIS2_PLACEMENT_3D('',#18992,#15080,#15081);
#11852=AXIS2_PLACEMENT_3D('',#18993,#15082,#15083);
#11853=AXIS2_PLACEMENT_3D('',#18994,#15084,#15085);
#11854=AXIS2_PLACEMENT_3D('',#18995,#15086,#15087);
#11855=AXIS2_PLACEMENT_3D('',#18996,#15088,#15089);
#11856=AXIS2_PLACEMENT_3D('',#18997,#15090,#15091);
#11857=AXIS2_PLACEMENT_3D('',#18998,#15092,#15093);
#11858=AXIS2_PLACEMENT_3D('',#18999,#15094,#15095);
#11859=AXIS2_PLACEMENT_3D('',#19000,#15096,#15097);
#11860=AXIS2_PLACEMENT_3D('',#19001,#15098,#15099);
#11861=AXIS2_PLACEMENT_3D('',#19002,#15100,#15101);
#11862=AXIS2_PLACEMENT_3D('',#19003,#15102,#15103);
#11863=AXIS2_PLACEMENT_3D('',#19004,#15104,#15105);
#11864=AXIS2_PLACEMENT_3D('',#19005,#15106,#15107);
#11865=AXIS2_PLACEMENT_3D('',#19006,#15108,#15109);
#11866=AXIS2_PLACEMENT_3D('',#19007,#15110,#15111);
#11867=AXIS2_PLACEMENT_3D('',#19008,#15112,#15113);
#11868=AXIS2_PLACEMENT_3D('',#19009,#15114,#15115);
#11869=AXIS2_PLACEMENT_3D('',#19010,#15116,#15117);
#11870=AXIS2_PLACEMENT_3D('',#19011,#15118,#15119);
#11871=AXIS2_PLACEMENT_3D('',#19012,#15120,#15121);
#11872=AXIS2_PLACEMENT_3D('',#19013,#15122,#15123);
#11873=DIRECTION('axis',(0.,0.,1.));
#11874=DIRECTION('refdir',(1.,0.,0.));
#11875=DIRECTION('axis',(0.,0.,1.));
#11876=DIRECTION('refdir',(1.,0.,0.));
#11877=DIRECTION('center_axis',(4.01556360179817E-16,-1.,0.));
#11878=DIRECTION('ref_axis',(1.,4.01556360179817E-16,0.));
#11879=DIRECTION('center_axis',(4.01556360179817E-16,-1.,0.));
#11880=DIRECTION('ref_axis',(1.,4.01556360179817E-16,0.));
#11881=DIRECTION('',(4.01556360179817E-16,-1.,0.));
#11882=DIRECTION('center_axis',(0.,-1.,0.));
#11883=DIRECTION('ref_axis',(0.,0.,-1.));
#11884=DIRECTION('',(4.01556360179817E-16,-1.,0.));
#11885=DIRECTION('center_axis',(4.01556360179817E-16,-1.,0.));
#11886=DIRECTION('ref_axis',(1.,4.01556360179817E-16,0.));
#11887=DIRECTION('center_axis',(4.01556360179817E-16,-1.,0.));
#11888=DIRECTION('ref_axis',(1.,4.01556360179817E-16,0.));
#11889=DIRECTION('',(4.01556360179817E-16,-1.,0.));
#11890=DIRECTION('center_axis',(0.,-1.,0.));
#11891=DIRECTION('ref_axis',(0.,0.,-1.));
#11892=DIRECTION('',(4.01556360179817E-16,-1.,0.));
#11893=DIRECTION('center_axis',(0.,1.,0.));
#11894=DIRECTION('ref_axis',(0.,0.,1.));
#11895=DIRECTION('center_axis',(0.,1.,0.));
#11896=DIRECTION('ref_axis',(0.,0.,1.));
#11897=DIRECTION('center_axis',(0.,1.,0.));
#11898=DIRECTION('ref_axis',(0.,0.,1.));
#11899=DIRECTION('',(-8.65956056235521E-17,0.707106781186525,-0.70710678118657));
#11900=DIRECTION('center_axis',(1.20466908053945E-16,-1.,0.));
#11901=DIRECTION('ref_axis',(-1.,-1.20466908053945E-16,0.));
#11902=DIRECTION('center_axis',(0.,1.,0.));
#11903=DIRECTION('ref_axis',(0.,0.,1.));
#11904=DIRECTION('center_axis',(0.,1.,0.));
#11905=DIRECTION('ref_axis',(0.,0.,1.));
#11906=DIRECTION('center_axis',(0.,1.,0.));
#11907=DIRECTION('ref_axis',(0.,0.,1.));
#11908=DIRECTION('',(-8.65956056235501E-17,0.707106781186541,-0.707106781186554));
#11909=DIRECTION('center_axis',(1.20466908053945E-16,-1.,0.));
#11910=DIRECTION('ref_axis',(-1.,-1.20466908053945E-16,0.));
#11911=DIRECTION('center_axis',(0.,-1.,0.));
#11912=DIRECTION('ref_axis',(0.,0.,-1.));
#11913=DIRECTION('',(0.,-1.,0.));
#11914=DIRECTION('center_axis',(-4.01556360179817E-16,1.,0.));
#11915=DIRECTION('ref_axis',(1.,4.01556360179817E-16,0.));
#11916=DIRECTION('center_axis',(0.,-1.,0.));
#11917=DIRECTION('ref_axis',(0.,0.,-1.));
#11918=DIRECTION('',(0.,-1.,0.));
#11919=DIRECTION('center_axis',(-4.01556360179817E-16,1.,0.));
#11920=DIRECTION('ref_axis',(1.,4.01556360179817E-16,0.));
#11921=DIRECTION('center_axis',(0.,-1.,0.));
#11922=DIRECTION('ref_axis',(0.,0.,-1.));
#11923=DIRECTION('center_axis',(0.,-1.,0.));
#11924=DIRECTION('ref_axis',(0.,0.,-1.));
#11925=DIRECTION('',(0.,-1.,0.));
#11926=DIRECTION('center_axis',(-4.01556360179817E-16,1.,0.));
#11927=DIRECTION('ref_axis',(1.,4.01556360179817E-16,0.));
#11928=DIRECTION('center_axis',(0.,-1.,0.));
#11929=DIRECTION('ref_axis',(0.,0.,-1.));
#11930=DIRECTION('center_axis',(0.,-1.,0.));
#11931=DIRECTION('ref_axis',(0.,0.,-1.));
#11932=DIRECTION('',(0.,-1.,0.));
#11933=DIRECTION('center_axis',(-4.01556360179817E-16,1.,0.));
#11934=DIRECTION('ref_axis',(1.,4.01556360179817E-16,0.));
#11935=DIRECTION('center_axis',(-0.707106781186548,0.707106781186548,0.));
#11936=DIRECTION('ref_axis',(0.,0.,-1.));
#11937=DIRECTION('',(0.,0.,-1.));
#11938=DIRECTION('',(-0.577350269189627,-0.577350269189627,0.577350269189623));
#11939=DIRECTION('',(0.,0.,1.));
#11940=DIRECTION('',(0.707106781186547,0.707106781186547,1.30493056739011E-15));
#11941=DIRECTION('center_axis',(-0.707106781186548,0.707106781186548,0.));
#11942=DIRECTION('ref_axis',(0.,0.,-1.));
#11943=DIRECTION('',(0.,0.,-1.));
#11944=DIRECTION('',(-0.707106781186547,-0.707106781186547,-1.30493056739011E-15));
#11945=DIRECTION('',(0.,0.,1.));
#11946=DIRECTION('',(0.707106781186547,0.707106781186547,0.));
#11947=DIRECTION('center_axis',(0.70710678118655,0.707106781186545,0.));
#11948=DIRECTION('ref_axis',(0.,0.,-1.));
#11949=DIRECTION('',(0.,0.,1.));
#11950=DIRECTION('',(0.577350269189626,-0.57735026918963,-0.577350269189622));
#11951=DIRECTION('',(0.,0.,-1.));
#11952=DIRECTION('',(-0.707106781186545,0.70710678118655,0.));
#11953=DIRECTION('center_axis',(0.70710678118655,0.707106781186545,0.));
#11954=DIRECTION('ref_axis',(0.,0.,-1.));
#11955=DIRECTION('',(0.,0.,1.));
#11956=DIRECTION('',(0.707106781186545,-0.70710678118655,0.));
#11957=DIRECTION('',(0.,0.,-1.));
#11958=DIRECTION('',(-0.707106781186545,0.70710678118655,0.));
#11959=DIRECTION('center_axis',(0.,0.,1.));
#11960=DIRECTION('ref_axis',(1.,0.,0.));
#11961=DIRECTION('',(-4.33680868994202E-16,-1.,0.));
#11962=DIRECTION('',(-0.707106781186548,-0.707106781186547,0.));
#11963=DIRECTION('',(-1.,-4.01556360179817E-16,0.));
#11964=DIRECTION('',(0.,1.,0.));
#11965=DIRECTION('',(-1.,-1.20466908053945E-16,0.));
#11966=DIRECTION('',(0.,-1.,0.));
#11967=DIRECTION('',(-1.,0.,0.));
#11968=DIRECTION('',(-0.707106781186545,0.70710678118655,0.));
#11969=DIRECTION('',(0.,1.,0.));
#11970=DIRECTION('',(-1.,1.92747052886312E-16,0.));
#11971=DIRECTION('center_axis',(0.,0.,1.));
#11972=DIRECTION('ref_axis',(1.,0.,0.));
#11973=DIRECTION('',(0.707106781186548,0.707106781186547,0.));
#11974=DIRECTION('',(-4.33680868994202E-16,-1.,0.));
#11975=DIRECTION('',(-1.,1.92747052886312E-16,0.));
#11976=DIRECTION('',(0.,1.,0.));
#11977=DIRECTION('',(0.707106781186545,-0.70710678118655,0.));
#11978=DIRECTION('',(-1.,0.,0.));
#11979=DIRECTION('',(0.,1.,0.));
#11980=DIRECTION('',(-1.,-1.20466908053945E-16,0.));
#11981=DIRECTION('',(0.,-1.,0.));
#11982=DIRECTION('',(-1.,-4.01556360179817E-16,0.));
#11983=DIRECTION('center_axis',(-1.,0.,0.));
#11984=DIRECTION('ref_axis',(0.,0.,1.));
#11985=DIRECTION('',(0.,0.,1.));
#11986=DIRECTION('',(0.,-1.,0.));
#11987=DIRECTION('',(0.,1.,0.));
#11988=DIRECTION('',(0.,0.,-1.));
#11989=DIRECTION('',(0.,-1.,0.));
#11990=DIRECTION('',(0.,1.,0.));
#11991=DIRECTION('',(0.,0.,-1.));
#11992=DIRECTION('',(0.,-1.,-7.25613796803879E-31));
#11993=DIRECTION('',(0.,0.,1.));
#11994=DIRECTION('',(0.,1.,0.));
#11995=DIRECTION('center_axis',(-1.20466908053945E-16,1.,0.));
#11996=DIRECTION('ref_axis',(-1.,-1.20466908053945E-16,0.));
#11997=DIRECTION('',(0.,0.,1.));
#11998=DIRECTION('',(-0.70710678118655,-8.51829675935211E-17,-0.707106781186545));
#11999=DIRECTION('',(-0.70710678118655,-8.51829675935211E-17,0.707106781186545));
#12000=DIRECTION('',(0.707106781186547,8.51829675935208E-17,0.707106781186547));
#12001=DIRECTION('',(0.70710678118655,8.51829675935211E-17,-0.707106781186545));
#12002=DIRECTION('center_axis',(1.,0.,0.));
#12003=DIRECTION('ref_axis',(0.,0.,-1.));
#12004=DIRECTION('',(0.,0.,-1.));
#12005=DIRECTION('',(0.,1.,0.));
#12006=DIRECTION('',(0.,-1.,0.));
#12007=DIRECTION('',(0.,1.,7.41052388225244E-31));
#12008=DIRECTION('',(0.,0.,1.));
#12009=DIRECTION('',(0.,-1.,-7.41052388225244E-31));
#12010=DIRECTION('',(0.,1.,0.));
#12011=DIRECTION('',(0.,0.,1.));
#12012=DIRECTION('',(0.,-1.,-1.48210477645049E-30));
#12013=DIRECTION('center_axis',(4.01556360179817E-16,-1.,0.));
#12014=DIRECTION('ref_axis',(1.,4.01556360179817E-16,0.));
#12015=DIRECTION('',(0.,0.,1.));
#12016=DIRECTION('',(0.,0.,-1.));
#12017=DIRECTION('',(1.,4.01556360179817E-16,1.80700362080917E-15));
#12018=DIRECTION('center_axis',(-4.01556360179817E-16,1.,0.));
#12019=DIRECTION('ref_axis',(1.,4.01556360179817E-16,0.));
#12020=DIRECTION('',(-1.,-4.01556360179817E-16,0.));
#12021=DIRECTION('',(1.,4.01556360179817E-16,0.));
#12022=DIRECTION('center_axis',(-4.01556360179817E-16,1.,0.));
#12023=DIRECTION('ref_axis',(1.,4.01556360179817E-16,0.));
#12024=DIRECTION('',(-1.,-4.01556360179817E-16,0.));
#12025=DIRECTION('center_axis',(1.,-4.33680868994202E-16,0.));
#12026=DIRECTION('ref_axis',(4.33680868994202E-16,1.,0.));
#12027=DIRECTION('',(0.,0.,-1.));
#12028=DIRECTION('',(0.,0.,-1.));
#12029=DIRECTION('center_axis',(-1.92747052886312E-16,-1.,0.));
#12030=DIRECTION('ref_axis',(1.,-1.92747052886312E-16,0.));
#12031=DIRECTION('',(0.,0.,-1.));
#12032=DIRECTION('center_axis',(-1.,0.,0.));
#12033=DIRECTION('ref_axis',(0.,0.,1.));
#12034=DIRECTION('',(0.,0.,1.));
#12035=DIRECTION('center_axis',(0.,-1.,0.));
#12036=DIRECTION('ref_axis',(0.,0.,-1.));
#12037=DIRECTION('',(0.,0.,-1.));
#12038=DIRECTION('',(0.,0.,1.));
#12039=DIRECTION('',(-1.,0.,-3.69090101271663E-15));
#12040=DIRECTION('center_axis',(0.,1.,0.));
#12041=DIRECTION('ref_axis',(0.,0.,-1.));
#12042=DIRECTION('',(1.,0.,0.));
#12043=DIRECTION('',(-1.,0.,-1.84545050635831E-15));
#12044=DIRECTION('center_axis',(0.,1.,0.));
#12045=DIRECTION('ref_axis',(0.,0.,-1.));
#12046=DIRECTION('',(1.,0.,1.84545050635831E-15));
#12047=DIRECTION('center_axis',(-0.707106781186548,0.707106781186548,0.));
#12048=DIRECTION('ref_axis',(0.,0.,-1.));
#12049=DIRECTION('',(0.577350269189627,0.577350269189627,0.577350269189623));
#12050=DIRECTION('',(-0.707106781186547,-0.707106781186547,-2.60986113478023E-15));
#12051=DIRECTION('center_axis',(0.70710678118655,0.707106781186545,0.));
#12052=DIRECTION('ref_axis',(0.,0.,-1.));
#12053=DIRECTION('',(-0.577350269189625,0.577350269189628,-0.577350269189625));
#12054=DIRECTION('',(0.707106781186545,-0.70710678118655,1.2777445139028E-15));
#12055=DIRECTION('center_axis',(4.01556360179817E-16,-1.,0.));
#12056=DIRECTION('ref_axis',(1.,4.01556360179817E-16,0.));
#12057=DIRECTION('',(-1.,-3.95282042052005E-16,-1.80700362080917E-15));
#12058=DIRECTION('',(-0.707106781186554,-2.83943225311739E-16,0.707106781186541));
#12059=DIRECTION('',(0.707106781186544,2.83943225311735E-16,0.707106781186551));
#12060=DIRECTION('',(1.,3.95282042052005E-16,0.));
#12061=DIRECTION('center_axis',(0.,0.,-1.));
#12062=DIRECTION('ref_axis',(-1.,0.,0.));
#12063=DIRECTION('',(0.,-1.,0.));
#12064=DIRECTION('',(0.707106781186545,-0.70710678118655,0.));
#12065=DIRECTION('',(1.,4.01556360179817E-16,0.));
#12066=DIRECTION('center_axis',(-1.80700362080917E-15,-7.25613796803879E-31,
1.));
#12067=DIRECTION('ref_axis',(1.,0.,1.80700362080917E-15));
#12068=DIRECTION('',(-0.707106781186545,0.70710678118655,-1.2777445139028E-15));
#12069=DIRECTION('',(0.,1.,7.25613796803879E-31));
#12070=DIRECTION('',(-1.,-4.01556360179817E-16,-1.80700362080917E-15));
#12071=DIRECTION('center_axis',(4.01556360179817E-16,-1.,0.));
#12072=DIRECTION('ref_axis',(1.,4.01556360179817E-16,0.));
#12073=DIRECTION('',(-1.,-3.95282042052005E-16,0.));
#12074=DIRECTION('',(-0.707106781186541,-2.83943225311734E-16,0.707106781186554));
#12075=DIRECTION('',(0.707106781186541,2.83943225311734E-16,0.707106781186554));
#12076=DIRECTION('',(1.,3.95282042052005E-16,0.));
#12077=DIRECTION('center_axis',(0.,0.,-1.));
#12078=DIRECTION('ref_axis',(-1.,0.,0.));
#12079=DIRECTION('',(0.,-1.,0.));
#12080=DIRECTION('',(0.707106781186545,-0.70710678118655,0.));
#12081=DIRECTION('',(1.,4.01556360179817E-16,0.));
#12082=DIRECTION('center_axis',(0.,0.,1.));
#12083=DIRECTION('ref_axis',(1.,0.,0.));
#12084=DIRECTION('',(-0.707106781186545,0.70710678118655,0.));
#12085=DIRECTION('',(0.,1.,0.));
#12086=DIRECTION('',(-1.,-4.01556360179817E-16,0.));
#12087=DIRECTION('center_axis',(4.01556360179817E-16,-1.,0.));
#12088=DIRECTION('ref_axis',(1.,4.01556360179817E-16,0.));
#12089=DIRECTION('center_axis',(4.01556360179817E-16,-1.,0.));
#12090=DIRECTION('ref_axis',(1.,4.01556360179817E-16,0.));
#12091=DIRECTION('',(1.,4.03692298265881E-16,3.69090101271663E-15));
#12092=DIRECTION('',(0.707106781186547,2.83943225311736E-16,-0.707106781186547));
#12093=DIRECTION('',(-0.707106781186557,-2.8394322531174E-16,-0.707106781186538));
#12094=DIRECTION('',(-1.,-4.03692298265881E-16,0.));
#12095=DIRECTION('center_axis',(4.01556360179817E-16,-1.,0.));
#12096=DIRECTION('ref_axis',(-1.,-4.01556360179817E-16,1.22464679914735E-16));
#12097=DIRECTION('',(4.01556360179817E-16,-1.,0.));
#12098=DIRECTION('center_axis',(0.,-1.,0.));
#12099=DIRECTION('ref_axis',(0.,0.,-1.));
#12100=DIRECTION('',(4.01556360179817E-16,-1.,0.));
#12101=DIRECTION('center_axis',(0.,0.,1.));
#12102=DIRECTION('ref_axis',(1.,0.,0.));
#12103=DIRECTION('',(0.,-1.,0.));
#12104=DIRECTION('',(-0.707106781186547,-0.707106781186547,0.));
#12105=DIRECTION('',(-1.,0.,0.));
#12106=DIRECTION('center_axis',(3.69090101271663E-15,1.48210477645049E-30,
-1.));
#12107=DIRECTION('ref_axis',(-1.,0.,-3.69090101271663E-15));
#12108=DIRECTION('',(1.,0.,3.69090101271663E-15));
#12109=DIRECTION('',(0.707106781186547,0.707106781186547,2.60986113478023E-15));
#12110=DIRECTION('',(0.,1.,1.48210477645049E-30));
#12111=DIRECTION('center_axis',(4.01556360179817E-16,-1.,0.));
#12112=DIRECTION('ref_axis',(1.,4.01556360179817E-16,0.));
#12113=DIRECTION('center_axis',(4.01556360179817E-16,-1.,0.));
#12114=DIRECTION('ref_axis',(1.,4.01556360179817E-16,0.));
#12115=DIRECTION('',(1.,4.03692298265881E-16,1.84545050635831E-15));
#12116=DIRECTION('',(0.707106781186548,2.83943225311736E-16,-0.707106781186548));
#12117=DIRECTION('',(-0.707106781186551,-2.83943225311738E-16,-0.707106781186544));
#12118=DIRECTION('',(-1.,-4.03692298265881E-16,-1.84545050635831E-15));
#12119=DIRECTION('center_axis',(4.01556360179817E-16,-1.,0.));
#12120=DIRECTION('ref_axis',(-1.,-4.01556360179817E-16,1.22464679914735E-16));
#12121=DIRECTION('',(4.01556360179817E-16,-1.,0.));
#12122=DIRECTION('center_axis',(0.,-1.,0.));
#12123=DIRECTION('ref_axis',(0.,0.,-1.));
#12124=DIRECTION('',(4.01556360179817E-16,-1.,0.));
#12125=DIRECTION('center_axis',(-1.84545050635831E-15,-7.41052388225244E-31,
1.));
#12126=DIRECTION('ref_axis',(1.,0.,1.84545050635831E-15));
#12127=DIRECTION('',(0.,-1.,-7.41052388225244E-31));
#12128=DIRECTION('',(-0.707106781186547,-0.707106781186547,-1.30493056739011E-15));
#12129=DIRECTION('',(-1.,0.,-1.84545050635831E-15));
#12130=DIRECTION('center_axis',(1.84545050635831E-15,7.41052388225244E-31,
-1.));
#12131=DIRECTION('ref_axis',(-1.,0.,-1.84545050635831E-15));
#12132=DIRECTION('',(0.707106781186547,0.707106781186547,1.30493056739011E-15));
#12133=DIRECTION('',(0.,1.,7.41052388225244E-31));
#12134=DIRECTION('',(1.,0.,1.84545050635831E-15));
#12135=DIRECTION('center_axis',(0.707106781186544,5.24003168928558E-31,
-0.707106781186551));
#12136=DIRECTION('ref_axis',(0.,1.,7.41052388225244E-31));
#12137=DIRECTION('',(0.678598344545851,-0.281084637714817,0.678598344545845));
#12138=DIRECTION('center_axis',(-0.5,0.499999999999998,0.707106781186549));
#12139=DIRECTION('ref_axis',(-0.707106781186548,-0.707106781186548,-1.33226762955019E-15));
#12140=DIRECTION('',(0.281084637714784,-0.678598344545873,0.678598344545836));
#12141=DIRECTION('center_axis',(1.30493056739015E-15,-0.707106781186528,
-0.707106781186567));
#12142=DIRECTION('ref_axis',(1.,0.,1.84545050635831E-15));
#12143=DIRECTION('',(0.,-0.707106781186567,0.707106781186528));
#12144=DIRECTION('center_axis',(0.,-1.,0.));
#12145=DIRECTION('ref_axis',(0.,0.,-1.));
#12146=DIRECTION('',(0.,-0.707106781186561,-0.707106781186534));
#12147=DIRECTION('center_axis',(-1.3049305673901E-15,-0.707106781186553,
0.707106781186542));
#12148=DIRECTION('ref_axis',(-1.,0.,-1.84545050635831E-15));
#12149=DIRECTION('',(0.28108463771483,-0.67859834454584,-0.67859834454585));
#12150=DIRECTION('center_axis',(-0.5,0.500000000000001,-0.707106781186547));
#12151=DIRECTION('ref_axis',(0.707106781186548,0.707106781186548,1.33226762955019E-15));
#12152=DIRECTION('',(0.678598344545847,-0.28108463771482,-0.678598344545847));
#12153=DIRECTION('center_axis',(0.707106781186548,-5.24003168928556E-31,
0.707106781186548));
#12154=DIRECTION('ref_axis',(0.,1.,7.41052388225244E-31));
#12155=DIRECTION('center_axis',(0.707106781186548,-1.04800633785711E-30,
0.707106781186548));
#12156=DIRECTION('ref_axis',(1.75162308040602E-46,1.,1.48210477645049E-30));
#12157=DIRECTION('',(-0.678598344545847,0.281084637714821,0.678598344545847));
#12158=DIRECTION('center_axis',(-0.499999999999999,0.500000000000001,-0.707106781186547));
#12159=DIRECTION('ref_axis',(0.707106781186548,0.707106781186547,2.63677968348475E-15));
#12160=DIRECTION('',(-0.281084637714802,0.678598344545859,0.678598344545843));
#12161=DIRECTION('center_axis',(-2.60986113478025E-15,-0.70710678118654,
0.707106781186555));
#12162=DIRECTION('ref_axis',(-1.,0.,-3.69090101271663E-15));
#12163=DIRECTION('',(0.,0.707106781186555,0.70710678118654));
#12164=DIRECTION('center_axis',(0.,-1.,0.));
#12165=DIRECTION('ref_axis',(0.,0.,-1.));
#12166=DIRECTION('',(0.,0.707106781186568,-0.707106781186528));
#12167=DIRECTION('center_axis',(0.,-0.70710678118654,-0.707106781186555));
#12168=DIRECTION('ref_axis',(1.,0.,0.));
#12169=DIRECTION('',(-0.281084637714825,0.678598344545854,-0.678598344545839));
#12170=DIRECTION('center_axis',(-0.499999999999994,0.499999999999994,0.707106781186556));
#12171=DIRECTION('ref_axis',(-0.707106781186548,-0.707106781186548,0.));
#12172=DIRECTION('',(-0.678598344545856,0.281084637714821,-0.678598344545838));
#12173=DIRECTION('center_axis',(0.707106781186538,0.,-0.707106781186557));
#12174=DIRECTION('ref_axis',(0.,1.,0.));
#12175=DIRECTION('center_axis',(-0.707106781186554,0.,0.707106781186541));
#12176=DIRECTION('ref_axis',(0.,1.,0.));
#12177=DIRECTION('',(-0.678598344545841,-0.281084637714819,-0.678598344545853));
#12178=DIRECTION('center_axis',(0.500000000000005,0.500000000000002,-0.707106781186542));
#12179=DIRECTION('ref_axis',(0.707106781186545,-0.70710678118655,0.));
#12180=DIRECTION('',(-0.281084637714821,-0.678598344545841,-0.678598344545853));
#12181=DIRECTION('center_axis',(2.83943225311739E-16,-0.707106781186554,
0.707106781186542));
#12182=DIRECTION('ref_axis',(-1.,-4.01556360179817E-16,-2.46519032881566E-32));
#12183=DIRECTION('',(0.,-0.707106781186542,-0.707106781186553));
#12184=DIRECTION('center_axis',(0.,-1.,0.));
#12185=DIRECTION('ref_axis',(0.,0.,-1.));
#12186=DIRECTION('',(0.,-0.707106781186529,0.707106781186566));
#12187=DIRECTION('center_axis',(2.83943225311734E-16,-0.707106781186541,
-0.707106781186554));
#12188=DIRECTION('ref_axis',(1.,4.01556360179817E-16,0.));
#12189=DIRECTION('',(-0.281084637714825,-0.678598344545852,0.67859834454584));
#12190=DIRECTION('center_axis',(0.499999999999997,0.499999999999994,0.707106781186554));
#12191=DIRECTION('ref_axis',(-0.707106781186545,0.70710678118655,0.));
#12192=DIRECTION('',(-0.678598344545835,-0.281084637714849,0.678598344545847));
#12193=DIRECTION('center_axis',(-0.707106781186554,0.,-0.707106781186541));
#12194=DIRECTION('ref_axis',(0.,1.,0.));
#12195=DIRECTION('center_axis',(-0.707106781186551,0.,0.707106781186544));
#12196=DIRECTION('ref_axis',(0.,1.,0.));
#12197=DIRECTION('',(-0.678598344545843,-0.281084637714824,-0.678598344545849));
#12198=DIRECTION('center_axis',(0.500000000000002,0.499999999999999,-0.707106781186547));
#12199=DIRECTION('ref_axis',(0.707106781186545,-0.70710678118655,0.));
#12200=DIRECTION('',(-0.281084637714824,-0.678598344545844,-0.678598344545848));
#12201=DIRECTION('center_axis',(2.83943225311737E-16,-0.70710678118655,
0.707106781186545));
#12202=DIRECTION('ref_axis',(-1.,-4.01556360179817E-16,2.46519032881566E-32));
#12203=DIRECTION('',(0.,-0.707106781186545,-0.70710678118655));
#12204=DIRECTION('center_axis',(0.,-1.,0.));
#12205=DIRECTION('ref_axis',(0.,0.,-1.));
#12206=DIRECTION('',(0.,-0.707106781186539,0.707106781186556));
#12207=DIRECTION('center_axis',(1.56168773921452E-15,-0.707106781186562,
-0.707106781186533));
#12208=DIRECTION('ref_axis',(1.,4.01556360179817E-16,1.80700362080917E-15));
#12209=DIRECTION('',(-0.281084637714825,-0.678598344545833,0.67859834454586));
#12210=DIRECTION('center_axis',(0.500000000000008,0.500000000000006,0.707106781186537));
#12211=DIRECTION('ref_axis',(-0.707106781186545,0.70710678118655,-1.30451205393456E-15));
#12212=DIRECTION('',(-0.678598344545861,-0.28108463771478,0.678598344545849));
#12213=DIRECTION('center_axis',(-0.707106781186541,5.13086436242545E-31,
-0.707106781186554));
#12214=DIRECTION('ref_axis',(4.37905770101505E-47,1.,7.25613796803879E-31));
#12215=DIRECTION('center_axis',(0.707106781186545,0.,-0.70710678118655));
#12216=DIRECTION('ref_axis',(0.,-1.,0.));
#12217=DIRECTION('center_axis',(-0.707106781186545,0.,-0.70710678118655));
#12218=DIRECTION('ref_axis',(0.,1.,0.));
#12219=DIRECTION('center_axis',(0.707106781186548,0.,-0.707106781186548));
#12220=DIRECTION('ref_axis',(0.,-1.,0.));
#12221=DIRECTION('center_axis',(-0.707106781186545,0.,-0.70710678118655));
#12222=DIRECTION('ref_axis',(0.,1.,0.));
#12223=DIRECTION('center_axis',(0.70710678118655,0.707106781186545,0.));
#12224=DIRECTION('ref_axis',(0.,0.,-1.));
#12225=DIRECTION('center_axis',(-0.707106781186547,0.707106781186548,0.));
#12226=DIRECTION('ref_axis',(0.,0.,-1.));
#12227=DIRECTION('axis',(0.,0.,1.));
#12228=DIRECTION('refdir',(1.,0.,0.));
#12229=DIRECTION('center_axis',(0.,0.,1.));
#12230=DIRECTION('ref_axis',(1.,0.,0.));
#12231=DIRECTION('center_axis',(0.,0.,1.));
#12232=DIRECTION('ref_axis',(1.,0.,0.));
#12233=DIRECTION('',(-0.707106781186576,-8.65956056235528E-17,0.707106781186519));
#12234=DIRECTION('center_axis',(0.,0.,-1.));
#12235=DIRECTION('ref_axis',(1.,0.,0.));
#12236=DIRECTION('center_axis',(0.,0.,1.));
#12237=DIRECTION('ref_axis',(1.,0.,0.));
#12238=DIRECTION('center_axis',(0.,0.,1.));
#12239=DIRECTION('ref_axis',(1.,0.,0.));
#12240=DIRECTION('',(-0.707106781186576,-8.65956056235528E-17,0.707106781186519));
#12241=DIRECTION('center_axis',(0.,0.,-1.));
#12242=DIRECTION('ref_axis',(1.,0.,0.));
#12243=DIRECTION('center_axis',(0.,0.,1.));
#12244=DIRECTION('ref_axis',(1.,0.,0.));
#12245=DIRECTION('center_axis',(0.,0.,1.));
#12246=DIRECTION('ref_axis',(1.,0.,0.));
#12247=DIRECTION('',(-0.707106781186576,-8.65956056235528E-17,0.707106781186519));
#12248=DIRECTION('center_axis',(0.,0.,-1.));
#12249=DIRECTION('ref_axis',(1.,0.,0.));
#12250=DIRECTION('center_axis',(0.,0.,1.));
#12251=DIRECTION('ref_axis',(1.,0.,0.));
#12252=DIRECTION('center_axis',(0.,0.,1.));
#12253=DIRECTION('ref_axis',(1.,0.,0.));
#12254=DIRECTION('',(-0.707106781186576,-8.65956056235528E-17,0.707106781186519));
#12255=DIRECTION('center_axis',(0.,0.,-1.));
#12256=DIRECTION('ref_axis',(1.,0.,0.));
#12257=DIRECTION('center_axis',(0.,0.,1.));
#12258=DIRECTION('ref_axis',(1.,0.,0.));
#12259=DIRECTION('center_axis',(0.,0.,1.));
#12260=DIRECTION('ref_axis',(1.,0.,0.));
#12261=DIRECTION('',(0.697997134664616,-0.113137084989851,0.707106781186537));
#12262=DIRECTION('center_axis',(0.,0.,-1.));
#12263=DIRECTION('ref_axis',(1.,0.,0.));
#12264=DIRECTION('',(0.,0.70710678118656,0.707106781186535));
#12265=DIRECTION('center_axis',(0.,0.,-1.));
#12266=DIRECTION('ref_axis',(-1.,0.,0.));
#12267=DIRECTION('center_axis',(0.,0.,1.));
#12268=DIRECTION('ref_axis',(1.,0.,0.));
#12269=DIRECTION('center_axis',(0.,0.,-1.));
#12270=DIRECTION('ref_axis',(1.,0.,0.));
#12271=DIRECTION('',(0.,0.70710678118656,0.707106781186535));
#12272=DIRECTION('center_axis',(0.,0.,-1.));
#12273=DIRECTION('ref_axis',(-1.,0.,0.));
#12274=DIRECTION('center_axis',(0.,0.,1.));
#12275=DIRECTION('ref_axis',(1.,0.,0.));
#12276=DIRECTION('',(0.,-0.707106781186566,0.707106781186529));
#12277=DIRECTION('center_axis',(0.,0.,-1.));
#12278=DIRECTION('ref_axis',(1.,0.,0.));
#12279=DIRECTION('',(0.697997134664616,0.113137084989851,0.707106781186537));
#12280=DIRECTION('center_axis',(0.,0.,1.));
#12281=DIRECTION('ref_axis',(1.,0.,0.));
#12282=DIRECTION('center_axis',(0.,0.,1.));
#12283=DIRECTION('ref_axis',(1.,0.,0.));
#12284=DIRECTION('',(0.,-0.707106781186566,0.707106781186529));
#12285=DIRECTION('center_axis',(0.,0.,-1.));
#12286=DIRECTION('ref_axis',(1.,8.1315162936413E-15,0.));
#12287=DIRECTION('center_axis',(0.,0.,-1.));
#12288=DIRECTION('ref_axis',(-1.,0.,0.));
#12289=DIRECTION('center_axis',(0.,0.,-1.));
#12290=DIRECTION('ref_axis',(1.,0.,0.));
#12291=DIRECTION('center_axis',(0.,0.,-1.));
#12292=DIRECTION('ref_axis',(1.,0.,0.));
#12293=DIRECTION('',(0.707106781186559,-8.65956056235507E-17,-0.707106781186536));
#12294=DIRECTION('center_axis',(0.,0.,1.));
#12295=DIRECTION('ref_axis',(1.,0.,0.));
#12296=DIRECTION('center_axis',(0.,0.,-1.));
#12297=DIRECTION('ref_axis',(-1.,0.,0.));
#12298=DIRECTION('center_axis',(0.,0.,-1.));
#12299=DIRECTION('ref_axis',(1.,0.,0.));
#12300=DIRECTION('center_axis',(0.,0.,-1.));
#12301=DIRECTION('ref_axis',(1.,0.,0.));
#12302=DIRECTION('',(0.707106781186559,-8.65956056235507E-17,-0.707106781186536));
#12303=DIRECTION('center_axis',(0.,0.,1.));
#12304=DIRECTION('ref_axis',(1.,0.,0.));
#12305=DIRECTION('center_axis',(0.,0.,-1.));
#12306=DIRECTION('ref_axis',(-1.,0.,0.));
#12307=DIRECTION('center_axis',(0.,0.,-1.));
#12308=DIRECTION('ref_axis',(1.,0.,0.));
#12309=DIRECTION('center_axis',(0.,0.,-1.));
#12310=DIRECTION('ref_axis',(1.,0.,0.));
#12311=DIRECTION('',(0.707106781186559,-8.65956056235507E-17,-0.707106781186536));
#12312=DIRECTION('center_axis',(0.,0.,1.));
#12313=DIRECTION('ref_axis',(1.,0.,0.));
#12314=DIRECTION('center_axis',(0.,0.,-1.));
#12315=DIRECTION('ref_axis',(-1.,0.,0.));
#12316=DIRECTION('center_axis',(0.,0.,-1.));
#12317=DIRECTION('ref_axis',(1.,0.,0.));
#12318=DIRECTION('center_axis',(0.,0.,-1.));
#12319=DIRECTION('ref_axis',(1.,0.,0.));
#12320=DIRECTION('',(0.707106781186559,-8.65956056235507E-17,-0.707106781186536));
#12321=DIRECTION('center_axis',(0.,0.,1.));
#12322=DIRECTION('ref_axis',(1.,0.,0.));
#12323=DIRECTION('center_axis',(0.,0.,-1.));
#12324=DIRECTION('ref_axis',(-1.,0.,0.));
#12325=DIRECTION('center_axis',(0.,0.,-1.));
#12326=DIRECTION('ref_axis',(1.,0.,0.));
#12327=DIRECTION('',(-0.697997134664615,-0.11313708498985,-0.707106781186538));
#12328=DIRECTION('center_axis',(0.,0.,1.));
#12329=DIRECTION('ref_axis',(1.,0.,0.));
#12330=DIRECTION('',(0.,0.707106781186555,-0.70710678118654));
#12331=DIRECTION('center_axis',(0.,0.,1.));
#12332=DIRECTION('ref_axis',(1.,0.,0.));
#12333=DIRECTION('center_axis',(0.,0.,-1.));
#12334=DIRECTION('ref_axis',(1.,0.,0.));
#12335=DIRECTION('center_axis',(0.,0.,1.));
#12336=DIRECTION('ref_axis',(1.,0.,0.));
#12337=DIRECTION('',(0.,0.707106781186558,-0.707106781186537));
#12338=DIRECTION('center_axis',(0.,0.,1.));
#12339=DIRECTION('ref_axis',(1.,0.,0.));
#12340=DIRECTION('center_axis',(0.,0.,-1.));
#12341=DIRECTION('ref_axis',(1.,0.,0.));
#12342=DIRECTION('',(0.,-0.707106781186558,-0.707106781186537));
#12343=DIRECTION('center_axis',(0.,0.,1.));
#12344=DIRECTION('ref_axis',(1.,0.,0.));
#12345=DIRECTION('',(-0.697997134664615,0.11313708498985,-0.707106781186538));
#12346=DIRECTION('center_axis',(0.,0.,-1.));
#12347=DIRECTION('ref_axis',(-1.,0.,0.));
#12348=DIRECTION('center_axis',(0.,0.,-1.));
#12349=DIRECTION('ref_axis',(1.,0.,0.));
#12350=DIRECTION('',(0.,-0.707106781186558,-0.707106781186537));
#12351=DIRECTION('center_axis',(0.,0.,1.));
#12352=DIRECTION('ref_axis',(1.,0.,0.));
#12353=DIRECTION('center_axis',(0.,0.,1.));
#12354=DIRECTION('ref_axis',(1.,0.,0.));
#12355=DIRECTION('',(0.,0.,1.));
#12356=DIRECTION('center_axis',(0.,0.,1.));
#12357=DIRECTION('ref_axis',(1.,0.,0.));
#12358=DIRECTION('',(0.,0.,1.));
#12359=DIRECTION('center_axis',(0.,0.,1.));
#12360=DIRECTION('ref_axis',(1.,0.,0.));
#12361=DIRECTION('',(0.,0.,1.));
#12362=DIRECTION('center_axis',(0.,0.,1.));
#12363=DIRECTION('ref_axis',(1.,0.,0.));
#12364=DIRECTION('',(0.,0.,1.));
#12365=DIRECTION('center_axis',(0.,0.,-1.));
#12366=DIRECTION('ref_axis',(-1.,0.,0.));
#12367=DIRECTION('center_axis',(0.,0.,1.));
#12368=DIRECTION('ref_axis',(1.,0.,0.));
#12369=DIRECTION('',(0.,0.,-1.));
#12370=DIRECTION('',(0.,0.,-1.));
#12371=DIRECTION('center_axis',(0.,0.,-1.));
#12372=DIRECTION('ref_axis',(-1.,0.,0.));
#12373=DIRECTION('',(0.,0.,-1.));
#12374=DIRECTION('center_axis',(0.,0.,1.));
#12375=DIRECTION('ref_axis',(1.,0.,0.));
#12376=DIRECTION('',(0.,0.,-1.));
#12377=DIRECTION('center_axis',(0.,0.,-1.));
#12378=DIRECTION('ref_axis',(-1.,0.,0.));
#12379=DIRECTION('',(0.,0.,-1.));
#12380=DIRECTION('center_axis',(0.,0.,1.));
#12381=DIRECTION('ref_axis',(1.,0.,0.));
#12382=DIRECTION('',(0.,0.,-1.));
#12383=DIRECTION('center_axis',(0.,0.,-1.));
#12384=DIRECTION('ref_axis',(-1.,0.,0.));
#12385=DIRECTION('center_axis',(0.,0.,1.));
#12386=DIRECTION('ref_axis',(1.,0.,0.));
#12387=DIRECTION('',(0.,0.,-1.));
#12388=DIRECTION('',(0.,0.,-1.));
#12389=DIRECTION('center_axis',(1.,0.,0.));
#12390=DIRECTION('ref_axis',(0.,0.,-1.));
#12391=DIRECTION('',(0.,0.,-1.));
#12392=DIRECTION('',(0.,-1.,0.));
#12393=DIRECTION('',(0.,0.,-1.));
#12394=DIRECTION('',(0.,1.,0.));
#12395=DIRECTION('center_axis',(0.,1.,0.));
#12396=DIRECTION('ref_axis',(0.,0.,1.));
#12397=DIRECTION('',(1.,0.,0.));
#12398=DIRECTION('',(0.,0.,-1.));
#12399=DIRECTION('',(-1.,0.,0.));
#12400=DIRECTION('center_axis',(0.,0.,-1.));
#12401=DIRECTION('ref_axis',(-1.,0.,0.));
#12402=DIRECTION('center_axis',(0.,0.,-1.));
#12403=DIRECTION('ref_axis',(1.,-1.11917643611407E-15,0.));
#12404=DIRECTION('',(0.,0.,-1.));
#12405=DIRECTION('center_axis',(0.,0.,1.));
#12406=DIRECTION('ref_axis',(1.,0.,0.));
#12407=DIRECTION('center_axis',(0.,0.,-1.));
#12408=DIRECTION('ref_axis',(-1.,0.,0.));
#12409=DIRECTION('center_axis',(0.,0.,1.));
#12410=DIRECTION('ref_axis',(1.,0.,0.));
#12411=DIRECTION('',(0.,0.,-1.));
#12412=DIRECTION('center_axis',(0.,0.,-1.));
#12413=DIRECTION('ref_axis',(1.,0.,0.));
#12414=DIRECTION('center_axis',(0.,0.,-1.));
#12415=DIRECTION('ref_axis',(-1.,0.,0.));
#12416=DIRECTION('center_axis',(0.,0.,-1.));
#12417=DIRECTION('ref_axis',(1.,2.79794109028517E-15,0.));
#12418=DIRECTION('',(0.,0.,-1.));
#12419=DIRECTION('center_axis',(0.,0.,1.));
#12420=DIRECTION('ref_axis',(1.,0.,0.));
#12421=DIRECTION('center_axis',(0.,1.,0.));
#12422=DIRECTION('ref_axis',(0.,0.,1.));
#12423=DIRECTION('',(1.,0.,0.));
#12424=DIRECTION('',(0.,0.,-1.));
#12425=DIRECTION('',(-1.,0.,0.));
#12426=DIRECTION('center_axis',(0.,0.,-1.));
#12427=DIRECTION('ref_axis',(0.761577310586392,0.648074069840784,0.));
#12428=DIRECTION('center_axis',(0.,0.,-1.));
#12429=DIRECTION('ref_axis',(1.,0.,0.));
#12430=DIRECTION('center_axis',(0.,1.,0.));
#12431=DIRECTION('ref_axis',(0.,0.,1.));
#12432=DIRECTION('',(1.,0.,0.));
#12433=DIRECTION('',(0.,0.,-1.));
#12434=DIRECTION('',(-1.,0.,0.));
#12435=DIRECTION('center_axis',(0.,0.,-1.));
#12436=DIRECTION('ref_axis',(-1.,0.,0.));
#12437=DIRECTION('center_axis',(0.,0.,1.));
#12438=DIRECTION('ref_axis',(1.,0.,0.));
#12439=DIRECTION('',(0.,0.,-1.));
#12440=DIRECTION('center_axis',(0.,0.,-1.));
#12441=DIRECTION('ref_axis',(1.,0.,0.));
#12442=DIRECTION('center_axis',(-1.,0.,0.));
#12443=DIRECTION('ref_axis',(0.,0.,1.));
#12444=DIRECTION('',(0.,1.,0.));
#12445=DIRECTION('',(0.,0.,-1.));
#12446=DIRECTION('',(0.,-1.,0.));
#12447=DIRECTION('center_axis',(0.,0.,-1.));
#12448=DIRECTION('ref_axis',(-1.,0.,0.));
#12449=DIRECTION('center_axis',(0.,0.,1.));
#12450=DIRECTION('ref_axis',(1.,0.,0.));
#12451=DIRECTION('',(0.,0.,-1.));
#12452=DIRECTION('center_axis',(0.,0.,-1.));
#12453=DIRECTION('ref_axis',(1.,0.,0.));
#12454=DIRECTION('center_axis',(0.,-1.,0.));
#12455=DIRECTION('ref_axis',(0.,0.,-1.));
#12456=DIRECTION('',(-1.,0.,0.));
#12457=DIRECTION('',(1.,0.,0.));
#12458=DIRECTION('center_axis',(0.,0.,-1.));
#12459=DIRECTION('ref_axis',(0.761577310586391,-0.648074069840785,0.));
#12460=DIRECTION('center_axis',(0.,0.,-1.));
#12461=DIRECTION('ref_axis',(1.,0.,0.));
#12462=DIRECTION('',(0.,0.,-1.));
#12463=DIRECTION('center_axis',(0.,-1.,0.));
#12464=DIRECTION('ref_axis',(0.,0.,-1.));
#12465=DIRECTION('',(-1.,0.,0.));
#12466=DIRECTION('',(0.,0.,-1.));
#12467=DIRECTION('',(1.,0.,0.));
#12468=DIRECTION('center_axis',(0.,0.,-1.));
#12469=DIRECTION('ref_axis',(-1.,0.,0.));
#12470=DIRECTION('center_axis',(0.,0.,-1.));
#12471=DIRECTION('ref_axis',(1.,0.,0.));
#12472=DIRECTION('',(0.,0.,-1.));
#12473=DIRECTION('center_axis',(0.,0.,1.));
#12474=DIRECTION('ref_axis',(1.,0.,0.));
#12475=DIRECTION('center_axis',(0.,0.,-1.));
#12476=DIRECTION('ref_axis',(-1.,0.,0.));
#12477=DIRECTION('center_axis',(0.,0.,1.));
#12478=DIRECTION('ref_axis',(1.,0.,0.));
#12479=DIRECTION('',(0.,0.,-1.));
#12480=DIRECTION('center_axis',(0.,0.,-1.));
#12481=DIRECTION('ref_axis',(1.,-1.77635683940025E-15,0.));
#12482=DIRECTION('center_axis',(0.,0.,-1.));
#12483=DIRECTION('ref_axis',(-1.,0.,0.));
#12484=DIRECTION('center_axis',(0.,0.,-1.));
#12485=DIRECTION('ref_axis',(1.,0.,0.));
#12486=DIRECTION('',(0.,0.,-1.));
#12487=DIRECTION('center_axis',(0.,0.,1.));
#12488=DIRECTION('ref_axis',(1.,0.,0.));
#12489=DIRECTION('center_axis',(0.,-1.,0.));
#12490=DIRECTION('ref_axis',(0.,0.,-1.));
#12491=DIRECTION('',(-1.,0.,0.));
#12492=DIRECTION('',(1.,0.,0.));
#12493=DIRECTION('center_axis',(0.,0.,-1.));
#12494=DIRECTION('ref_axis',(0.761577310586392,0.648074069840785,0.));
#12495=DIRECTION('',(0.,0.,-1.));
#12496=DIRECTION('center_axis',(0.,0.,-1.));
#12497=DIRECTION('ref_axis',(1.,-1.82602471155453E-15,0.));
#12498=DIRECTION('center_axis',(0.,-1.,0.));
#12499=DIRECTION('ref_axis',(0.,0.,-1.));
#12500=DIRECTION('',(-1.,0.,0.));
#12501=DIRECTION('',(0.,0.,-1.));
#12502=DIRECTION('',(1.,0.,0.));
#12503=DIRECTION('center_axis',(0.,0.,-1.));
#12504=DIRECTION('ref_axis',(-1.,0.,0.));
#12505=DIRECTION('center_axis',(0.,0.,1.));
#12506=DIRECTION('ref_axis',(1.,0.,0.));
#12507=DIRECTION('',(0.,0.,-1.));
#12508=DIRECTION('center_axis',(0.,0.,-1.));
#12509=DIRECTION('ref_axis',(1.,0.,0.));
#12510=DIRECTION('center_axis',(1.,0.,0.));
#12511=DIRECTION('ref_axis',(0.,0.,-1.));
#12512=DIRECTION('',(0.,-1.,0.));
#12513=DIRECTION('',(0.,0.,1.));
#12514=DIRECTION('',(0.,1.,0.));
#12515=DIRECTION('center_axis',(0.,0.,-1.));
#12516=DIRECTION('ref_axis',(-1.,0.,0.));
#12517=DIRECTION('center_axis',(0.,0.,1.));
#12518=DIRECTION('ref_axis',(1.,0.,0.));
#12519=DIRECTION('',(0.,0.,-1.));
#12520=DIRECTION('center_axis',(0.,0.,-1.));
#12521=DIRECTION('ref_axis',(1.,0.,0.));
#12522=DIRECTION('center_axis',(0.,1.,0.));
#12523=DIRECTION('ref_axis',(0.,0.,1.));
#12524=DIRECTION('',(1.,0.,0.));
#12525=DIRECTION('',(0.,0.,-1.));
#12526=DIRECTION('',(-1.,0.,0.));
#12527=DIRECTION('center_axis',(0.,0.,-1.));
#12528=DIRECTION('ref_axis',(0.761577310586391,-0.648074069840786,0.));
#12529=DIRECTION('center_axis',(0.,0.,-1.));
#12530=DIRECTION('ref_axis',(1.,0.,0.));
#12531=DIRECTION('center_axis',(0.,0.,1.));
#12532=DIRECTION('ref_axis',(1.,0.,0.));
#12533=DIRECTION('',(1.,0.,0.));
#12534=DIRECTION('center_axis',(0.,0.,1.));
#12535=DIRECTION('ref_axis',(1.,0.,0.));
#12536=DIRECTION('center_axis',(0.,0.,-1.));
#12537=DIRECTION('ref_axis',(1.,0.,0.));
#12538=DIRECTION('',(1.,0.,0.));
#12539=DIRECTION('center_axis',(0.,0.,-1.));
#12540=DIRECTION('ref_axis',(1.,-1.0842021724855E-15,0.));
#12541=DIRECTION('center_axis',(0.,0.,1.));
#12542=DIRECTION('ref_axis',(1.,0.,0.));
#12543=DIRECTION('center_axis',(0.,0.,-1.));
#12544=DIRECTION('ref_axis',(1.,0.,0.));
#12545=DIRECTION('',(1.,0.,0.));
#12546=DIRECTION('',(1.,0.,0.));
#12547=DIRECTION('center_axis',(0.,0.,1.));
#12548=DIRECTION('ref_axis',(1.,0.,0.));
#12549=DIRECTION('',(0.,1.,0.));
#12550=DIRECTION('center_axis',(0.,0.,1.));
#12551=DIRECTION('ref_axis',(1.,0.,0.));
#12552=DIRECTION('',(-1.,0.,0.));
#12553=DIRECTION('',(-1.,0.,0.));
#12554=DIRECTION('center_axis',(0.,0.,-1.));
#12555=DIRECTION('ref_axis',(1.,0.,0.));
#12556=DIRECTION('center_axis',(0.,0.,1.));
#12557=DIRECTION('ref_axis',(1.,0.,0.));
#12558=DIRECTION('center_axis',(0.,0.,-1.));
#12559=DIRECTION('ref_axis',(1.,1.0842021724855E-15,0.));
#12560=DIRECTION('',(-1.,0.,0.));
#12561=DIRECTION('center_axis',(0.,0.,-1.));
#12562=DIRECTION('ref_axis',(1.,0.,0.));
#12563=DIRECTION('center_axis',(0.,0.,1.));
#12564=DIRECTION('ref_axis',(1.,0.,0.));
#12565=DIRECTION('',(-1.,0.,0.));
#12566=DIRECTION('center_axis',(0.,0.,1.));
#12567=DIRECTION('ref_axis',(1.,0.,0.));
#12568=DIRECTION('',(0.,-1.,0.));
#12569=DIRECTION('center_axis',(0.,0.,-1.));
#12570=DIRECTION('ref_axis',(1.,0.,0.));
#12571=DIRECTION('',(-1.,7.88510670898549E-16,0.));
#12572=DIRECTION('',(0.,-1.,0.));
#12573=DIRECTION('',(1.,7.88510670898549E-16,0.));
#12574=DIRECTION('center_axis',(0.,0.,-1.));
#12575=DIRECTION('ref_axis',(1.,-3.06127672231201E-15,0.));
#12576=DIRECTION('',(0.,-1.,0.));
#12577=DIRECTION('center_axis',(0.,0.,1.));
#12578=DIRECTION('ref_axis',(1.,0.,0.));
#12579=DIRECTION('center_axis',(0.,0.,1.));
#12580=DIRECTION('ref_axis',(1.,0.,0.));
#12581=DIRECTION('center_axis',(0.,0.,1.));
#12582=DIRECTION('ref_axis',(1.,0.,0.));
#12583=DIRECTION('',(-1.,0.,0.));
#12584=DIRECTION('',(-1.,0.,0.));
#12585=DIRECTION('center_axis',(0.,0.,-1.));
#12586=DIRECTION('ref_axis',(1.,0.,0.));
#12587=DIRECTION('',(0.,1.,0.));
#12588=DIRECTION('center_axis',(0.,0.,1.));
#12589=DIRECTION('ref_axis',(1.,0.,0.));
#12590=DIRECTION('',(-1.,-7.88510670898549E-16,0.));
#12591=DIRECTION('',(0.,1.,0.));
#12592=DIRECTION('',(1.,-7.88510670898549E-16,0.));
#12593=DIRECTION('center_axis',(0.,0.,1.));
#12594=DIRECTION('ref_axis',(1.,0.,0.));
#12595=DIRECTION('',(0.,1.,0.));
#12596=DIRECTION('center_axis',(0.,0.,-1.));
#12597=DIRECTION('ref_axis',(1.,0.,0.));
#12598=DIRECTION('',(1.,0.,0.));
#12599=DIRECTION('',(1.,0.,0.));
#12600=DIRECTION('center_axis',(0.,0.,1.));
#12601=DIRECTION('ref_axis',(1.,0.,0.));
#12602=DIRECTION('center_axis',(0.,0.,-1.));
#12603=DIRECTION('ref_axis',(1.,1.77635683940025E-15,0.));
#12604=DIRECTION('center_axis',(0.,0.,1.));
#12605=DIRECTION('ref_axis',(1.,0.,0.));
#12606=DIRECTION('',(1.,0.,0.));
#12607=DIRECTION('center_axis',(0.,0.,1.));
#12608=DIRECTION('ref_axis',(1.,0.,0.));
#12609=DIRECTION('center_axis',(0.,0.,-1.));
#12610=DIRECTION('ref_axis',(1.,0.,0.));
#12611=DIRECTION('',(1.,0.,0.));
#12612=DIRECTION('center_axis',(0.,0.,-1.));
#12613=DIRECTION('ref_axis',(1.,0.,0.));
#12614=DIRECTION('',(0.,-1.,0.));
#12615=DIRECTION('center_axis',(0.,0.,-1.));
#12616=DIRECTION('ref_axis',(1.,0.,0.));
#12617=DIRECTION('',(-1.,0.,0.));
#12618=DIRECTION('center_axis',(0.,0.,-1.));
#12619=DIRECTION('ref_axis',(1.,0.,0.));
#12620=DIRECTION('center_axis',(0.,0.,1.));
#12621=DIRECTION('ref_axis',(1.,0.,0.));
#12622=DIRECTION('',(-1.,0.,0.));
#12623=DIRECTION('center_axis',(0.,0.,1.));
#12624=DIRECTION('ref_axis',(1.,0.,0.));
#12625=DIRECTION('center_axis',(0.,0.,-1.));
#12626=DIRECTION('ref_axis',(1.,0.,0.));
#12627=DIRECTION('center_axis',(7.88510670898549E-16,-1.,0.));
#12628=DIRECTION('ref_axis',(1.,7.88510670898549E-16,0.));
#12629=DIRECTION('',(0.,0.,1.));
#12630=DIRECTION('',(1.,7.88510670898549E-16,0.));
#12631=DIRECTION('',(0.,0.,1.));
#12632=DIRECTION('',(-1.,-7.88510670898549E-16,0.));
#12633=DIRECTION('center_axis',(-1.,0.,0.));
#12634=DIRECTION('ref_axis',(0.,0.,1.));
#12635=DIRECTION('',(0.,0.,1.));
#12636=DIRECTION('',(0.,-1.,0.));
#12637=DIRECTION('',(0.,1.,0.));
#12638=DIRECTION('center_axis',(7.88510670898549E-16,1.,0.));
#12639=DIRECTION('ref_axis',(-1.,7.88510670898549E-16,0.));
#12640=DIRECTION('',(0.,0.,-1.));
#12641=DIRECTION('',(-1.,7.88510670898549E-16,0.));
#12642=DIRECTION('',(1.,-7.88510670898549E-16,0.));
#12643=DIRECTION('center_axis',(0.,0.,1.));
#12644=DIRECTION('ref_axis',(1.,0.,0.));
#12645=DIRECTION('center_axis',(0.,0.,-1.));
#12646=DIRECTION('ref_axis',(1.,0.,0.));
#12647=DIRECTION('center_axis',(0.,0.,1.));
#12648=DIRECTION('ref_axis',(1.,0.,0.));
#12649=DIRECTION('center_axis',(0.,0.,1.));
#12650=DIRECTION('ref_axis',(1.,0.,0.));
#12651=DIRECTION('center_axis',(0.,0.,-1.));
#12652=DIRECTION('ref_axis',(1.,-3.46944695195361E-15,0.));
#12653=DIRECTION('center_axis',(0.,0.,1.));
#12654=DIRECTION('ref_axis',(1.,0.,0.));
#12655=DIRECTION('center_axis',(0.,0.,-1.));
#12656=DIRECTION('ref_axis',(-1.,0.,0.));
#12657=DIRECTION('',(-0.483898735389047,0.515598694615189,0.707106781186544));
#12658=DIRECTION('',(0.,-0.707106781186555,-0.70710678118654));
#12659=DIRECTION('center_axis',(0.,-0.707106781186537,0.707106781186558));
#12660=DIRECTION('ref_axis',(-1.,0.,0.));
#12661=DIRECTION('center_axis',(0.,0.,1.));
#12662=DIRECTION('ref_axis',(1.,0.,0.));
#12663=DIRECTION('',(0.483898735389053,0.515598694615195,0.707106781186535));
#12664=DIRECTION('center_axis',(0.,0.,-1.));
#12665=DIRECTION('ref_axis',(-1.,0.,0.));
#12666=DIRECTION('',(0.,0.707106781186555,0.70710678118654));
#12667=DIRECTION('center_axis',(0.,-0.707106781186537,0.707106781186558));
#12668=DIRECTION('ref_axis',(-1.,0.,0.));
#12669=DIRECTION('',(0.,0.707106781186558,0.707106781186537));
#12670=DIRECTION('center_axis',(0.,-0.707106781186537,0.707106781186558));
#12671=DIRECTION('ref_axis',(-1.,0.,0.));
#12672=DIRECTION('',(0.,-0.707106781186558,-0.707106781186537));
#12673=DIRECTION('center_axis',(0.,0.,-1.));
#12674=DIRECTION('ref_axis',(0.761577310586391,-0.648074069840786,0.));
#12675=DIRECTION('',(-0.697997134664615,-0.11313708498985,0.707106781186538));
#12676=DIRECTION('center_axis',(0.,0.,1.));
#12677=DIRECTION('ref_axis',(1.,0.,0.));
#12678=DIRECTION('',(0.707106781186558,0.,-0.707106781186537));
#12679=DIRECTION('center_axis',(0.,0.,1.));
#12680=DIRECTION('ref_axis',(-0.761577310586391,0.648074069840786,0.));
#12681=DIRECTION('',(0.,0.707106781186558,0.707106781186537));
#12682=DIRECTION('center_axis',(0.707106781186537,0.,0.707106781186558));
#12683=DIRECTION('ref_axis',(0.,-1.,0.));
#12684=DIRECTION('',(0.707106781186558,0.,-0.707106781186537));
#12685=DIRECTION('center_axis',(0.,-0.707106781186537,0.707106781186558));
#12686=DIRECTION('ref_axis',(-1.,0.,0.));
#12687=DIRECTION('',(0.,0.707106781186558,0.707106781186537));
#12688=DIRECTION('center_axis',(0.,0.,-1.));
#12689=DIRECTION('ref_axis',(-1.,0.,0.));
#12690=DIRECTION('',(0.,-0.707106781186549,-0.707106781186546));
#12691=DIRECTION('center_axis',(0.,0.,1.));
#12692=DIRECTION('ref_axis',(1.,0.,0.));
#12693=DIRECTION('',(0.707106781186558,0.,0.707106781186537));
#12694=DIRECTION('center_axis',(5.57561242430312E-16,0.70710678118654,-0.707106781186555));
#12695=DIRECTION('ref_axis',(-1.,7.88510670898548E-16,4.93038065763132E-32));
#12696=DIRECTION('',(0.577350269189635,-0.577350269189627,-0.577350269189615));
#12697=DIRECTION('center_axis',(-0.707106781186549,0.,0.707106781186546));
#12698=DIRECTION('ref_axis',(0.,1.,0.));
#12699=DIRECTION('',(0.707106781186546,0.,0.707106781186549));
#12700=DIRECTION('center_axis',(-0.707106781186535,0.,-0.70710678118656));
#12701=DIRECTION('ref_axis',(0.,-1.,0.));
#12702=DIRECTION('',(0.577350269189634,0.577350269189631,-0.577350269189613));
#12703=DIRECTION('center_axis',(0.,0.,1.));
#12704=DIRECTION('ref_axis',(1.,0.,0.));
#12705=DIRECTION('',(0.,-0.707106781186558,0.707106781186537));
#12706=DIRECTION('center_axis',(5.5756124243031E-16,-0.707106781186537,
-0.707106781186558));
#12707=DIRECTION('ref_axis',(1.,7.88510670898549E-16,0.));
#12708=DIRECTION('',(0.,0.707106781186557,-0.707106781186538));
#12709=DIRECTION('center_axis',(0.,0.707106781186537,0.707106781186558));
#12710=DIRECTION('ref_axis',(1.,0.,0.));
#12711=DIRECTION('',(0.,-0.707106781186558,0.707106781186537));
#12712=DIRECTION('center_axis',(0.,0.,-1.));
#12713=DIRECTION('ref_axis',(-1.,0.,0.));
#12714=DIRECTION('',(0.70710678118656,0.,-0.707106781186535));
#12715=DIRECTION('center_axis',(0.,0.,1.));
#12716=DIRECTION('ref_axis',(-0.761577310586391,-0.648074069840786,0.));
#12717=DIRECTION('',(-0.697997134664608,0.113137084989851,0.707106781186544));
#12718=DIRECTION('center_axis',(0.707106781186537,0.,0.707106781186558));
#12719=DIRECTION('ref_axis',(0.,-1.,0.));
#12720=DIRECTION('',(0.707106781186558,0.,-0.707106781186537));
#12721=DIRECTION('center_axis',(0.,0.,-1.));
#12722=DIRECTION('ref_axis',(0.761577310586392,0.648074069840784,0.));
#12723=DIRECTION('',(0.,-0.707106781186555,0.70710678118654));
#12724=DIRECTION('center_axis',(0.,0.,1.));
#12725=DIRECTION('ref_axis',(1.,0.,0.));
#12726=DIRECTION('',(0.,0.707106781186558,-0.707106781186537));
#12727=DIRECTION('center_axis',(0.,0.70710678118654,0.707106781186555));
#12728=DIRECTION('ref_axis',(1.,0.,0.));
#12729=DIRECTION('',(0.,-0.707106781186555,0.70710678118654));
#12730=DIRECTION('center_axis',(0.,0.707106781186537,0.707106781186558));
#12731=DIRECTION('ref_axis',(1.,0.,0.));
#12732=DIRECTION('center_axis',(0.,0.,-1.));
#12733=DIRECTION('ref_axis',(-1.,0.,0.));
#12734=DIRECTION('',(0.483898735389044,-0.515598694615198,0.707106781186539));
#12735=DIRECTION('center_axis',(0.,0.,1.));
#12736=DIRECTION('ref_axis',(1.,0.,0.));
#12737=DIRECTION('',(-0.483898735389041,-0.515598694615207,0.707106781186535));
#12738=DIRECTION('center_axis',(0.,0.,-1.));
#12739=DIRECTION('ref_axis',(-1.,0.,0.));
#12740=DIRECTION('',(0.,-0.707106781186555,0.70710678118654));
#12741=DIRECTION('center_axis',(0.,0.70710678118654,0.707106781186555));
#12742=DIRECTION('ref_axis',(1.,0.,0.));
#12743=DIRECTION('center_axis',(0.,0.,1.));
#12744=DIRECTION('ref_axis',(1.,0.,0.));
#12745=DIRECTION('',(0.,-0.707106781186563,0.707106781186532));
#12746=DIRECTION('',(0.483898735389052,0.515598694615198,-0.707106781186534));
#12747=DIRECTION('center_axis',(0.,0.,-1.));
#12748=DIRECTION('ref_axis',(-1.,0.,0.));
#12749=DIRECTION('',(-0.483898735389047,0.515598694615199,-0.707106781186536));
#12750=DIRECTION('center_axis',(0.,0.707106781186529,0.707106781186566));
#12751=DIRECTION('ref_axis',(1.,0.,0.));
#12752=DIRECTION('center_axis',(0.,0.,1.));
#12753=DIRECTION('ref_axis',(1.,0.,0.));
#12754=DIRECTION('',(0.,0.70710678118656,-0.707106781186535));
#12755=DIRECTION('center_axis',(0.,0.707106781186529,0.707106781186566));
#12756=DIRECTION('ref_axis',(1.,0.,0.));
#12757=DIRECTION('',(0.,0.707106781186566,-0.707106781186529));
#12758=DIRECTION('center_axis',(0.,0.,1.));
#12759=DIRECTION('ref_axis',(-0.761577310586391,-0.648074069840786,0.));
#12760=DIRECTION('',(0.697997134664615,-0.113137084989863,-0.707106781186536));
#12761=DIRECTION('center_axis',(0.,0.707106781186529,0.707106781186566));
#12762=DIRECTION('ref_axis',(1.,0.,0.));
#12763=DIRECTION('',(0.,-0.707106781186566,0.707106781186529));
#12764=DIRECTION('center_axis',(0.,0.,-1.));
#12765=DIRECTION('ref_axis',(0.761577310586392,0.648074069840784,0.));
#12766=DIRECTION('',(0.,0.70710678118656,-0.707106781186535));
#12767=DIRECTION('center_axis',(0.,0.,-1.));
#12768=DIRECTION('ref_axis',(-1.,0.,0.));
#12769=DIRECTION('',(-0.707106781186566,0.,0.707106781186529));
#12770=DIRECTION('center_axis',(0.,0.707106781186529,0.707106781186566));
#12771=DIRECTION('ref_axis',(1.,0.,0.));
#12772=DIRECTION('',(0.,0.707106781186566,-0.707106781186529));
#12773=DIRECTION('center_axis',(0.707106781186529,0.,0.707106781186566));
#12774=DIRECTION('ref_axis',(0.,-1.,0.));
#12775=DIRECTION('',(-0.707106781186566,0.,0.707106781186529));
#12776=DIRECTION('center_axis',(0.,0.,-1.));
#12777=DIRECTION('ref_axis',(-1.,0.,0.));
#12778=DIRECTION('',(-0.707106781186566,0.,-0.707106781186529));
#12779=DIRECTION('center_axis',(0.,0.,-1.));
#12780=DIRECTION('ref_axis',(-1.,0.,0.));
#12781=DIRECTION('',(0.,0.707106781186566,0.707106781186529));
#12782=DIRECTION('center_axis',(-0.707106781186529,0.,0.707106781186566));
#12783=DIRECTION('ref_axis',(0.,1.,0.));
#12784=DIRECTION('',(-0.707106781186566,0.,-0.707106781186529));
#12785=DIRECTION('center_axis',(0.,-0.707106781186535,0.70710678118656));
#12786=DIRECTION('ref_axis',(-1.,0.,0.));
#12787=DIRECTION('center_axis',(0.,0.,1.));
#12788=DIRECTION('ref_axis',(1.,0.,0.));
#12789=DIRECTION('',(0.,0.70710678118656,-0.707106781186535));
#12790=DIRECTION('center_axis',(-5.57561242430314E-16,-0.707106781186543,
-0.707106781186552));
#12791=DIRECTION('ref_axis',(-1.,7.88510670898548E-16,0.));
#12792=DIRECTION('',(-0.57735026918964,0.577350269189622,-0.577350269189615));
#12793=DIRECTION('center_axis',(0.707106781186532,0.,-0.707106781186563));
#12794=DIRECTION('ref_axis',(0.,-1.,0.));
#12795=DIRECTION('',(-0.577350269189637,-0.577350269189629,-0.577350269189612));
#12796=DIRECTION('center_axis',(0.,-0.707106781186535,0.70710678118656));
#12797=DIRECTION('ref_axis',(-1.,0.,0.));
#12798=DIRECTION('',(0.,0.70710678118656,0.707106781186535));
#12799=DIRECTION('center_axis',(-5.5756124243031E-16,0.707106781186537,
-0.707106781186558));
#12800=DIRECTION('ref_axis',(1.,7.88510670898549E-16,0.));
#12801=DIRECTION('',(0.,-0.70710678118656,-0.707106781186535));
#12802=DIRECTION('center_axis',(0.,0.,1.));
#12803=DIRECTION('ref_axis',(1.,0.,0.));
#12804=DIRECTION('',(-0.483898735389047,0.515598694615199,0.707106781186536));
#12805=DIRECTION('center_axis',(0.,0.,1.));
#12806=DIRECTION('ref_axis',(1.,0.,0.));
#12807=DIRECTION('',(-0.707106781186551,0.,-0.707106781186544));
#12808=DIRECTION('center_axis',(0.,0.,-1.));
#12809=DIRECTION('ref_axis',(-1.,0.,0.));
#12810=DIRECTION('',(0.483898735389047,0.515598694615199,0.707106781186536));
#12811=DIRECTION('center_axis',(-0.707106781186529,0.,0.707106781186566));
#12812=DIRECTION('ref_axis',(0.,1.,0.));
#12813=DIRECTION('',(-0.707106781186566,0.,-0.707106781186529));
#12814=DIRECTION('center_axis',(0.,0.,1.));
#12815=DIRECTION('ref_axis',(1.,0.,0.));
#12816=DIRECTION('',(0.,0.70710678118656,0.707106781186535));
#12817=DIRECTION('center_axis',(0.,0.,-1.));
#12818=DIRECTION('ref_axis',(-1.,0.,0.));
#12819=DIRECTION('',(0.,-0.70710678118656,-0.707106781186535));
#12820=DIRECTION('center_axis',(0.,-0.707106781186535,0.70710678118656));
#12821=DIRECTION('ref_axis',(-1.,0.,0.));
#12822=DIRECTION('',(0.,0.70710678118656,0.707106781186535));
#12823=DIRECTION('center_axis',(0.,-0.707106781186535,0.70710678118656));
#12824=DIRECTION('ref_axis',(-1.,0.,0.));
#12825=DIRECTION('',(0.,-0.70710678118656,-0.707106781186535));
#12826=DIRECTION('center_axis',(0.,0.,1.));
#12827=DIRECTION('ref_axis',(-0.761577310586391,0.648074069840786,0.));
#12828=DIRECTION('',(-0.697997134664621,-0.113137084989862,0.70710678118653));
#12829=DIRECTION('center_axis',(0.,0.,-1.));
#12830=DIRECTION('ref_axis',(0.761577310586392,-0.648074069840785,0.));
#12831=DIRECTION('axis',(0.,0.,1.));
#12832=DIRECTION('refdir',(1.,0.,0.));
#12833=DIRECTION('center_axis',(-1.,0.,0.));
#12834=DIRECTION('ref_axis',(0.,0.,1.));
#12835=DIRECTION('center_axis',(-1.,0.,0.));
#12836=DIRECTION('ref_axis',(0.,0.,-1.));
#12837=DIRECTION('',(-0.707106781186551,-0.707106781186544,0.));
#12838=DIRECTION('center_axis',(1.,0.,-1.19636101791504E-16));
#12839=DIRECTION('ref_axis',(-1.19636101791504E-16,0.,-1.));
#12840=DIRECTION('',(0.707106781186551,-0.707106781186544,0.));
#12841=DIRECTION('center_axis',(-1.,0.,0.));
#12842=DIRECTION('ref_axis',(0.,0.,1.));
#12843=DIRECTION('center_axis',(-1.,0.,0.));
#12844=DIRECTION('ref_axis',(0.,0.,-1.));
#12845=DIRECTION('',(-0.707106781186538,-8.65956056235505E-17,-0.707106781186557));
#12846=DIRECTION('center_axis',(1.,0.,-1.19636101791504E-16));
#12847=DIRECTION('ref_axis',(-1.19636101791504E-16,0.,-1.));
#12848=DIRECTION('center_axis',(1.,0.,-1.61320852862496E-16));
#12849=DIRECTION('ref_axis',(-1.61320852862496E-16,0.,-1.));
#12850=DIRECTION('center_axis',(1.,0.,-1.61320852862496E-16));
#12851=DIRECTION('ref_axis',(1.61320852862496E-16,0.,1.));
#12852=DIRECTION('',(0.707106781186533,-8.65956056235511E-17,0.707106781186562));
#12853=DIRECTION('center_axis',(-1.,0.,2.39272203583008E-16));
#12854=DIRECTION('ref_axis',(2.39272203583008E-16,0.,1.));
#12855=DIRECTION('center_axis',(-1.,0.,-1.33440267382831E-16));
#12856=DIRECTION('ref_axis',(-1.33440267382831E-16,0.,1.));
#12857=DIRECTION('center_axis',(-1.,0.,0.));
#12858=DIRECTION('ref_axis',(0.,0.,1.));
#12859=DIRECTION('',(-1.,0.,-1.33440267382831E-16));
#12860=DIRECTION('center_axis',(-1.,0.,-1.33440267382831E-16));
#12861=DIRECTION('ref_axis',(-1.33440267382831E-16,0.,1.));
#12862=DIRECTION('center_axis',(-1.,0.,0.));
#12863=DIRECTION('ref_axis',(0.,0.,1.));
#12864=DIRECTION('',(-1.,0.,-1.33440267382831E-16));
#12865=DIRECTION('',(-1.,0.,-1.33440267382831E-16));
#12866=DIRECTION('center_axis',(1.,0.,1.19636101791504E-16));
#12867=DIRECTION('ref_axis',(1.19636101791504E-16,0.,-1.));
#12868=DIRECTION('center_axis',(1.,0.,1.19636101791504E-16));
#12869=DIRECTION('ref_axis',(1.19636101791504E-16,0.,-1.));
#12870=DIRECTION('',(0.707106781186547,-8.65956056235493E-17,0.707106781186548));
#12871=DIRECTION('center_axis',(1.,0.,1.19636101791504E-16));
#12872=DIRECTION('ref_axis',(1.19636101791504E-16,0.,-1.));
#12873=DIRECTION('center_axis',(1.,0.,1.19636101791504E-16));
#12874=DIRECTION('ref_axis',(1.19636101791504E-16,0.,-1.));
#12875=DIRECTION('center_axis',(-1.,0.,0.));
#12876=DIRECTION('ref_axis',(0.,0.,-1.));
#12877=DIRECTION('',(1.,0.,1.19636101791504E-16));
#12878=DIRECTION('center_axis',(1.,0.,1.19636101791504E-16));
#12879=DIRECTION('ref_axis',(1.19636101791504E-16,0.,-1.));
#12880=DIRECTION('center_axis',(1.,0.,1.19636101791504E-16));
#12881=DIRECTION('ref_axis',(1.19636101791504E-16,0.,-1.));
#12882=DIRECTION('',(0.707106781186547,-8.65956056235493E-17,0.707106781186548));
#12883=DIRECTION('center_axis',(1.,0.,1.19636101791504E-16));
#12884=DIRECTION('ref_axis',(1.19636101791504E-16,0.,-1.));
#12885=DIRECTION('center_axis',(1.,0.,1.19636101791504E-16));
#12886=DIRECTION('ref_axis',(1.19636101791504E-16,0.,-1.));
#12887=DIRECTION('center_axis',(-1.,0.,0.));
#12888=DIRECTION('ref_axis',(0.,0.,-1.));
#12889=DIRECTION('',(1.,0.,1.19636101791504E-16));
#12890=DIRECTION('center_axis',(1.,0.,1.19636101791504E-16));
#12891=DIRECTION('ref_axis',(1.19636101791504E-16,0.,-1.));
#12892=DIRECTION('center_axis',(1.,0.,1.19636101791504E-16));
#12893=DIRECTION('ref_axis',(1.19636101791504E-16,0.,-1.));
#12894=DIRECTION('',(0.707106781186547,-8.65956056235493E-17,0.707106781186548));
#12895=DIRECTION('center_axis',(1.,0.,1.19636101791504E-16));
#12896=DIRECTION('ref_axis',(1.19636101791504E-16,0.,-1.));
#12897=DIRECTION('center_axis',(1.,0.,1.19636101791504E-16));
#12898=DIRECTION('ref_axis',(1.19636101791504E-16,0.,-1.));
#12899=DIRECTION('center_axis',(-1.,0.,0.));
#12900=DIRECTION('ref_axis',(0.,0.,-1.));
#12901=DIRECTION('',(1.,0.,1.19636101791504E-16));
#12902=DIRECTION('center_axis',(1.,0.,1.19636101791504E-16));
#12903=DIRECTION('ref_axis',(1.19636101791504E-16,0.,-1.));
#12904=DIRECTION('center_axis',(1.,0.,1.19636101791504E-16));
#12905=DIRECTION('ref_axis',(1.19636101791504E-16,0.,-1.));
#12906=DIRECTION('',(0.707106781186547,-8.65956056235493E-17,0.707106781186548));
#12907=DIRECTION('center_axis',(1.,0.,1.19636101791504E-16));
#12908=DIRECTION('ref_axis',(1.19636101791504E-16,0.,-1.));
#12909=DIRECTION('center_axis',(1.,0.,1.19636101791504E-16));
#12910=DIRECTION('ref_axis',(1.19636101791504E-16,0.,-1.));
#12911=DIRECTION('center_axis',(-1.,0.,0.));
#12912=DIRECTION('ref_axis',(0.,0.,-1.));
#12913=DIRECTION('',(1.,0.,1.19636101791504E-16));
#12914=DIRECTION('center_axis',(1.,-2.46519032881566E-32,-1.61320852862495E-16));
#12915=DIRECTION('ref_axis',(-1.61320852862495E-16,3.97686606312917E-48,
-1.));
#12916=DIRECTION('center_axis',(-1.,0.,0.));
#12917=DIRECTION('ref_axis',(0.,0.,-1.));
#12918=DIRECTION('',(1.,-2.46519032881566E-32,-1.61320852862495E-16));
#12919=DIRECTION('center_axis',(0.,-1.,0.));
#12920=DIRECTION('ref_axis',(0.,0.,-1.));
#12921=DIRECTION('center_axis',(0.,-1.,0.));
#12922=DIRECTION('ref_axis',(0.,0.,1.));
#12923=DIRECTION('',(-8.65956056235484E-17,-0.707106781186555,0.70710678118654));
#12924=DIRECTION('center_axis',(0.,1.,0.));
#12925=DIRECTION('ref_axis',(0.,0.,1.));
#12926=DIRECTION('center_axis',(0.,-1.,0.));
#12927=DIRECTION('ref_axis',(0.,0.,-1.));
#12928=DIRECTION('center_axis',(0.,-1.,0.));
#12929=DIRECTION('ref_axis',(0.,0.,-1.));
#12930=DIRECTION('',(0.,-1.,0.));
#12931=DIRECTION('center_axis',(0.,1.,0.));
#12932=DIRECTION('ref_axis',(0.,0.,-1.));
#12933=DIRECTION('',(0.,-1.,0.));
#12934=DIRECTION('center_axis',(0.,1.,0.));
#12935=DIRECTION('ref_axis',(0.,0.,-1.));
#12936=DIRECTION('',(0.,1.,0.));
#12937=DIRECTION('center_axis',(0.,-1.,0.));
#12938=DIRECTION('ref_axis',(0.,0.,-1.));
#12939=DIRECTION('center_axis',(0.,-1.,0.));
#12940=DIRECTION('ref_axis',(0.,0.,1.));
#12941=DIRECTION('',(-0.487659849094169,-0.707106781186547,-0.512042841548882));
#12942=DIRECTION('center_axis',(0.,1.,0.));
#12943=DIRECTION('ref_axis',(0.,0.,1.));
#12944=DIRECTION('',(0.487659849094169,-0.707106781186547,-0.512042841548882));
#12945=DIRECTION('center_axis',(0.,-1.,0.));
#12946=DIRECTION('ref_axis',(0.,0.,-1.));
#12947=DIRECTION('center_axis',(0.,-1.,0.));
#12948=DIRECTION('ref_axis',(0.,0.,-1.));
#12949=DIRECTION('',(-8.65956056235512E-17,-0.707106781186532,0.707106781186563));
#12950=DIRECTION('center_axis',(0.,-1.,0.));
#12951=DIRECTION('ref_axis',(0.,0.,-1.));
#12952=DIRECTION('center_axis',(0.,-1.,0.));
#12953=DIRECTION('ref_axis',(0.,0.,-1.));
#12954=DIRECTION('center_axis',(0.,1.,0.));
#12955=DIRECTION('ref_axis',(0.,0.,-1.));
#12956=DIRECTION('',(0.,-1.,0.));
#12957=DIRECTION('center_axis',(0.,-1.,0.));
#12958=DIRECTION('ref_axis',(0.,0.,-1.));
#12959=DIRECTION('center_axis',(0.,-1.,0.));
#12960=DIRECTION('ref_axis',(0.,0.,-1.));
#12961=DIRECTION('',(-8.65956056235512E-17,-0.707106781186532,0.707106781186563));
#12962=DIRECTION('center_axis',(0.,-1.,0.));
#12963=DIRECTION('ref_axis',(0.,0.,-1.));
#12964=DIRECTION('center_axis',(0.,-1.,0.));
#12965=DIRECTION('ref_axis',(0.,0.,-1.));
#12966=DIRECTION('center_axis',(0.,1.,0.));
#12967=DIRECTION('ref_axis',(0.,0.,-1.));
#12968=DIRECTION('',(0.,-1.,0.));
#12969=DIRECTION('center_axis',(0.,-1.,0.));
#12970=DIRECTION('ref_axis',(0.,0.,-1.));
#12971=DIRECTION('center_axis',(0.,-1.,0.));
#12972=DIRECTION('ref_axis',(0.,0.,-1.));
#12973=DIRECTION('',(-8.65956056235512E-17,-0.707106781186532,0.707106781186563));
#12974=DIRECTION('center_axis',(0.,-1.,0.));
#12975=DIRECTION('ref_axis',(0.,0.,-1.));
#12976=DIRECTION('center_axis',(0.,-1.,0.));
#12977=DIRECTION('ref_axis',(0.,0.,-1.));
#12978=DIRECTION('center_axis',(0.,1.,0.));
#12979=DIRECTION('ref_axis',(0.,0.,-1.));
#12980=DIRECTION('',(0.,-1.,0.));
#12981=DIRECTION('center_axis',(0.,-1.,0.));
#12982=DIRECTION('ref_axis',(0.,0.,-1.));
#12983=DIRECTION('center_axis',(0.,-1.,0.));
#12984=DIRECTION('ref_axis',(0.,0.,-1.));
#12985=DIRECTION('',(-8.65956056235512E-17,-0.707106781186532,0.707106781186563));
#12986=DIRECTION('center_axis',(0.,-1.,0.));
#12987=DIRECTION('ref_axis',(0.,0.,-1.));
#12988=DIRECTION('center_axis',(0.,-1.,0.));
#12989=DIRECTION('ref_axis',(0.,0.,-1.));
#12990=DIRECTION('center_axis',(0.,1.,0.));
#12991=DIRECTION('ref_axis',(0.,0.,-1.));
#12992=DIRECTION('',(0.,-1.,0.));
#12993=DIRECTION('center_axis',(0.,0.,1.));
#12994=DIRECTION('ref_axis',(1.,0.,0.));
#12995=DIRECTION('center_axis',(0.,0.,1.));
#12996=DIRECTION('ref_axis',(-1.,0.,0.));
#12997=DIRECTION('',(-0.707106781186552,-8.65956056235498E-17,0.707106781186543));
#12998=DIRECTION('center_axis',(0.,0.,-1.));
#12999=DIRECTION('ref_axis',(-1.,0.,0.));
#13000=DIRECTION('center_axis',(0.,0.,1.));
#13001=DIRECTION('ref_axis',(1.,0.,0.));
#13002=DIRECTION('center_axis',(0.,0.,1.));
#13003=DIRECTION('ref_axis',(-1.,0.,0.));
#13004=DIRECTION('',(0.,-0.707106781186551,0.707106781186544));
#13005=DIRECTION('center_axis',(0.,0.,-1.));
#13006=DIRECTION('ref_axis',(-1.,0.,0.));
#13007=DIRECTION('',(0.,-0.707106781186551,-0.707106781186544));
#13008=DIRECTION('center_axis',(0.,0.,-1.));
#13009=DIRECTION('ref_axis',(-1.,0.,0.));
#13010=DIRECTION('center_axis',(0.,0.,-1.));
#13011=DIRECTION('ref_axis',(1.,0.,0.));
#13012=DIRECTION('',(0.707106781186552,-8.65956056235498E-17,-0.707106781186543));
#13013=DIRECTION('center_axis',(0.,0.,1.));
#13014=DIRECTION('ref_axis',(1.,0.,0.));
#13015=DIRECTION('center_axis',(0.,0.,-1.));
#13016=DIRECTION('ref_axis',(-1.,0.,0.));
#13017=DIRECTION('center_axis',(0.,0.,-1.));
#13018=DIRECTION('ref_axis',(1.,0.,0.));
#13019=DIRECTION('',(0.,0.707106781186547,0.707106781186547));
#13020=DIRECTION('center_axis',(0.,0.,1.));
#13021=DIRECTION('ref_axis',(1.,0.,0.));
#13022=DIRECTION('',(0.,-0.707106781186547,0.707106781186547));
#13023=DIRECTION('center_axis',(-1.,0.,2.77555756156289E-16));
#13024=DIRECTION('ref_axis',(2.77555756156289E-16,0.,1.));
#13025=DIRECTION('center_axis',(-1.,0.,2.77555756156289E-16));
#13026=DIRECTION('ref_axis',(2.77555756156289E-16,0.,1.));
#13027=DIRECTION('',(-0.707106781186534,-8.6595605623551E-17,-0.707106781186561));
#13028=DIRECTION('center_axis',(-1.,0.,2.77555756156289E-16));
#13029=DIRECTION('ref_axis',(2.77555756156289E-16,0.,1.));
#13030=DIRECTION('center_axis',(-1.,0.,2.77555756156289E-16));
#13031=DIRECTION('ref_axis',(2.77555756156289E-16,0.,1.));
#13032=DIRECTION('center_axis',(-1.,0.,1.19636101791504E-16));
#13033=DIRECTION('ref_axis',(1.19636101791504E-16,0.,1.));
#13034=DIRECTION('',(-1.,0.,2.77555756156289E-16));
#13035=DIRECTION('center_axis',(-1.,0.,2.77555756156289E-16));
#13036=DIRECTION('ref_axis',(2.77555756156289E-16,0.,1.));
#13037=DIRECTION('center_axis',(-1.,0.,2.77555756156289E-16));
#13038=DIRECTION('ref_axis',(2.77555756156289E-16,0.,1.));
#13039=DIRECTION('',(-0.707106781186534,-8.6595605623551E-17,-0.707106781186561));
#13040=DIRECTION('center_axis',(-1.,0.,2.77555756156289E-16));
#13041=DIRECTION('ref_axis',(2.77555756156289E-16,0.,1.));
#13042=DIRECTION('center_axis',(-1.,0.,2.77555756156289E-16));
#13043=DIRECTION('ref_axis',(2.77555756156289E-16,0.,1.));
#13044=DIRECTION('center_axis',(-1.,0.,1.19636101791504E-16));
#13045=DIRECTION('ref_axis',(1.19636101791504E-16,0.,1.));
#13046=DIRECTION('',(-1.,0.,2.77555756156289E-16));
#13047=DIRECTION('center_axis',(-1.,0.,2.77555756156289E-16));
#13048=DIRECTION('ref_axis',(2.77555756156289E-16,0.,1.));
#13049=DIRECTION('center_axis',(-1.,0.,2.77555756156289E-16));
#13050=DIRECTION('ref_axis',(2.77555756156289E-16,0.,1.));
#13051=DIRECTION('',(-0.707106781186534,-8.6595605623551E-17,-0.707106781186561));
#13052=DIRECTION('center_axis',(-1.,0.,2.77555756156289E-16));
#13053=DIRECTION('ref_axis',(2.77555756156289E-16,0.,1.));
#13054=DIRECTION('center_axis',(-1.,0.,2.77555756156289E-16));
#13055=DIRECTION('ref_axis',(2.77555756156289E-16,0.,1.));
#13056=DIRECTION('center_axis',(-1.,0.,1.19636101791504E-16));
#13057=DIRECTION('ref_axis',(1.19636101791504E-16,0.,1.));
#13058=DIRECTION('',(-1.,0.,2.77555756156289E-16));
#13059=DIRECTION('center_axis',(-1.,0.,2.77555756156289E-16));
#13060=DIRECTION('ref_axis',(2.77555756156289E-16,0.,1.));
#13061=DIRECTION('center_axis',(-1.,0.,2.77555756156289E-16));
#13062=DIRECTION('ref_axis',(2.77555756156289E-16,0.,1.));
#13063=DIRECTION('',(-0.707106781186534,-8.6595605623551E-17,-0.707106781186561));
#13064=DIRECTION('center_axis',(-1.,0.,2.77555756156289E-16));
#13065=DIRECTION('ref_axis',(2.77555756156289E-16,0.,1.));
#13066=DIRECTION('center_axis',(-1.,0.,2.77555756156289E-16));
#13067=DIRECTION('ref_axis',(2.77555756156289E-16,0.,1.));
#13068=DIRECTION('center_axis',(-1.,0.,1.19636101791504E-16));
#13069=DIRECTION('ref_axis',(1.19636101791504E-16,0.,1.));
#13070=DIRECTION('',(-1.,0.,2.77555756156289E-16));
#13071=DIRECTION('center_axis',(0.,0.,-1.));
#13072=DIRECTION('ref_axis',(-1.,0.,0.));
#13073=DIRECTION('center_axis',(0.,0.,-1.));
#13074=DIRECTION('ref_axis',(-1.,0.,0.));
#13075=DIRECTION('',(0.,0.,-1.));
#13076=DIRECTION('',(0.,0.,-1.));
#13077=DIRECTION('center_axis',(0.,0.,-1.));
#13078=DIRECTION('ref_axis',(-1.,0.,0.));
#13079=DIRECTION('center_axis',(0.,0.,-1.));
#13080=DIRECTION('ref_axis',(-1.,0.,0.));
#13081=DIRECTION('',(0.,0.,-1.));
#13082=DIRECTION('center_axis',(0.,0.,-1.));
#13083=DIRECTION('ref_axis',(-1.,0.,0.));
#13084=DIRECTION('center_axis',(0.,0.,-1.));
#13085=DIRECTION('ref_axis',(-1.,0.,0.));
#13086=DIRECTION('',(0.707106781186563,-8.65956056235512E-17,-0.707106781186532));
#13087=DIRECTION('center_axis',(0.,0.,-1.));
#13088=DIRECTION('ref_axis',(-1.,0.,0.));
#13089=DIRECTION('center_axis',(0.,0.,-1.));
#13090=DIRECTION('ref_axis',(-1.,0.,0.));
#13091=DIRECTION('center_axis',(0.,0.,-1.));
#13092=DIRECTION('ref_axis',(-1.,0.,0.));
#13093=DIRECTION('',(0.,0.,-1.));
#13094=DIRECTION('center_axis',(0.,0.,-1.));
#13095=DIRECTION('ref_axis',(-1.,0.,0.));
#13096=DIRECTION('center_axis',(0.,0.,-1.));
#13097=DIRECTION('ref_axis',(-1.,0.,0.));
#13098=DIRECTION('',(0.707106781186563,-8.65956056235512E-17,-0.707106781186532));
#13099=DIRECTION('center_axis',(0.,0.,-1.));
#13100=DIRECTION('ref_axis',(-1.,0.,0.));
#13101=DIRECTION('center_axis',(0.,0.,-1.));
#13102=DIRECTION('ref_axis',(-1.,0.,0.));
#13103=DIRECTION('center_axis',(0.,0.,-1.));
#13104=DIRECTION('ref_axis',(-1.,0.,0.));
#13105=DIRECTION('',(0.,0.,-1.));
#13106=DIRECTION('center_axis',(0.,0.,-1.));
#13107=DIRECTION('ref_axis',(-1.,0.,0.));
#13108=DIRECTION('center_axis',(0.,0.,-1.));
#13109=DIRECTION('ref_axis',(-1.,0.,0.));
#13110=DIRECTION('',(0.707106781186563,-8.65956056235512E-17,-0.707106781186532));
#13111=DIRECTION('center_axis',(0.,0.,-1.));
#13112=DIRECTION('ref_axis',(-1.,0.,0.));
#13113=DIRECTION('center_axis',(0.,0.,-1.));
#13114=DIRECTION('ref_axis',(-1.,0.,0.));
#13115=DIRECTION('center_axis',(0.,0.,-1.));
#13116=DIRECTION('ref_axis',(-1.,0.,0.));
#13117=DIRECTION('',(0.,0.,-1.));
#13118=DIRECTION('center_axis',(0.,0.,-1.));
#13119=DIRECTION('ref_axis',(-1.,0.,0.));
#13120=DIRECTION('center_axis',(0.,0.,-1.));
#13121=DIRECTION('ref_axis',(-1.,0.,0.));
#13122=DIRECTION('',(0.707106781186563,-8.65956056235512E-17,-0.707106781186532));
#13123=DIRECTION('center_axis',(0.,0.,-1.));
#13124=DIRECTION('ref_axis',(-1.,0.,0.));
#13125=DIRECTION('center_axis',(0.,0.,-1.));
#13126=DIRECTION('ref_axis',(-1.,0.,0.));
#13127=DIRECTION('center_axis',(0.,0.,-1.));
#13128=DIRECTION('ref_axis',(-1.,0.,0.));
#13129=DIRECTION('',(0.,0.,-1.));
#13130=DIRECTION('center_axis',(0.,0.,1.));
#13131=DIRECTION('ref_axis',(1.,0.,0.));
#13132=DIRECTION('center_axis',(0.,0.,1.));
#13133=DIRECTION('ref_axis',(1.,0.,0.));
#13134=DIRECTION('',(0.,0.,1.));
#13135=DIRECTION('',(0.,0.,1.));
#13136=DIRECTION('center_axis',(0.,0.,1.));
#13137=DIRECTION('ref_axis',(1.,0.,0.));
#13138=DIRECTION('center_axis',(0.,0.,1.));
#13139=DIRECTION('ref_axis',(1.,0.,0.));
#13140=DIRECTION('',(0.,0.,1.));
#13141=DIRECTION('center_axis',(0.,0.,1.));
#13142=DIRECTION('ref_axis',(1.,0.,0.));
#13143=DIRECTION('center_axis',(0.,0.,1.));
#13144=DIRECTION('ref_axis',(1.,0.,0.));
#13145=DIRECTION('',(-0.707106781186563,-8.65956056235512E-17,0.707106781186532));
#13146=DIRECTION('center_axis',(0.,0.,1.));
#13147=DIRECTION('ref_axis',(1.,0.,0.));
#13148=DIRECTION('center_axis',(0.,0.,1.));
#13149=DIRECTION('ref_axis',(1.,0.,0.));
#13150=DIRECTION('center_axis',(0.,0.,1.));
#13151=DIRECTION('ref_axis',(1.,0.,0.));
#13152=DIRECTION('',(0.,0.,1.));
#13153=DIRECTION('center_axis',(0.,0.,1.));
#13154=DIRECTION('ref_axis',(1.,0.,0.));
#13155=DIRECTION('center_axis',(0.,0.,1.));
#13156=DIRECTION('ref_axis',(1.,0.,0.));
#13157=DIRECTION('',(-0.707106781186563,-8.65956056235512E-17,0.707106781186532));
#13158=DIRECTION('center_axis',(0.,0.,1.));
#13159=DIRECTION('ref_axis',(1.,0.,0.));
#13160=DIRECTION('center_axis',(0.,0.,1.));
#13161=DIRECTION('ref_axis',(1.,0.,0.));
#13162=DIRECTION('center_axis',(0.,0.,1.));
#13163=DIRECTION('ref_axis',(1.,0.,0.));
#13164=DIRECTION('',(0.,0.,1.));
#13165=DIRECTION('center_axis',(0.,0.,1.));
#13166=DIRECTION('ref_axis',(1.,0.,0.));
#13167=DIRECTION('center_axis',(0.,0.,1.));
#13168=DIRECTION('ref_axis',(1.,0.,0.));
#13169=DIRECTION('',(-0.707106781186563,-8.65956056235512E-17,0.707106781186532));
#13170=DIRECTION('center_axis',(0.,0.,1.));
#13171=DIRECTION('ref_axis',(1.,0.,0.));
#13172=DIRECTION('center_axis',(0.,0.,1.));
#13173=DIRECTION('ref_axis',(1.,0.,0.));
#13174=DIRECTION('center_axis',(0.,0.,1.));
#13175=DIRECTION('ref_axis',(1.,0.,0.));
#13176=DIRECTION('',(0.,0.,1.));
#13177=DIRECTION('center_axis',(0.,0.,1.));
#13178=DIRECTION('ref_axis',(1.,0.,0.));
#13179=DIRECTION('center_axis',(0.,0.,1.));
#13180=DIRECTION('ref_axis',(1.,0.,0.));
#13181=DIRECTION('',(-0.707106781186563,-8.65956056235512E-17,0.707106781186532));
#13182=DIRECTION('center_axis',(0.,0.,1.));
#13183=DIRECTION('ref_axis',(1.,0.,0.));
#13184=DIRECTION('center_axis',(0.,0.,1.));
#13185=DIRECTION('ref_axis',(1.,0.,0.));
#13186=DIRECTION('center_axis',(0.,0.,1.));
#13187=DIRECTION('ref_axis',(1.,0.,0.));
#13188=DIRECTION('',(0.,0.,1.));
#13189=DIRECTION('center_axis',(0.,1.,0.));
#13190=DIRECTION('ref_axis',(0.,0.,1.));
#13191=DIRECTION('center_axis',(0.,-1.,0.));
#13192=DIRECTION('ref_axis',(0.,0.,1.));
#13193=DIRECTION('',(0.,1.,0.));
#13194=DIRECTION('center_axis',(0.,1.,0.));
#13195=DIRECTION('ref_axis',(0.,0.,-1.));
#13196=DIRECTION('',(0.,-1.,0.));
#13197=DIRECTION('center_axis',(1.38777878078145E-16,0.,1.));
#13198=DIRECTION('ref_axis',(1.,0.,-1.38777878078145E-16));
#13199=DIRECTION('',(-2.46519032881566E-32,-1.,3.42113882891801E-48));
#13200=DIRECTION('',(-1.,0.,0.));
#13201=DIRECTION('',(0.,-1.,0.));
#13202=DIRECTION('',(1.,0.,-1.38777878078145E-16));
#13203=DIRECTION('center_axis',(-1.38777878078145E-16,0.,-1.));
#13204=DIRECTION('ref_axis',(-1.,0.,1.38777878078145E-16));
#13205=DIRECTION('',(0.,1.,0.));
#13206=DIRECTION('',(-1.,0.,0.));
#13207=DIRECTION('',(2.46519032881566E-32,1.,-3.42113882891801E-48));
#13208=DIRECTION('',(-1.,0.,1.38777878078145E-16));
#13209=DIRECTION('center_axis',(0.,1.,0.));
#13210=DIRECTION('ref_axis',(0.,0.,1.));
#13211=DIRECTION('center_axis',(0.,-1.,0.));
#13212=DIRECTION('ref_axis',(-5.78241158658934E-15,0.,1.));
#13213=DIRECTION('center_axis',(1.,0.,-1.19636101791504E-16));
#13214=DIRECTION('ref_axis',(-1.19636101791504E-16,0.,-1.));
#13215=DIRECTION('',(1.19636101791504E-16,0.,1.));
#13216=DIRECTION('',(0.,-1.,1.26737788199219E-16));
#13217=DIRECTION('',(1.19636101791504E-16,0.,1.));
#13218=DIRECTION('',(0.,-1.,0.));
#13219=DIRECTION('',(1.19636101791504E-16,0.,1.));
#13220=DIRECTION('',(-1.19636101791504E-16,0.,-1.));
#13221=DIRECTION('center_axis',(1.,0.,-1.19636101791504E-16));
#13222=DIRECTION('ref_axis',(-1.19636101791504E-16,0.,-1.));
#13223=DIRECTION('center_axis',(1.,0.,1.3043033653961E-16));
#13224=DIRECTION('ref_axis',(1.3043033653961E-16,0.,-1.));
#13225=DIRECTION('',(-1.3043033653961E-16,0.,1.));
#13226=DIRECTION('',(0.,-1.,0.));
#13227=DIRECTION('',(-1.3043033653961E-16,0.,1.));
#13228=DIRECTION('',(0.,1.,0.));
#13229=DIRECTION('center_axis',(0.70710678118656,0.707106781186535,9.22281754396031E-17));
#13230=DIRECTION('ref_axis',(-1.3043033653961E-16,0.,1.));
#13231=DIRECTION('',(0.707106781186535,-0.70710678118656,9.22281754395998E-17));
#13232=DIRECTION('',(1.3043033653961E-16,0.,-1.));
#13233=DIRECTION('',(0.707106781186529,-0.707106781186566,0.));
#13234=DIRECTION('center_axis',(1.,0.,-1.19636101791504E-16));
#13235=DIRECTION('ref_axis',(-1.19636101791504E-16,0.,-1.));
#13236=DIRECTION('',(1.19636101791504E-16,0.,1.));
#13237=DIRECTION('',(0.,1.,-1.26737788199219E-16));
#13238=DIRECTION('',(1.19636101791504E-16,0.,1.));
#13239=DIRECTION('',(0.,1.,0.));
#13240=DIRECTION('center_axis',(0.,1.,0.));
#13241=DIRECTION('ref_axis',(0.,0.,1.));
#13242=DIRECTION('center_axis',(0.,-1.,0.));
#13243=DIRECTION('ref_axis',(0.,0.,1.));
#13244=DIRECTION('',(1.,0.,-1.38777878078145E-16));
#13245=DIRECTION('',(-2.39272203583008E-16,0.,-1.));
#13246=DIRECTION('',(-0.707106781186549,0.,0.707106781186546));
#13247=DIRECTION('',(-1.,0.,0.));
#13248=DIRECTION('',(-0.707106781186523,0.,0.707106781186572));
#13249=DIRECTION('',(1.,0.,0.));
#13250=DIRECTION('',(-0.707106781186539,0.,-0.707106781186556));
#13251=DIRECTION('',(-1.,0.,0.));
#13252=DIRECTION('',(-0.707106781186522,0.,0.707106781186573));
#13253=DIRECTION('',(1.,0.,0.));
#13254=DIRECTION('',(-0.707106781186546,0.,-0.707106781186549));
#13255=DIRECTION('',(-1.,0.,0.));
#13256=DIRECTION('',(-0.707106781186543,0.,-0.707106781186552));
#13257=DIRECTION('',(-1.,0.,1.19636101791504E-16));
#13258=DIRECTION('',(0.,0.,1.));
#13259=DIRECTION('',(-1.,0.,1.19636101791504E-16));
#13260=DIRECTION('',(0.707106781186547,0.,-0.707106781186547));
#13261=DIRECTION('',(-1.,0.,0.));
#13262=DIRECTION('',(0.707106781186522,0.,-0.707106781186573));
#13263=DIRECTION('',(-1.,0.,0.));
#13264=DIRECTION('',(0.707106781186537,0.,0.707106781186558));
#13265=DIRECTION('',(-1.,0.,0.));
#13266=DIRECTION('',(0.707106781186521,0.,-0.707106781186574));
#13267=DIRECTION('',(-1.,0.,0.));
#13268=DIRECTION('',(0.707106781186544,0.,0.707106781186551));
#13269=DIRECTION('',(-1.,0.,0.));
#13270=DIRECTION('',(0.707106781186543,0.,0.707106781186552));
#13271=DIRECTION('',(-2.39272203583008E-16,0.,-1.));
#13272=DIRECTION('',(-1.,0.,1.38777878078145E-16));
#13273=DIRECTION('center_axis',(0.,-1.,0.));
#13274=DIRECTION('ref_axis',(0.,0.,1.));
#13275=DIRECTION('',(1.3043033653961E-16,0.,-1.));
#13276=DIRECTION('center_axis',(0.,1.,0.));
#13277=DIRECTION('ref_axis',(0.,0.,1.));
#13278=DIRECTION('',(-1.,0.,-1.14586043389034E-16));
#13279=DIRECTION('center_axis',(0.,1.,0.));
#13280=DIRECTION('ref_axis',(0.,0.,1.));
#13281=DIRECTION('center_axis',(0.,-1.,0.));
#13282=DIRECTION('ref_axis',(0.,0.,1.));
#13283=DIRECTION('',(-1.,0.,-1.33440267382831E-16));
#13284=DIRECTION('center_axis',(0.,-1.,0.));
#13285=DIRECTION('ref_axis',(0.,0.,1.));
#13286=DIRECTION('center_axis',(0.,-1.,0.));
#13287=DIRECTION('ref_axis',(9.57088814332026E-15,0.,1.));
#13288=DIRECTION('',(-1.,0.,-1.33440267382831E-16));
#13289=DIRECTION('center_axis',(0.,-1.,0.));
#13290=DIRECTION('ref_axis',(0.,0.,1.));
#13291=DIRECTION('center_axis',(0.,1.,0.));
#13292=DIRECTION('ref_axis',(0.,0.,1.));
#13293=DIRECTION('',(-1.,0.,1.14586043389034E-16));
#13294=DIRECTION('center_axis',(0.,1.,0.));
#13295=DIRECTION('ref_axis',(0.,0.,1.));
#13296=DIRECTION('',(-1.3043033653961E-16,0.,1.));
#13297=DIRECTION('',(-1.3043033653961E-16,0.,1.));
#13298=DIRECTION('',(-1.3043033653961E-16,0.,1.));
#13299=DIRECTION('center_axis',(0.,1.,0.));
#13300=DIRECTION('ref_axis',(0.,0.,1.));
#13301=DIRECTION('',(1.,0.,0.));
#13302=DIRECTION('center_axis',(0.,1.,0.));
#13303=DIRECTION('ref_axis',(0.,0.,1.));
#13304=DIRECTION('center_axis',(0.,-1.,0.));
#13305=DIRECTION('ref_axis',(0.,0.,1.));
#13306=DIRECTION('',(1.,0.,0.));
#13307=DIRECTION('center_axis',(0.,-1.,0.));
#13308=DIRECTION('ref_axis',(1.79454152687255E-15,0.,1.));
#13309=DIRECTION('center_axis',(0.,1.,0.));
#13310=DIRECTION('ref_axis',(0.,0.,1.));
#13311=DIRECTION('center_axis',(0.,-1.,0.));
#13312=DIRECTION('ref_axis',(1.79454152687255E-15,0.,1.));
#13313=DIRECTION('',(1.,0.,0.));
#13314=DIRECTION('center_axis',(0.,-1.,0.));
#13315=DIRECTION('ref_axis',(0.,0.,1.));
#13316=DIRECTION('center_axis',(0.,1.,0.));
#13317=DIRECTION('ref_axis',(0.,0.,1.));
#13318=DIRECTION('',(1.,0.,0.));
#13319=DIRECTION('center_axis',(0.,1.,0.));
#13320=DIRECTION('ref_axis',(0.,0.,1.));
#13321=DIRECTION('',(-1.,0.,0.));
#13322=DIRECTION('center_axis',(0.,1.,0.));
#13323=DIRECTION('ref_axis',(0.,0.,1.));
#13324=DIRECTION('',(1.,0.,0.));
#13325=DIRECTION('center_axis',(0.,1.,0.));
#13326=DIRECTION('ref_axis',(0.,0.,1.));
#13327=DIRECTION('center_axis',(-0.707106781186548,0.707106781186548,-9.22281754396014E-17));
#13328=DIRECTION('ref_axis',(1.3043033653961E-16,0.,-1.));
#13329=DIRECTION('',(-0.707106781186547,-0.707106781186547,6.19512491589242E-17));
#13330=DIRECTION('',(0.707106781186554,0.707106781186541,0.));
#13331=DIRECTION('',(1.3043033653961E-16,0.,-1.));
#13332=DIRECTION('center_axis',(0.,1.,0.));
#13333=DIRECTION('ref_axis',(1.22464679914735E-16,0.,-1.));
#13334=DIRECTION('',(0.,1.,0.));
#13335=DIRECTION('center_axis',(0.,1.,0.));
#13336=DIRECTION('ref_axis',(0.,0.,-1.));
#13337=DIRECTION('',(0.,-1.,0.));
#13338=DIRECTION('center_axis',(0.,0.,-1.));
#13339=DIRECTION('ref_axis',(-1.,0.,0.));
#13340=DIRECTION('',(-1.,0.,0.));
#13341=DIRECTION('',(0.,-1.,0.));
#13342=DIRECTION('',(-1.,0.,0.));
#13343=DIRECTION('',(0.,1.,0.));
#13344=DIRECTION('center_axis',(-1.33440267382831E-16,0.,1.));
#13345=DIRECTION('ref_axis',(1.,0.,1.33440267382831E-16));
#13346=DIRECTION('',(1.,0.,1.33440267382831E-16));
#13347=DIRECTION('',(0.,-1.,0.));
#13348=DIRECTION('',(1.,0.,1.33440267382831E-16));
#13349=DIRECTION('',(0.,1.,0.));
#13350=DIRECTION('center_axis',(0.,-1.,0.));
#13351=DIRECTION('ref_axis',(0.,0.,-1.));
#13352=DIRECTION('center_axis',(0.,1.,0.));
#13353=DIRECTION('ref_axis',(0.,0.,-1.));
#13354=DIRECTION('',(0.,1.,0.));
#13355=DIRECTION('center_axis',(0.,1.,0.));
#13356=DIRECTION('ref_axis',(0.,0.,1.));
#13357=DIRECTION('',(0.,1.,0.));
#13358=DIRECTION('center_axis',(0.,1.,0.));
#13359=DIRECTION('ref_axis',(0.,0.,1.));
#13360=DIRECTION('center_axis',(0.,1.,0.));
#13361=DIRECTION('ref_axis',(0.,0.,-1.));
#13362=DIRECTION('',(0.,-1.,0.));
#13363=DIRECTION('center_axis',(0.,1.,0.));
#13364=DIRECTION('ref_axis',(0.,0.,1.));
#13365=DIRECTION('center_axis',(0.,1.,0.));
#13366=DIRECTION('ref_axis',(0.,0.,1.));
#13367=DIRECTION('center_axis',(0.,1.,0.));
#13368=DIRECTION('ref_axis',(0.,0.,-1.));
#13369=DIRECTION('',(0.,-1.,0.));
#13370=DIRECTION('center_axis',(0.,1.,0.));
#13371=DIRECTION('ref_axis',(0.,0.,1.));
#13372=DIRECTION('center_axis',(0.,-1.,0.));
#13373=DIRECTION('ref_axis',(0.,0.,-1.));
#13374=DIRECTION('center_axis',(0.,1.,0.));
#13375=DIRECTION('ref_axis',(0.,0.,-1.));
#13376=DIRECTION('',(0.,1.,0.));
#13377=DIRECTION('center_axis',(0.,1.,0.));
#13378=DIRECTION('ref_axis',(0.,0.,1.));
#13379=DIRECTION('',(0.,1.,0.));
#13380=DIRECTION('center_axis',(0.,1.,0.));
#13381=DIRECTION('ref_axis',(0.,0.,1.));
#13382=DIRECTION('',(-1.,0.,1.19636101791504E-16));
#13383=DIRECTION('',(0.,0.,-1.));
#13384=DIRECTION('',(-1.,0.,1.19636101791504E-16));
#13385=DIRECTION('',(0.707106781186543,0.,0.707106781186552));
#13386=DIRECTION('',(1.,0.,0.));
#13387=DIRECTION('',(0.707106781186546,0.,0.707106781186549));
#13388=DIRECTION('',(1.,0.,0.));
#13389=DIRECTION('',(0.707106781186522,0.,-0.707106781186573));
#13390=DIRECTION('',(1.,0.,0.));
#13391=DIRECTION('',(0.707106781186539,0.,0.707106781186556));
#13392=DIRECTION('',(1.,0.,0.));
#13393=DIRECTION('',(0.707106781186523,0.,-0.707106781186572));
#13394=DIRECTION('',(1.,0.,0.));
#13395=DIRECTION('',(0.707106781186549,0.,-0.707106781186546));
#13396=DIRECTION('',(-2.39272203583008E-16,0.,-1.));
#13397=DIRECTION('',(-0.707106781186543,0.,-0.707106781186552));
#13398=DIRECTION('',(-1.,0.,0.));
#13399=DIRECTION('',(-0.707106781186544,0.,-0.707106781186551));
#13400=DIRECTION('',(-1.,0.,0.));
#13401=DIRECTION('',(-0.707106781186521,0.,0.707106781186574));
#13402=DIRECTION('',(1.,0.,0.));
#13403=DIRECTION('',(-0.707106781186537,0.,-0.707106781186558));
#13404=DIRECTION('',(-1.,0.,0.));
#13405=DIRECTION('',(-0.707106781186522,0.,0.707106781186573));
#13406=DIRECTION('',(-1.,0.,0.));
#13407=DIRECTION('',(-0.707106781186547,0.,0.707106781186547));
#13408=DIRECTION('',(0.,0.,-1.));
#13409=DIRECTION('center_axis',(-1.,0.,2.39272203583008E-16));
#13410=DIRECTION('ref_axis',(2.39272203583008E-16,0.,1.));
#13411=DIRECTION('',(2.39272203583008E-16,0.,1.));
#13412=DIRECTION('',(-1.6919099770299E-16,-0.707106781186562,-0.707106781186533));
#13413=DIRECTION('',(0.,1.,0.));
#13414=DIRECTION('',(0.,-1.,0.));
#13415=DIRECTION('',(-1.69190997702993E-16,0.707106781186549,-0.707106781186546));
#13416=DIRECTION('center_axis',(0.,0.,-1.));
#13417=DIRECTION('ref_axis',(-1.,0.,0.));
#13418=DIRECTION('',(-3.46944695195361E-16,-1.,0.));
#13419=DIRECTION('',(2.22044604925031E-16,1.,0.));
#13420=DIRECTION('center_axis',(0.707106781186552,0.,-0.707106781186543));
#13421=DIRECTION('ref_axis',(0.,-1.,0.));
#13422=DIRECTION('',(0.,1.,0.));
#13423=DIRECTION('center_axis',(-0.707106781186546,0.,-0.707106781186549));
#13424=DIRECTION('ref_axis',(0.,-1.,0.));
#13425=DIRECTION('',(0.,-1.,0.));
#13426=DIRECTION('center_axis',(0.,0.,-1.));
#13427=DIRECTION('ref_axis',(-1.,0.,0.));
#13428=DIRECTION('',(0.,1.,0.));
#13429=DIRECTION('',(-2.22044604925031E-16,-1.,0.));
#13430=DIRECTION('',(1.,0.,0.));
#13431=DIRECTION('',(-1.,0.,0.));
#13432=DIRECTION('center_axis',(0.,0.,-1.));
#13433=DIRECTION('ref_axis',(-1.,0.,0.));
#13434=DIRECTION('center_axis',(0.,0.,1.));
#13435=DIRECTION('ref_axis',(1.,0.,0.));
#13436=DIRECTION('',(2.22044604925031E-16,1.,0.));
#13437=DIRECTION('',(0.,-1.,0.));
#13438=DIRECTION('center_axis',(0.707106781186548,0.,0.707106781186548));
#13439=DIRECTION('ref_axis',(0.,-1.,0.));
#13440=DIRECTION('',(0.,-1.,0.));
#13441=DIRECTION('center_axis',(-0.707106781186552,0.,0.707106781186543));
#13442=DIRECTION('ref_axis',(0.,-1.,0.));
#13443=DIRECTION('',(0.,1.,0.));
#13444=DIRECTION('center_axis',(0.,0.,1.));
#13445=DIRECTION('ref_axis',(1.,0.,0.));
#13446=DIRECTION('',(-2.22044604925031E-16,-1.,0.));
#13447=DIRECTION('',(3.46944695195361E-16,1.,0.));
#13448=DIRECTION('',(1.,0.,0.));
#13449=DIRECTION('center_axis',(0.,0.,1.));
#13450=DIRECTION('ref_axis',(1.,0.,0.));
#13451=DIRECTION('',(-1.,0.,0.));
#13452=DIRECTION('center_axis',(0.,0.,1.));
#13453=DIRECTION('ref_axis',(-1.,-1.22464679914735E-16,0.));
#13454=DIRECTION('',(0.,0.,1.));
#13455=DIRECTION('center_axis',(0.,0.,1.));
#13456=DIRECTION('ref_axis',(1.,0.,0.));
#13457=DIRECTION('',(0.,0.,1.));
#13458=DIRECTION('center_axis',(0.,0.,1.));
#13459=DIRECTION('ref_axis',(-1.,0.,0.));
#13460=DIRECTION('center_axis',(0.,1.,0.));
#13461=DIRECTION('ref_axis',(0.,0.,1.));
#13462=DIRECTION('',(-1.,0.,0.));
#13463=DIRECTION('',(-1.,0.,0.));
#13464=DIRECTION('center_axis',(0.,-1.,0.));
#13465=DIRECTION('ref_axis',(0.,0.,-1.));
#13466=DIRECTION('',(1.,0.,0.));
#13467=DIRECTION('',(1.,0.,0.));
#13468=DIRECTION('center_axis',(0.,0.,-1.));
#13469=DIRECTION('ref_axis',(1.,-1.22464679914735E-16,0.));
#13470=DIRECTION('',(0.,0.,-1.));
#13471=DIRECTION('center_axis',(0.,0.,-1.));
#13472=DIRECTION('ref_axis',(-1.,0.,0.));
#13473=DIRECTION('',(0.,0.,-1.));
#13474=DIRECTION('center_axis',(0.,0.,-1.));
#13475=DIRECTION('ref_axis',(1.,0.,0.));
#13476=DIRECTION('center_axis',(0.,1.,0.));
#13477=DIRECTION('ref_axis',(0.,0.,1.));
#13478=DIRECTION('',(1.,0.,0.));
#13479=DIRECTION('',(1.,0.,0.));
#13480=DIRECTION('center_axis',(0.,-1.,0.));
#13481=DIRECTION('ref_axis',(0.,0.,-1.));
#13482=DIRECTION('',(-1.,0.,0.));
#13483=DIRECTION('',(-1.,0.,0.));
#13484=DIRECTION('center_axis',(0.,0.,-1.));
#13485=DIRECTION('ref_axis',(-1.,0.,0.));
#13486=DIRECTION('',(-2.22044604925031E-16,-1.,0.));
#13487=DIRECTION('',(-2.22044604925031E-16,-1.,0.));
#13488=DIRECTION('center_axis',(0.,0.,-1.));
#13489=DIRECTION('ref_axis',(-1.,0.,0.));
#13490=DIRECTION('',(0.,-1.,0.));
#13491=DIRECTION('center_axis',(0.,0.,-1.));
#13492=DIRECTION('ref_axis',(-1.,0.,0.));
#13493=DIRECTION('',(-3.46944695195361E-16,-1.,0.));
#13494=DIRECTION('center_axis',(0.,0.,1.));
#13495=DIRECTION('ref_axis',(-1.,0.,0.));
#13496=DIRECTION('',(-2.22044604925031E-16,-1.,0.));
#13497=DIRECTION('',(-2.22044604925031E-16,-1.,0.));
#13498=DIRECTION('center_axis',(0.,0.,1.));
#13499=DIRECTION('ref_axis',(-1.,0.,0.));
#13500=DIRECTION('',(0.,-1.,0.));
#13501=DIRECTION('center_axis',(0.,0.,1.));
#13502=DIRECTION('ref_axis',(-1.,0.,0.));
#13503=DIRECTION('',(-3.46944695195361E-16,-1.,0.));
#13504=DIRECTION('center_axis',(0.707106781186574,-1.57009245868383E-16,
0.707106781186521));
#13505=DIRECTION('ref_axis',(-2.22044604925031E-16,-1.,0.));
#13506=DIRECTION('center_axis',(-0.707106781186549,2.4532694666934E-16,
0.707106781186546));
#13507=DIRECTION('ref_axis',(3.46944695195361E-16,1.,0.));
#13508=DIRECTION('center_axis',(-0.707106781186573,1.57009245868383E-16,
-0.707106781186522));
#13509=DIRECTION('ref_axis',(-2.22044604925031E-16,-1.,0.));
#13510=DIRECTION('center_axis',(-0.707106781186572,0.,-0.707106781186523));
#13511=DIRECTION('ref_axis',(0.,-1.,0.));
#13512=DIRECTION('center_axis',(-0.707106781186556,1.57009245868379E-16,
0.707106781186539));
#13513=DIRECTION('ref_axis',(2.22044604925031E-16,1.,0.));
#13514=DIRECTION('center_axis',(0.707106781186558,-1.5700924586838E-16,
-0.707106781186537));
#13515=DIRECTION('ref_axis',(2.22044604925031E-16,1.,0.));
#13516=DIRECTION('center_axis',(0.707106781186573,-2.45326946669349E-16,
0.707106781186522));
#13517=DIRECTION('ref_axis',(-3.46944695195361E-16,-1.,0.));
#13518=DIRECTION('center_axis',(0.707106781186551,0.,-0.707106781186544));
#13519=DIRECTION('ref_axis',(0.,1.,0.));
#13520=DIRECTION('center_axis',(0.,0.707106781186548,0.707106781186548));
#13521=DIRECTION('ref_axis',(1.,0.,0.));
#13522=DIRECTION('',(0.,0.707106781186547,-0.707106781186547));
#13523=DIRECTION('center_axis',(0.,0.,-1.));
#13524=DIRECTION('ref_axis',(1.,1.22464679914735E-16,0.));
#13525=DIRECTION('',(0.,-0.707106781186547,-0.707106781186547));
#13526=DIRECTION('center_axis',(0.,-0.707106781186548,0.707106781186548));
#13527=DIRECTION('ref_axis',(-1.,0.,0.));
#13528=DIRECTION('center_axis',(0.,0.,1.));
#13529=DIRECTION('ref_axis',(-1.,1.22464679914735E-16,0.));
#13530=DIRECTION('',(0.,-0.707106781186551,-0.707106781186544));
#13531=DIRECTION('',(0.,-0.707106781186551,0.707106781186544));
#13532=DIRECTION('center_axis',(0.,-0.707106781186544,-0.707106781186551));
#13533=DIRECTION('ref_axis',(1.,0.,0.));
#13534=DIRECTION('center_axis',(0.,0.707106781186544,-0.707106781186551));
#13535=DIRECTION('ref_axis',(-1.,0.,0.));
#13536=DIRECTION('center_axis',(0.,-1.,0.));
#13537=DIRECTION('ref_axis',(0.,0.,-1.));
#13538=DIRECTION('center_axis',(0.,1.,0.));
#13539=DIRECTION('ref_axis',(0.,0.,-1.));
#13540=DIRECTION('center_axis',(0.,1.,0.));
#13541=DIRECTION('ref_axis',(0.,0.,-1.));
#13542=DIRECTION('center_axis',(0.,-1.,0.));
#13543=DIRECTION('ref_axis',(0.,0.,-1.));
#13544=DIRECTION('',(-1.,0.,0.));
#13545=DIRECTION('center_axis',(0.,-1.,0.));
#13546=DIRECTION('ref_axis',(0.,0.,-1.));
#13547=DIRECTION('center_axis',(0.,1.,0.));
#13548=DIRECTION('ref_axis',(-1.15648231731787E-15,0.,-1.));
#13549=DIRECTION('center_axis',(0.,1.,0.));
#13550=DIRECTION('ref_axis',(-2.89120579329468E-15,0.,-1.));
#13551=DIRECTION('',(1.,0.,0.));
#13552=DIRECTION('center_axis',(0.,-1.,0.));
#13553=DIRECTION('ref_axis',(0.,0.,-1.));
#13554=DIRECTION('',(-1.,0.,0.));
#13555=DIRECTION('center_axis',(0.,-1.,0.));
#13556=DIRECTION('ref_axis',(0.,0.,-1.));
#13557=DIRECTION('',(1.3043033653961E-16,0.,-1.));
#13558=DIRECTION('center_axis',(0.,-1.,0.));
#13559=DIRECTION('ref_axis',(0.,0.,-1.));
#13560=DIRECTION('',(1.,0.,-1.14586043389034E-16));
#13561=DIRECTION('center_axis',(0.,-1.,0.));
#13562=DIRECTION('ref_axis',(0.,0.,-1.));
#13563=DIRECTION('center_axis',(0.,1.,0.));
#13564=DIRECTION('ref_axis',(0.,0.,-1.));
#13565=DIRECTION('center_axis',(0.,1.,0.));
#13566=DIRECTION('ref_axis',(1.73472347597681E-15,0.,-1.));
#13567=DIRECTION('',(-1.,0.,-1.72028679190605E-16));
#13568=DIRECTION('center_axis',(0.,-1.,0.));
#13569=DIRECTION('ref_axis',(0.,0.,-1.));
#13570=DIRECTION('',(1.,0.,1.14586043389034E-16));
#13571=DIRECTION('center_axis',(0.,-1.,0.));
#13572=DIRECTION('ref_axis',(0.,0.,-1.));
#13573=DIRECTION('',(-1.3043033653961E-16,0.,1.));
#13574=DIRECTION('center_axis',(0.,0.,1.));
#13575=DIRECTION('ref_axis',(1.,0.,0.));
#13576=DIRECTION('',(0.,-1.,0.));
#13577=DIRECTION('',(-1.,0.,0.));
#13578=DIRECTION('',(0.,1.,0.));
#13579=DIRECTION('center_axis',(1.,0.,1.3043033653961E-16));
#13580=DIRECTION('ref_axis',(1.3043033653961E-16,0.,-1.));
#13581=DIRECTION('',(-1.3043033653961E-16,0.,1.));
#13582=DIRECTION('',(0.,1.,0.));
#13583=DIRECTION('',(0.,-1.,0.));
#13584=DIRECTION('center_axis',(1.14586043389034E-16,0.,-1.));
#13585=DIRECTION('ref_axis',(-1.,0.,-1.14586043389034E-16));
#13586=DIRECTION('',(0.,-1.,0.));
#13587=DIRECTION('',(1.,0.,1.14586043389034E-16));
#13588=DIRECTION('',(0.,1.,0.));
#13589=DIRECTION('center_axis',(-1.14586043389034E-16,0.,-1.));
#13590=DIRECTION('ref_axis',(-1.,0.,1.14586043389034E-16));
#13591=DIRECTION('',(0.,-1.,0.));
#13592=DIRECTION('',(1.,0.,-1.14586043389034E-16));
#13593=DIRECTION('',(0.,1.,0.));
#13594=DIRECTION('center_axis',(-1.,0.,-1.3043033653961E-16));
#13595=DIRECTION('ref_axis',(-1.3043033653961E-16,0.,1.));
#13596=DIRECTION('',(1.3043033653961E-16,0.,-1.));
#13597=DIRECTION('',(1.3043033653961E-16,0.,-1.));
#13598=DIRECTION('',(0.,1.,0.));
#13599=DIRECTION('',(0.,-1.,0.));
#13600=DIRECTION('center_axis',(0.,0.,1.));
#13601=DIRECTION('ref_axis',(1.,0.,0.));
#13602=DIRECTION('',(0.,-1.,0.));
#13603=DIRECTION('',(-1.,0.,0.));
#13604=DIRECTION('',(0.,1.,0.));
#13605=DIRECTION('center_axis',(0.,-1.,0.));
#13606=DIRECTION('ref_axis',(0.,0.,-1.));
#13607=DIRECTION('center_axis',(0.,-1.,0.));
#13608=DIRECTION('ref_axis',(0.,0.,1.));
#13609=DIRECTION('center_axis',(0.,-1.,0.));
#13610=DIRECTION('ref_axis',(0.,0.,-1.));
#13611=DIRECTION('center_axis',(0.,-1.,0.));
#13612=DIRECTION('ref_axis',(0.,0.,1.));
#13613=DIRECTION('center_axis',(0.,-1.,0.));
#13614=DIRECTION('ref_axis',(0.,0.,-1.));
#13615=DIRECTION('center_axis',(0.,-1.,0.));
#13616=DIRECTION('ref_axis',(0.,0.,1.));
#13617=DIRECTION('center_axis',(0.,-1.,0.));
#13618=DIRECTION('ref_axis',(0.,0.,-1.));
#13619=DIRECTION('center_axis',(0.,-1.,0.));
#13620=DIRECTION('ref_axis',(0.,0.,1.));
#13621=DIRECTION('center_axis',(0.,1.,0.));
#13622=DIRECTION('ref_axis',(0.,0.,1.));
#13623=DIRECTION('center_axis',(0.,-1.,0.));
#13624=DIRECTION('ref_axis',(0.,0.,1.));
#13625=DIRECTION('center_axis',(0.,1.,0.));
#13626=DIRECTION('ref_axis',(0.,0.,1.));
#13627=DIRECTION('center_axis',(0.,-1.,0.));
#13628=DIRECTION('ref_axis',(0.,0.,1.));
#13629=DIRECTION('center_axis',(0.,1.,0.));
#13630=DIRECTION('ref_axis',(0.,0.,1.));
#13631=DIRECTION('center_axis',(0.,-1.,0.));
#13632=DIRECTION('ref_axis',(0.,0.,1.));
#13633=DIRECTION('center_axis',(0.,1.,0.));
#13634=DIRECTION('ref_axis',(0.,0.,1.));
#13635=DIRECTION('center_axis',(0.,-1.,0.));
#13636=DIRECTION('ref_axis',(0.,0.,1.));
#13637=DIRECTION('center_axis',(0.,0.,1.));
#13638=DIRECTION('ref_axis',(1.,0.,0.));
#13639=DIRECTION('',(0.,-1.,0.));
#13640=DIRECTION('',(-1.,0.,0.));
#13641=DIRECTION('center_axis',(1.72028679190605E-16,0.,-1.));
#13642=DIRECTION('ref_axis',(-1.,0.,-1.72028679190605E-16));
#13643=DIRECTION('',(0.,-1.,0.));
#13644=DIRECTION('',(1.,0.,1.33440267382831E-16));
#13645=DIRECTION('center_axis',(0.,1.,0.));
#13646=DIRECTION('ref_axis',(0.,0.,1.));
#13647=DIRECTION('center_axis',(0.,1.,0.));
#13648=DIRECTION('ref_axis',(0.,0.,1.));
#13649=DIRECTION('center_axis',(0.,1.,0.));
#13650=DIRECTION('ref_axis',(0.,0.,1.));
#13651=DIRECTION('center_axis',(0.,1.,0.));
#13652=DIRECTION('ref_axis',(0.,0.,1.));
#13653=DIRECTION('center_axis',(0.,1.,0.));
#13654=DIRECTION('ref_axis',(0.,0.,1.));
#13655=DIRECTION('center_axis',(0.,1.,0.));
#13656=DIRECTION('ref_axis',(0.,0.,1.));
#13657=DIRECTION('center_axis',(0.,1.,0.));
#13658=DIRECTION('ref_axis',(0.,0.,1.));
#13659=DIRECTION('center_axis',(0.,1.,0.));
#13660=DIRECTION('ref_axis',(0.,0.,1.));
#13661=DIRECTION('center_axis',(0.,-1.,0.));
#13662=DIRECTION('ref_axis',(0.,0.,-1.));
#13663=DIRECTION('',(0.,-0.707106781186548,-0.707106781186548));
#13664=DIRECTION('center_axis',(-0.707106781186548,0.707106781186548,-9.22281754396014E-17));
#13665=DIRECTION('ref_axis',(1.3043033653961E-16,0.,-1.));
#13666=DIRECTION('',(0.707106781186547,0.707106781186547,-9.29268737383863E-17));
#13667=DIRECTION('',(0.707106781186541,0.707106781186554,0.));
#13668=DIRECTION('center_axis',(-8.10245683097217E-17,0.707106781186549,
-0.707106781186546));
#13669=DIRECTION('ref_axis',(1.,0.,-1.14586043389034E-16));
#13670=DIRECTION('',(0.,-0.707106781186548,-0.707106781186548));
#13671=DIRECTION('center_axis',(0.,-1.,0.));
#13672=DIRECTION('ref_axis',(0.,0.,-1.));
#13673=DIRECTION('',(0.,0.707106781186548,-0.707106781186548));
#13674=DIRECTION('center_axis',(0.,-1.,0.));
#13675=DIRECTION('ref_axis',(0.,0.,-1.));
#13676=DIRECTION('',(0.697997134664603,-0.707106781186551,0.113137084989845));
#13677=DIRECTION('center_axis',(0.,0.707106781186548,0.707106781186548));
#13678=DIRECTION('ref_axis',(-1.,0.,0.));
#13679=DIRECTION('',(0.,0.707106781186548,-0.707106781186548));
#13680=DIRECTION('center_axis',(0.,1.,0.));
#13681=DIRECTION('ref_axis',(0.,0.,1.));
#13682=DIRECTION('',(0.,-0.707106781186544,-0.707106781186551));
#13683=DIRECTION('center_axis',(0.,-1.,0.));
#13684=DIRECTION('ref_axis',(0.,0.,-1.));
#13685=DIRECTION('',(-0.697997134664609,0.707106781186545,0.113137084989844));
#13686=DIRECTION('center_axis',(-9.43565179497457E-17,-0.707106781186551,
0.707106781186544));
#13687=DIRECTION('ref_axis',(1.,0.,1.33440267382831E-16));
#13688=DIRECTION('',(0.,-0.707106781186544,-0.707106781186551));
#13689=DIRECTION('center_axis',(0.,1.,0.));
#13690=DIRECTION('ref_axis',(0.,0.,1.));
#13691=DIRECTION('',(0.,0.707106781186544,-0.707106781186551));
#13692=DIRECTION('center_axis',(0.,1.,0.));
#13693=DIRECTION('ref_axis',(0.,0.,1.));
#13694=DIRECTION('center_axis',(0.,-0.707106781186551,-0.707106781186544));
#13695=DIRECTION('ref_axis',(-1.,0.,0.));
#13696=DIRECTION('',(0.,0.707106781186544,-0.707106781186551));
#13697=DIRECTION('center_axis',(0.,1.,0.));
#13698=DIRECTION('ref_axis',(0.,0.,1.));
#13699=DIRECTION('',(0.487659849094175,0.707106781186538,-0.512042841548888));
#13700=DIRECTION('center_axis',(0.,1.,0.));
#13701=DIRECTION('ref_axis',(0.,0.,1.));
#13702=DIRECTION('',(0.,-0.707106781186544,-0.707106781186551));
#13703=DIRECTION('center_axis',(0.,-1.,0.));
#13704=DIRECTION('ref_axis',(-1.22464679914735E-16,0.,1.));
#13705=DIRECTION('',(-0.487659849094169,0.707106781186547,-0.512042841548882));
#13706=DIRECTION('center_axis',(-9.43565179497457E-17,-0.707106781186551,
0.707106781186544));
#13707=DIRECTION('ref_axis',(1.,0.,1.33440267382831E-16));
#13708=DIRECTION('',(0.,-0.707106781186544,-0.707106781186551));
#13709=DIRECTION('center_axis',(0.,1.,0.));
#13710=DIRECTION('ref_axis',(0.,0.,1.));
#13711=DIRECTION('',(0.,0.707106781186544,-0.707106781186551));
#13712=DIRECTION('center_axis',(0.,1.,0.));
#13713=DIRECTION('ref_axis',(0.,0.,1.));
#13714=DIRECTION('',(-0.697997134664609,-0.707106781186544,0.113137084989846));
#13715=DIRECTION('center_axis',(0.,-0.707106781186551,-0.707106781186544));
#13716=DIRECTION('ref_axis',(-1.,0.,0.));
#13717=DIRECTION('',(0.,0.707106781186544,-0.707106781186551));
#13718=DIRECTION('center_axis',(0.,-1.,0.));
#13719=DIRECTION('ref_axis',(0.,0.,-1.));
#13720=DIRECTION('',(0.,-0.707106781186547,-0.707106781186547));
#13721=DIRECTION('center_axis',(0.,1.,0.));
#13722=DIRECTION('ref_axis',(0.,0.,1.));
#13723=DIRECTION('',(0.697997134664609,0.707106781186544,0.113137084989846));
#13724=DIRECTION('center_axis',(8.10245683097217E-17,0.707106781186549,
-0.707106781186546));
#13725=DIRECTION('ref_axis',(1.,0.,1.14586043389034E-16));
#13726=DIRECTION('',(0.,-0.707106781186547,-0.707106781186547));
#13727=DIRECTION('center_axis',(0.,-1.,0.));
#13728=DIRECTION('ref_axis',(0.,0.,-1.));
#13729=DIRECTION('',(0.,0.707106781186554,-0.707106781186541));
#13730=DIRECTION('center_axis',(0.,-1.,0.));
#13731=DIRECTION('ref_axis',(0.,0.,-1.));
#13732=DIRECTION('',(0.707106781186554,-0.707106781186541,0.));
#13733=DIRECTION('center_axis',(0.,0.707106781186548,0.707106781186548));
#13734=DIRECTION('ref_axis',(-1.,0.,0.));
#13735=DIRECTION('',(0.,0.707106781186548,-0.707106781186548));
#13736=DIRECTION('center_axis',(0.70710678118656,0.707106781186535,9.22281754396031E-17));
#13737=DIRECTION('ref_axis',(-1.3043033653961E-16,0.,1.));
#13738=DIRECTION('',(-0.707106781186535,0.70710678118656,-9.22281754395998E-17));
#13739=DIRECTION('center_axis',(0.,-1.,0.));
#13740=DIRECTION('ref_axis',(0.,0.,-1.));
#13741=DIRECTION('center_axis',(0.,0.,1.));
#13742=DIRECTION('ref_axis',(1.,0.,0.));
#13743=DIRECTION('',(0.,-1.,0.));
#13744=DIRECTION('',(-1.,0.,0.));
#13745=DIRECTION('',(0.,-1.,0.));
#13746=DIRECTION('',(-1.,0.,0.));
#13747=DIRECTION('center_axis',(0.,-1.,0.));
#13748=DIRECTION('ref_axis',(0.,0.,-1.));
#13749=DIRECTION('',(0.,-1.,0.));
#13750=DIRECTION('center_axis',(0.,1.,0.));
#13751=DIRECTION('ref_axis',(0.,0.,-1.));
#13752=DIRECTION('',(0.,-1.,0.));
#13753=DIRECTION('center_axis',(0.,-1.,0.));
#13754=DIRECTION('ref_axis',(2.89120579329468E-15,0.,1.));
#13755=DIRECTION('center_axis',(0.,-1.,0.));
#13756=DIRECTION('ref_axis',(0.,0.,-1.));
#13757=DIRECTION('center_axis',(0.,0.,1.));
#13758=DIRECTION('ref_axis',(1.,0.,0.));
#13759=DIRECTION('',(1.,0.,0.));
#13760=DIRECTION('',(0.,-1.,0.));
#13761=DIRECTION('',(1.,0.,0.));
#13762=DIRECTION('center_axis',(0.,-1.,0.));
#13763=DIRECTION('ref_axis',(0.,0.,-1.));
#13764=DIRECTION('center_axis',(0.,1.,0.));
#13765=DIRECTION('ref_axis',(0.,0.,-1.));
#13766=DIRECTION('',(0.,1.,0.));
#13767=DIRECTION('center_axis',(0.,-1.,0.));
#13768=DIRECTION('ref_axis',(0.,0.,-1.));
#13769=DIRECTION('center_axis',(0.,-1.,0.));
#13770=DIRECTION('ref_axis',(-2.89120579329468E-15,0.,1.));
#13771=DIRECTION('center_axis',(0.,-1.,0.));
#13772=DIRECTION('ref_axis',(0.,0.,-1.));
#13773=DIRECTION('',(-1.,0.,0.));
#13774=DIRECTION('center_axis',(0.,-1.,0.));
#13775=DIRECTION('ref_axis',(0.,0.,-1.));
#13776=DIRECTION('',(1.,0.,0.));
#13777=DIRECTION('center_axis',(0.,-1.,0.));
#13778=DIRECTION('ref_axis',(0.,0.,-1.));
#13779=DIRECTION('',(0.,0.707106781186555,0.70710678118654));
#13780=DIRECTION('',(0.,-0.707106781186555,0.70710678118654));
#13781=DIRECTION('center_axis',(0.,0.70710678118654,0.707106781186555));
#13782=DIRECTION('ref_axis',(-1.,0.,0.));
#13783=DIRECTION('',(-2.45326946669322E-15,-0.707106781186555,0.70710678118654));
#13784=DIRECTION('center_axis',(0.,-0.70710678118654,0.707106781186555));
#13785=DIRECTION('ref_axis',(1.,0.,0.));
#13786=DIRECTION('',(0.,0.707106781186555,0.70710678118654));
#13787=DIRECTION('center_axis',(0.,-1.,0.));
#13788=DIRECTION('ref_axis',(0.,0.,-1.));
#13789=DIRECTION('center_axis',(-1.,0.,-1.33440267382831E-16));
#13790=DIRECTION('ref_axis',(1.33440267382831E-16,-1.20980294963545E-15,
-1.));
#13791=DIRECTION('center_axis',(-1.,0.,0.));
#13792=DIRECTION('ref_axis',(0.,0.,1.));
#13793=DIRECTION('',(-1.,0.,-1.33440267382831E-16));
#13794=DIRECTION('center_axis',(-1.,0.,0.));
#13795=DIRECTION('ref_axis',(0.,0.,-1.));
#13796=DIRECTION('',(-1.,0.,-1.33440267382831E-16));
#13797=DIRECTION('center_axis',(0.,-1.,0.));
#13798=DIRECTION('ref_axis',(0.,0.,-1.));
#13799=DIRECTION('',(0.,0.,-1.));
#13800=DIRECTION('',(-1.19636101791504E-16,0.,-1.));
#13801=DIRECTION('center_axis',(0.,1.,0.));
#13802=DIRECTION('ref_axis',(0.,0.,1.));
#13803=DIRECTION('',(0.,0.,1.));
#13804=DIRECTION('',(1.19636101791504E-16,0.,1.));
#13805=DIRECTION('center_axis',(-0.707106781186578,0.707106781186517,-9.22281754396054E-17));
#13806=DIRECTION('ref_axis',(1.3043033653961E-16,-1.23259516440783E-32,
-1.));
#13807=DIRECTION('center_axis',(0.,-1.,0.));
#13808=DIRECTION('ref_axis',(0.,0.,-1.));
#13809=DIRECTION('center_axis',(0.,1.,0.));
#13810=DIRECTION('ref_axis',(0.,0.,1.));
#13811=DIRECTION('center_axis',(0.,1.,0.));
#13812=DIRECTION('ref_axis',(0.,0.,1.));
#13813=DIRECTION('center_axis',(0.,1.,0.));
#13814=DIRECTION('ref_axis',(0.,0.,1.));
#13815=DIRECTION('center_axis',(-1.19636101791504E-16,-1.26737788199219E-16,
-1.));
#13816=DIRECTION('ref_axis',(0.,1.,-1.26737788199219E-16));
#13817=DIRECTION('',(0.,-1.,1.26737788199219E-16));
#13818=DIRECTION('center_axis',(1.19636101791504E-16,1.26737788199219E-16,
1.));
#13819=DIRECTION('ref_axis',(0.,-1.,1.26737788199219E-16));
#13820=DIRECTION('',(0.,1.,-1.26737788199219E-16));
#13821=DIRECTION('center_axis',(-1.,0.,0.));
#13822=DIRECTION('ref_axis',(0.,0.,1.));
#13823=DIRECTION('center_axis',(-1.,0.,0.));
#13824=DIRECTION('ref_axis',(0.,-1.89882151931499E-15,-1.));
#13825=DIRECTION('',(-0.707106781186551,-0.707106781186544,0.));
#13826=DIRECTION('',(0.707106781186551,-0.707106781186544,0.));
#13827=DIRECTION('center_axis',(-0.707106781186545,-0.707106781186551,8.45954988514961E-17));
#13828=DIRECTION('ref_axis',(-1.19636101791504E-16,0.,-1.));
#13829=DIRECTION('center_axis',(-0.707106781186545,0.707106781186551,8.45954988514961E-17));
#13830=DIRECTION('ref_axis',(1.19636101791504E-16,0.,1.));
#13831=DIRECTION('center_axis',(-9.81307786677361E-17,-0.707106781186546,
-0.707106781186549));
#13832=DIRECTION('ref_axis',(-1.,0.,1.38777878078145E-16));
#13833=DIRECTION('',(0.,-0.707106781186548,0.707106781186547));
#13834=DIRECTION('center_axis',(0.,1.,0.));
#13835=DIRECTION('ref_axis',(0.,0.,1.));
#13836=DIRECTION('center_axis',(0.,1.,0.));
#13837=DIRECTION('ref_axis',(0.,0.,1.));
#13838=DIRECTION('',(0.,-0.707106781186566,-0.707106781186529));
#13839=DIRECTION('center_axis',(9.81307786677379E-17,-0.707106781186533,
0.707106781186562));
#13840=DIRECTION('ref_axis',(-1.,1.23259516440783E-32,1.38777878078145E-16));
#13841=DIRECTION('center_axis',(1.,0.,0.));
#13842=DIRECTION('ref_axis',(0.,0.,-1.));
#13843=DIRECTION('center_axis',(1.,0.,0.));
#13844=DIRECTION('ref_axis',(0.,0.,-1.));
#13845=DIRECTION('center_axis',(1.,0.,0.));
#13846=DIRECTION('ref_axis',(0.,0.,-1.));
#13847=DIRECTION('center_axis',(1.,0.,0.));
#13848=DIRECTION('ref_axis',(0.,0.,-1.));
#13849=DIRECTION('center_axis',(0.,0.,-1.));
#13850=DIRECTION('ref_axis',(-1.,0.,0.));
#13851=DIRECTION('',(1.,0.,0.));
#13852=DIRECTION('center_axis',(0.,-1.,0.));
#13853=DIRECTION('ref_axis',(0.,0.,-1.));
#13854=DIRECTION('center_axis',(0.,0.,1.));
#13855=DIRECTION('ref_axis',(1.,0.,0.));
#13856=DIRECTION('',(-1.,0.,0.));
#13857=DIRECTION('center_axis',(0.,-1.,0.));
#13858=DIRECTION('ref_axis',(0.,0.,-1.));
#13859=DIRECTION('center_axis',(0.,-1.,0.));
#13860=DIRECTION('ref_axis',(0.,0.,-1.));
#13861=DIRECTION('center_axis',(0.,-1.,0.));
#13862=DIRECTION('ref_axis',(0.,0.,-1.));
#13863=DIRECTION('center_axis',(0.,-1.,0.));
#13864=DIRECTION('ref_axis',(0.,0.,-1.));
#13865=DIRECTION('center_axis',(0.,-1.,0.));
#13866=DIRECTION('ref_axis',(0.,0.,-1.));
#13867=DIRECTION('center_axis',(1.,0.,0.));
#13868=DIRECTION('ref_axis',(0.,0.,-1.));
#13869=DIRECTION('center_axis',(-1.,0.,0.));
#13870=DIRECTION('ref_axis',(0.,0.,1.));
#13871=DIRECTION('center_axis',(1.,0.,0.));
#13872=DIRECTION('ref_axis',(0.,0.,-1.));
#13873=DIRECTION('center_axis',(0.,0.,1.));
#13874=DIRECTION('ref_axis',(1.,0.,0.));
#13875=DIRECTION('center_axis',(0.,0.,1.));
#13876=DIRECTION('ref_axis',(1.,0.,0.));
#13877=DIRECTION('center_axis',(0.,0.,-1.));
#13878=DIRECTION('ref_axis',(-1.,0.,0.));
#13879=DIRECTION('center_axis',(0.,0.,-1.));
#13880=DIRECTION('ref_axis',(-1.,0.,0.));
#13881=DIRECTION('center_axis',(-1.,0.,0.));
#13882=DIRECTION('ref_axis',(0.,0.,1.));
#13883=DIRECTION('center_axis',(0.,0.,-1.));
#13884=DIRECTION('ref_axis',(-1.,0.,0.));
#13885=DIRECTION('center_axis',(0.,0.,-1.));
#13886=DIRECTION('ref_axis',(-1.,0.,0.));
#13887=DIRECTION('center_axis',(0.,0.,-1.));
#13888=DIRECTION('ref_axis',(-1.,0.,0.));
#13889=DIRECTION('center_axis',(0.,0.,-1.));
#13890=DIRECTION('ref_axis',(-1.,0.,0.));
#13891=DIRECTION('center_axis',(1.,0.,-1.19636101791504E-16));
#13892=DIRECTION('ref_axis',(-1.19636101791504E-16,0.,-1.));
#13893=DIRECTION('center_axis',(1.,0.,-1.19636101791504E-16));
#13894=DIRECTION('ref_axis',(-1.19636101791504E-16,0.,-1.));
#13895=DIRECTION('center_axis',(1.,0.,-1.19636101791504E-16));
#13896=DIRECTION('ref_axis',(-1.19636101791504E-16,0.,-1.));
#13897=DIRECTION('center_axis',(1.,0.,-1.19636101791504E-16));
#13898=DIRECTION('ref_axis',(-1.19636101791504E-16,0.,-1.));
#13899=DIRECTION('center_axis',(0.,0.,1.));
#13900=DIRECTION('ref_axis',(1.,0.,0.));
#13901=DIRECTION('center_axis',(0.,0.,1.));
#13902=DIRECTION('ref_axis',(1.,0.,0.));
#13903=DIRECTION('center_axis',(0.,0.,1.));
#13904=DIRECTION('ref_axis',(1.,0.,0.));
#13905=DIRECTION('center_axis',(0.,0.,1.));
#13906=DIRECTION('ref_axis',(1.,0.,0.));
#13907=DIRECTION('axis',(0.,0.,1.));
#13908=DIRECTION('refdir',(1.,0.,0.));
#13909=DIRECTION('center_axis',(0.,-1.,0.));
#13910=DIRECTION('ref_axis',(0.,0.,-1.));
#13911=DIRECTION('center_axis',(0.,1.,0.));
#13912=DIRECTION('ref_axis',(0.,0.,1.));
#13913=DIRECTION('',(0.,1.,0.));
#13914=DIRECTION('center_axis',(0.,1.,0.));
#13915=DIRECTION('ref_axis',(0.,0.,1.));
#13916=DIRECTION('center_axis',(0.,1.,0.));
#13917=DIRECTION('ref_axis',(0.,0.,1.));
#13918=DIRECTION('center_axis',(0.,-1.,0.));
#13919=DIRECTION('ref_axis',(0.,0.,-1.));
#13920=DIRECTION('center_axis',(0.,1.,0.));
#13921=DIRECTION('ref_axis',(0.,0.,1.));
#13922=DIRECTION('',(0.,1.,0.));
#13923=DIRECTION('center_axis',(0.,1.,0.));
#13924=DIRECTION('ref_axis',(0.,0.,1.));
#13925=DIRECTION('center_axis',(0.,1.,0.));
#13926=DIRECTION('ref_axis',(0.,0.,1.));
#13927=DIRECTION('center_axis',(6.12323399573677E-17,1.,0.));
#13928=DIRECTION('ref_axis',(1.,0.,0.));
#13929=DIRECTION('center_axis',(1.22464679914735E-16,0.,1.));
#13930=DIRECTION('ref_axis',(-1.,0.,1.22464679914735E-16));
#13931=DIRECTION('center_axis',(0.,1.,0.));
#13932=DIRECTION('ref_axis',(0.,0.,1.));
#13933=DIRECTION('axis',(0.,0.,1.));
#13934=DIRECTION('refdir',(1.,0.,0.));
#13935=DIRECTION('center_axis',(1.1307517760945E-15,1.,1.73523448800151E-16));
#13936=DIRECTION('ref_axis',(-1.,1.1307517760945E-15,2.18952885050753E-47));
#13937=DIRECTION('center_axis',(-1.42249415926551E-15,-1.,2.12174694974529E-15));
#13938=DIRECTION('ref_axis',(-3.0181726434521E-30,-2.12174694974529E-15,
-1.));
#13939=DIRECTION('',(-1.1307517760945E-15,-1.,-1.73523448800151E-16));
#13940=DIRECTION('center_axis',(1.07165710305243E-15,1.,1.64454870099885E-16));
#13941=DIRECTION('ref_axis',(1.,-1.07165710305243E-15,-1.76239229674106E-31));
#13942=DIRECTION('',(1.1307517760945E-15,1.,1.73523448800151E-16));
#13943=DIRECTION('center_axis',(1.1307517760945E-15,1.,1.73523448800151E-16));
#13944=DIRECTION('ref_axis',(-1.,1.1307517760945E-15,2.18952885050753E-47));
#13945=DIRECTION('center_axis',(-1.07165710305243E-15,-1.,-1.64454870099886E-16));
#13946=DIRECTION('ref_axis',(-1.,1.07165710305243E-15,1.76239229674106E-31));
#13947=DIRECTION('',(-1.1307517760945E-15,-1.,-1.73523448800151E-16));
#13948=DIRECTION('center_axis',(1.42249415926551E-15,1.,-2.12174694974529E-15));
#13949=DIRECTION('ref_axis',(-2.60208521396521E-15,-2.12174694974529E-15,
-1.));
#13950=DIRECTION('',(1.1307517760945E-15,1.,1.73523448800151E-16));
#13951=DIRECTION('center_axis',(-1.07165710305243E-15,-1.,-1.64454870099885E-16));
#13952=DIRECTION('ref_axis',(-0.151682845020387,2.2186712959341E-31,0.988429215739054));
#13953=DIRECTION('center_axis',(1.07165710305243E-15,1.,1.64454870099885E-16));
#13954=DIRECTION('ref_axis',(-0.151682845020387,-9.86076131526265E-32,0.988429215739054));
#13955=DIRECTION('center_axis',(1.07165710305243E-15,1.,1.64454870099885E-16));
#13956=DIRECTION('ref_axis',(-0.151682845020387,-9.86076131526265E-32,0.988429215739054));
#13957=DIRECTION('',(-0.0132200310267191,0.996194698087771,0.0861472824961234));
#13958=DIRECTION('center_axis',(-1.07165710305243E-15,-1.,-1.64454870099885E-16));
#13959=DIRECTION('ref_axis',(-0.151682845020387,1.23259516440783E-31,0.988429215739054));
#13960=DIRECTION('center_axis',(0.992435720094357,0.0878111013907032,0.0857936591674902));
#13961=DIRECTION('ref_axis',(0.0866463016173923,-0.00593776741008297,-0.996221441916511));
#13962=DIRECTION('center_axis',(1.07165710305243E-15,1.,1.64454870099885E-16));
#13963=DIRECTION('ref_axis',(-0.151682845020387,9.86076131526265E-32,0.988429215739054));
#13964=DIRECTION('',(-0.0132200310267191,0.996194698087771,0.0861472824961234));
#13965=DIRECTION('center_axis',(-1.07165710305243E-15,-1.,-1.64454870099885E-16));
#13966=DIRECTION('ref_axis',(-0.151682845020387,2.46519032881566E-31,0.988429215739054));
#13967=DIRECTION('center_axis',(0.992830013944474,0.0879289660173505,0.0809756774972298));
#13968=DIRECTION('ref_axis',(0.0818517264488876,-0.00639776062275231,-0.99662398302286));
#13969=DIRECTION('center_axis',(1.07165710305243E-15,1.,1.64454870099885E-16));
#13970=DIRECTION('ref_axis',(-0.151682845020389,2.046107972917E-30,0.988429215739054));
#13971=DIRECTION('',(-0.0132200310267191,0.996194698087771,0.0861472824961234));
#13972=DIRECTION('center_axis',(1.72765632696366E-15,1.,2.65123513872845E-16));
#13973=DIRECTION('ref_axis',(0.988429215739054,-1.74788067719334E-15,0.151682845020386));
#13974=DIRECTION('center_axis',(1.39965671500788E-15,1.,2.14789191986341E-16));
#13975=DIRECTION('ref_axis',(0.988429215739054,-1.41604142483926E-15,0.151682845020388));
#13976=DIRECTION('center_axis',(1.07165710305243E-15,1.,1.64454870099885E-16));
#13977=DIRECTION('ref_axis',(-0.151682845020389,2.046107972917E-30,0.988429215739054));
#13978=DIRECTION('center_axis',(-0.971425575950809,0.087928966024095,-0.220455998608732));
#13979=DIRECTION('ref_axis',(0.220706551765925,-0.00698414393604343,-0.975315251465431));
#13980=DIRECTION('center_axis',(-1.07165710305243E-15,-1.,-1.64454870099885E-16));
#13981=DIRECTION('ref_axis',(-0.151682845020387,2.46519032881566E-31,0.988429215739054));
#13982=DIRECTION('center_axis',(1.07165710305243E-15,1.,1.64454870099885E-16));
#13983=DIRECTION('ref_axis',(-0.151682845020389,2.90892458800248E-30,0.988429215739054));
#13984=DIRECTION('center_axis',(-0.972494123868102,0.0878111013932096,-0.215741487697948));
#13985=DIRECTION('ref_axis',(0.216019443598792,-0.00643892088787623,-0.976367830423078));
#13986=DIRECTION('center_axis',(-1.07165710305243E-15,-1.,-1.64454870099885E-16));
#13987=DIRECTION('ref_axis',(-0.151682845020387,1.23259516440783E-31,0.988429215739054));
#13988=DIRECTION('center_axis',(1.07165710305243E-15,1.,1.64454870099885E-16));
#13989=DIRECTION('ref_axis',(-0.151682845020386,-7.88860905221012E-31,0.988429215739054));
#13990=DIRECTION('center_axis',(0.971425575725954,0.0879289660173107,0.220455999602245));
#13991=DIRECTION('ref_axis',(-0.220706552755233,-0.00698414402790417,0.9753152512409));
#13992=DIRECTION('center_axis',(-1.07165710305243E-15,-1.,-1.64454870099885E-16));
#13993=DIRECTION('ref_axis',(-0.151682845020387,2.46519032881566E-31,0.988429215739054));
#13994=DIRECTION('center_axis',(-0.992830013862718,0.0879289660240023,-0.0809756784924085));
#13995=DIRECTION('ref_axis',(-0.0818517274407387,-0.0063977605396759,0.996623982941934));
#13996=DIRECTION('center_axis',(1.07165710305243E-15,1.,1.64454870099885E-16));
#13997=DIRECTION('ref_axis',(-0.151682845020387,9.86076131526265E-32,0.988429215739054));
#13998=DIRECTION('center_axis',(0.972494123863724,0.087811101393081,0.215741487717738));
#13999=DIRECTION('ref_axis',(-0.216019443618298,-0.00643892089084161,0.976367830418742));
#14000=DIRECTION('center_axis',(-1.07165710305243E-15,-1.,-1.64454870099885E-16));
#14001=DIRECTION('ref_axis',(-0.151682845020387,1.23259516440783E-31,0.988429215739054));
#14002=DIRECTION('center_axis',(-0.992435720092169,0.0878111013908631,-0.0857936591926328));
#14003=DIRECTION('ref_axis',(-0.0866463016420614,-0.00593776740283152,0.996221441914408));
#14004=DIRECTION('center_axis',(-0.0833453710811955,0.0878655713323103,
0.992639506816943));
#14005=DIRECTION('ref_axis',(0.996428952040356,-0.00617006224012144,0.0842097017433884));
#14006=DIRECTION('center_axis',(1.07165710305243E-15,1.,1.64454870099885E-16));
#14007=DIRECTION('ref_axis',(-0.151682845020387,-7.39557098644699E-32,0.988429215739054));
#14008=DIRECTION('center_axis',(0.21813822319345,0.0878655713368597,-0.97195440065656));
#14009=DIRECTION('ref_axis',(0.9758356746118,-0.0067113378772974,0.218402596364674));
#14010=DIRECTION('center_axis',(-1.07165710305243E-15,-1.,-1.64454870099885E-16));
#14011=DIRECTION('ref_axis',(-0.151682845020387,0.,0.988429215739054));
#14012=DIRECTION('center_axis',(-0.0880718466172504,0.0877626910641403,
0.992240424438859));
#14013=DIRECTION('ref_axis',(0.996022893093582,-0.00572242623975982,0.0889137237518593));
#14014=DIRECTION('center_axis',(1.07165710305243E-15,1.,1.64454870099885E-16));
#14015=DIRECTION('ref_axis',(-0.151682845020387,2.2186712959341E-31,0.988429215739054));
#14016=DIRECTION('center_axis',(0.213509571355758,0.0877626910660136,-0.972990941888121));
#14017=DIRECTION('ref_axis',(0.97685785995482,-0.00618777471359144,0.213799983368996));
#14018=DIRECTION('center_axis',(-1.07165710305243E-15,-1.,-1.64454870099885E-16));
#14019=DIRECTION('ref_axis',(-0.151682845020387,-7.39557098644699E-32,0.988429215739054));
#14020=DIRECTION('center_axis',(-0.0781491269116661,0.0879992283006538,
0.993050275555792));
#14021=DIRECTION('ref_axis',(0.996849218850587,-0.00666848391603349,0.0790390169424987));
#14022=DIRECTION('center_axis',(1.07165710305243E-15,1.,1.64454870099885E-16));
#14023=DIRECTION('ref_axis',(-0.151682845020387,4.93038065763132E-32,0.988429215739054));
#14024=DIRECTION('center_axis',(0.22321853204773,0.0879992283007925,-0.970788145152649));
#14025=DIRECTION('ref_axis',(0.974687361824475,-0.00730595401405661,0.223452835595321));
#14026=DIRECTION('center_axis',(-1.07165710305243E-15,-1.,-1.64454870099885E-16));
#14027=DIRECTION('ref_axis',(-0.151682845020387,1.23259516440783E-31,0.988429215739054));
#14028=DIRECTION('center_axis',(0.0880718466746699,0.0877626910637308,-0.992240424433799));
#14029=DIRECTION('ref_axis',(-0.996022893088806,-0.00572242621237708,-0.0889137238071215));
#14030=DIRECTION('center_axis',(1.07165710305243E-15,1.,1.64454870099885E-16));
#14031=DIRECTION('ref_axis',(-0.151682845020387,2.2186712959341E-31,0.988429215739054));
#14032=DIRECTION('center_axis',(-0.213509571462784,0.0877626910653753,0.972990941864693));
#14033=DIRECTION('ref_axis',(-0.976857859931483,-0.0061877747246183,-0.213799983475304));
#14034=DIRECTION('center_axis',(-1.07165710305243E-15,-1.,-1.64454870099885E-16));
#14035=DIRECTION('ref_axis',(-0.151682845020387,-7.39557098644699E-32,0.988429215739054));
#14036=DIRECTION('center_axis',(0.0781491274914352,0.0879992283046975,-0.993050275509808));
#14037=DIRECTION('ref_axis',(-0.996849218805117,-0.00666848386702026,-0.07903901752011));
#14038=DIRECTION('center_axis',(1.07165710305243E-15,1.,1.64454870099885E-16));
#14039=DIRECTION('ref_axis',(-0.151682845020388,1.01072803481442E-30,0.988429215739054));
#14040=DIRECTION('center_axis',(-0.223218531648804,0.0879992283036135,0.970788145244121));
#14041=DIRECTION('ref_axis',(-0.974687361915881,-0.00730595398205972,-0.223452835197661));
#14042=DIRECTION('center_axis',(-1.07165710305243E-15,-1.,-1.64454870099885E-16));
#14043=DIRECTION('ref_axis',(-0.151682845020387,1.23259516440783E-31,0.988429215739054));
#14044=DIRECTION('center_axis',(0.0833453715751729,0.0878655713365773,-0.99263950677509));
#14045=DIRECTION('ref_axis',(-0.996428951998763,-0.00617006221670514,-0.0842097022372641));
#14046=DIRECTION('center_axis',(1.07165710305243E-15,1.,1.64454870099885E-16));
#14047=DIRECTION('ref_axis',(-0.151682845020388,8.62816615085482E-31,0.988429215739054));
#14048=DIRECTION('center_axis',(-0.218138223398582,0.0878655713355133,0.971954400610643));
#14049=DIRECTION('ref_axis',(-0.975835674565937,-0.00671133789586637,-0.218402596569021));
#14050=DIRECTION('center_axis',(-1.07165710305243E-15,-1.,-1.64454870099885E-16));
#14051=DIRECTION('ref_axis',(-0.151682845020387,0.,0.988429215739054));
#14052=DIRECTION('center_axis',(6.53713371121911E-16,1.,1.00317860278441E-16));
#14053=DIRECTION('ref_axis',(0.988429215739054,0.,0.151682845020387));
#14054=DIRECTION('center_axis',(1.07165710305243E-15,1.,1.64454870099885E-16));
#14055=DIRECTION('ref_axis',(0.151682845020387,4.93038065763132E-32,-0.988429215739054));
#14056=DIRECTION('center_axis',(-0.988425135839882,-0.00020755796917777,
-0.151709286991935));
#14057=DIRECTION('ref_axis',(0.151615389623992,-0.0365557616133969,-0.987763357248096));
#14058=DIRECTION('center_axis',(-0.988433252319152,-0.000207556475377321,
-0.15165639660131));
#14059=DIRECTION('ref_axis',(0.151547535441018,0.0365557445692494,-0.987773770678662));
#14060=DIRECTION('center_axis',(1.0107710003594E-15,1.,5.61214323854753E-16));
#14061=DIRECTION('ref_axis',(0.151682845020387,0.,-0.988429215739054));
#14062=DIRECTION('center_axis',(1.13289185293946E-15,1.,-2.34575390779986E-16));
#14063=DIRECTION('ref_axis',(0.151682845020387,-4.03701428894618E-16,-0.988429215739054));
#14064=DIRECTION('center_axis',(0.151705635986636,0.000183666675201158,
-0.988425700938843));
#14065=DIRECTION('ref_axis',(0.987816388986801,0.0350794939726742,0.151618635898423));
#14066=DIRECTION('center_axis',(0.151660048852563,0.000183666737401741,
-0.988432696671133));
#14067=DIRECTION('ref_axis',(0.987825336665542,-0.03507944532352,0.151560340318311));
#14068=DIRECTION('center_axis',(-1.07165710305243E-15,-1.,-1.64454870099885E-16));
#14069=DIRECTION('ref_axis',(-0.151682845020387,0.,0.988429215739054));
#14070=DIRECTION('center_axis',(-1.07165710305243E-15,-1.,-1.64454870099885E-16));
#14071=DIRECTION('ref_axis',(-0.151682845020387,1.4791141972894E-31,0.988429215739054));
#14072=DIRECTION('center_axis',(-0.151682623754108,-7.01298054922202E-6,
0.988429249669337));
#14073=DIRECTION('ref_axis',(0.987848539111098,-0.0342745613573398,0.15159326574697));
#14074=DIRECTION('center_axis',(-0.151683066281053,-7.01305926511087E-6,
0.988429181759824));
#14075=DIRECTION('ref_axis',(0.98784802473559,0.0342855801720755,0.151594125935863));
#14076=DIRECTION('center_axis',(-1.07165710305243E-15,-1.,-1.64454870099885E-16));
#14077=DIRECTION('ref_axis',(-0.151682845020387,0.,0.988429215739054));
#14078=DIRECTION('center_axis',(-1.07165710305243E-15,-1.,-1.64454870099885E-16));
#14079=DIRECTION('ref_axis',(-0.151682845020387,9.86076131526265E-32,0.988429215739054));
#14080=DIRECTION('center_axis',(-0.151682409822141,-1.16334360145273E-5,
0.988429282455357));
#14081=DIRECTION('ref_axis',(0.987749543636847,-0.0370816858599222,0.151577662005278));
#14082=DIRECTION('center_axis',(-0.151683280198569,-1.16334615894385E-5,
0.988429148888713));
#14083=DIRECTION('ref_axis',(0.9877493568659,0.0370795709427403,0.151579396455132));
#14084=DIRECTION('center_axis',(-7.04045496401494E-16,-1.,-1.08041751718276E-16));
#14085=DIRECTION('ref_axis',(-0.988429215739054,0.,-0.151682845020387));
#14086=DIRECTION('center_axis',(-7.04045496401494E-16,-1.,-1.08041751718276E-16));
#14087=DIRECTION('ref_axis',(-0.988429215739054,7.12287218134356E-16,-0.151682845020387));
#14088=DIRECTION('center_axis',(-0.988429263325533,-9.02977474881923E-6,
-0.151682534657778));
#14089=DIRECTION('ref_axis',(0.151585926167897,0.0356262444156453,-0.987801841310623));
#14090=DIRECTION('center_axis',(-0.988429168071805,-9.0297844621897E-6,
-0.151683155371132));
#14091=DIRECTION('ref_axis',(0.151587193991066,-0.0356241040613495,-0.987801723944508));
#14092=DIRECTION('center_axis',(-6.65841249712855E-16,-1.,-1.02178986092453E-16));
#14093=DIRECTION('ref_axis',(-0.988429215739054,0.,-0.151682845020386));
#14094=DIRECTION('center_axis',(-6.65841249712855E-16,-1.,-1.02178986092453E-16));
#14095=DIRECTION('ref_axis',(-0.988429215739054,6.7363574357219E-16,-0.151682845020386));
#14096=DIRECTION('center_axis',(-0.98842930934137,-1.50079574658866E-5,
-0.1516822343246));
#14097=DIRECTION('ref_axis',(0.151568262065669,0.0386607812392369,-0.987690440334604));
#14098=DIRECTION('center_axis',(-0.988429121913669,-1.50079687635815E-5,
-0.151683455682335));
#14099=DIRECTION('ref_axis',(0.151570633711493,-0.0386600655859645,-0.987690104397723));
#14100=DIRECTION('center_axis',(1.12721671849443E-15,1.,-1.97597243642766E-16));
#14101=DIRECTION('ref_axis',(0.151682845020387,0.,-0.988429215739054));
#14102=DIRECTION('center_axis',(1.12721671849443E-15,1.,-1.97597243642766E-16));
#14103=DIRECTION('ref_axis',(0.151682845020387,-3.66290327381797E-16,-0.988429215739054));
#14104=DIRECTION('center_axis',(0.151700101819755,0.000146012887430846,
-0.988426556597966));
#14105=DIRECTION('ref_axis',(0.987904605665993,0.0324717216419898,0.151624791500348));
#14106=DIRECTION('center_axis',(-2.35499856370942E-6,0.999999999996139,
1.47543511387193E-6));
#14107=DIRECTION('ref_axis',(-0.957225719572062,-1.82735951972747E-6,-0.289342222612616));
#14108=DIRECTION('center_axis',(2.74312724325913E-6,0.999999999991079,3.21199014449118E-6));
#14109=DIRECTION('ref_axis',(0.151682844988174,2.7587395559388E-6,-0.988429215740147));
#14110=DIRECTION('center_axis',(0.151665584936157,0.000146012934322295,
-0.98843185350645));
#14111=DIRECTION('ref_axis',(0.987911335863872,-0.0324717921378768,0.15158091960077));
#14112=DIRECTION('center_axis',(-1.07165710305243E-15,-1.,-1.64454870099885E-16));
#14113=DIRECTION('ref_axis',(-0.151682845020387,-7.39557098644699E-32,0.988429215739054));
#14114=DIRECTION('center_axis',(-1.07165710305243E-15,-1.,-1.64454870099885E-16));
#14115=DIRECTION('ref_axis',(-0.151682845020387,-7.39557098644699E-32,0.988429215739054));
#14116=DIRECTION('',(-1.07165710305243E-15,-1.,-1.64454870099885E-16));
#14117=DIRECTION('center_axis',(1.07165710305243E-15,1.,1.64454870099885E-16));
#14118=DIRECTION('ref_axis',(-0.151682845020387,-7.39557098644699E-32,0.988429215739054));
#14119=DIRECTION('',(1.07165710305243E-15,1.,1.64454870099885E-16));
#14120=DIRECTION('center_axis',(-1.07165710305243E-15,-1.,-1.64454870099885E-16));
#14121=DIRECTION('ref_axis',(-0.151682845020387,-7.39557098644699E-32,0.988429215739054));
#14122=DIRECTION('center_axis',(-1.07165710305243E-15,-1.,-1.64454870099885E-16));
#14123=DIRECTION('ref_axis',(-0.151682845020387,-7.39557098644699E-32,0.988429215739054));
#14124=DIRECTION('',(-1.07165710305243E-15,-1.,-1.64454870099885E-16));
#14125=DIRECTION('center_axis',(1.07165710305243E-15,1.,1.64454870099885E-16));
#14126=DIRECTION('ref_axis',(-0.151682845020387,-7.39557098644699E-32,0.988429215739054));
#14127=DIRECTION('',(1.07165710305243E-15,1.,1.64454870099885E-16));
#14128=DIRECTION('center_axis',(-1.07165710305243E-15,-1.,-1.64454870099885E-16));
#14129=DIRECTION('ref_axis',(-0.151682845020387,2.46519032881566E-31,0.988429215739054));
#14130=DIRECTION('center_axis',(1.07165710305243E-15,1.,1.64454870099885E-16));
#14131=DIRECTION('ref_axis',(-0.151682845020387,2.46519032881566E-31,0.988429215739054));
#14132=DIRECTION('',(1.07165710305243E-15,1.,1.64454870099885E-16));
#14133=DIRECTION('center_axis',(1.07165710305243E-15,1.,1.64454870099885E-16));
#14134=DIRECTION('ref_axis',(-0.151682845020387,2.46519032881566E-31,0.988429215739054));
#14135=DIRECTION('center_axis',(1.07165710305243E-15,1.,1.64454870099885E-16));
#14136=DIRECTION('ref_axis',(-1.,1.07165710305243E-15,1.76239229674106E-31));
#14137=DIRECTION('center_axis',(1.07165710305243E-15,1.,1.64454870099885E-16));
#14138=DIRECTION('ref_axis',(-1.,1.07165710305243E-15,1.76239229674106E-31));
#14139=DIRECTION('',(-1.07165710305243E-15,-1.,-1.64454870099885E-16));
#14140=DIRECTION('center_axis',(1.07165710305243E-15,1.,1.64454870099885E-16));
#14141=DIRECTION('ref_axis',(1.,-1.07165710305243E-15,-1.76239229674106E-31));
#14142=DIRECTION('center_axis',(-1.07165710305243E-15,-1.,-1.64454870099885E-16));
#14143=DIRECTION('ref_axis',(-0.151682845020387,0.,0.988429215739054));
#14144=DIRECTION('',(-0.988429215739054,1.0842021724855E-15,-0.151682845020387));
#14145=DIRECTION('center_axis',(-3.46130635073165E-11,1.,-3.51885060214605E-10));
#14146=DIRECTION('ref_axis',(-0.532638256096966,-3.16252305991755E-10,-0.846343008562121));
#14147=DIRECTION('center_axis',(8.67529807275066E-12,1.,1.3312980556638E-12));
#14148=DIRECTION('ref_axis',(0.151682845013209,0.,-0.988429215740156));
#14149=DIRECTION('center_axis',(8.67529807275066E-12,1.,1.3312980556638E-12));
#14150=DIRECTION('ref_axis',(0.151682845013209,0.,-0.988429215740156));
#14151=DIRECTION('center_axis',(-1.38569094242859E-10,1.,3.25358056836915E-10));
#14152=DIRECTION('ref_axis',(-0.15168680589394,-3.42612392967377E-10,0.988428607901296));
#14153=DIRECTION('',(0.988429215739054,-1.0842021724855E-15,0.151682845020387));
#14154=DIRECTION('center_axis',(1.07165710305243E-15,1.,1.64454870099885E-16));
#14155=DIRECTION('ref_axis',(0.151682845020387,-2.46519032881566E-31,-0.988429215739054));
#14156=DIRECTION('center_axis',(-1.42249415926551E-15,-1.,2.12174694974529E-15));
#14157=DIRECTION('ref_axis',(0.,-2.12174694974529E-15,-1.));
#14158=DIRECTION('',(0.988429215739054,-1.0842021724855E-15,0.151682845020387));
#14159=DIRECTION('center_axis',(1.42249415926551E-15,1.,-2.12174694974529E-15));
#14160=DIRECTION('ref_axis',(-8.67361737988403E-15,-2.12174694974528E-15,
-1.));
#14161=DIRECTION('',(0.151682845020387,-2.31296463463575E-15,-0.988429215739054));
#14162=DIRECTION('center_axis',(-1.42249415926551E-15,-1.,2.12174694974529E-15));
#14163=DIRECTION('ref_axis',(-3.0181726434521E-30,-2.12174694974529E-15,
-1.));
#14164=DIRECTION('',(-0.988429215739054,1.0842021724855E-15,-0.151682845020387));
#14165=DIRECTION('',(0.151682845020387,-2.31296463463575E-15,-0.988429215739054));
#14166=DIRECTION('center_axis',(-1.42249415926551E-15,-1.,2.12174694974529E-15));
#14167=DIRECTION('ref_axis',(0.,-2.12174694974529E-15,-1.));
#14168=DIRECTION('',(0.151682845020387,-2.31296463463575E-15,-0.988429215739054));
#14169=DIRECTION('',(0.988429215739054,-1.0842021724855E-15,0.151682845020387));
#14170=DIRECTION('',(0.151682845020387,-2.31296463463575E-15,-0.988429215739054));
#14171=DIRECTION('',(0.988429215739054,-1.0842021724855E-15,0.151682845020387));
#14172=DIRECTION('center_axis',(-1.07165710305243E-15,-1.,-1.64454870099885E-16));
#14173=DIRECTION('ref_axis',(-0.151682845020388,1.03537993810258E-30,0.988429215739054));
#14174=DIRECTION('',(1.07165710305243E-15,1.,1.64454870099885E-16));
#14175=DIRECTION('center_axis',(-1.07165710305243E-15,-1.,-1.64454870099886E-16));
#14176=DIRECTION('ref_axis',(-1.,1.07165710305242E-15,1.38777878078145E-14));
#14177=DIRECTION('',(1.07165710305243E-15,1.,1.64454870099885E-16));
#14178=DIRECTION('center_axis',(1.07165710305243E-15,1.,1.64454870099885E-16));
#14179=DIRECTION('ref_axis',(-0.151682845020385,-1.75028513345912E-30,0.988429215739054));
#14180=DIRECTION('center_axis',(-1.07165710305243E-15,-1.,-1.64454870099885E-16));
#14181=DIRECTION('ref_axis',(-0.591669032827068,7.66646708302379E-16,-0.806180969505905));
#14182=DIRECTION('',(-1.07165710305243E-15,-1.,-1.64454870099885E-16));
#14183=DIRECTION('center_axis',(-1.07165710305243E-15,-1.,-1.64454870099886E-16));
#14184=DIRECTION('ref_axis',(-1.,1.07165710305243E-15,1.76239229674106E-31));
#14185=DIRECTION('',(-1.07165710305243E-15,-1.,-1.64454870099885E-16));
#14186=DIRECTION('center_axis',(1.07165710305243E-15,1.,1.64454870099885E-16));
#14187=DIRECTION('ref_axis',(-0.151682845020388,1.3065508742723E-30,0.988429215739054));
#14188=DIRECTION('center_axis',(-1.07165710305243E-15,-1.,-1.64454870099885E-16));
#14189=DIRECTION('ref_axis',(-0.151682845020387,0.,0.988429215739054));
#14190=DIRECTION('',(-0.988429215739054,1.0842021724855E-15,-0.151682845020387));
#14191=DIRECTION('center_axis',(-1.07165710305243E-15,-1.,-1.64454870099885E-16));
#14192=DIRECTION('ref_axis',(0.151682845020387,-7.39557098644698E-32,-0.988429215739054));
#14193=DIRECTION('',(0.988429215739054,-1.0842021724855E-15,0.151682845020387));
#14194=DIRECTION('',(-0.988429215739054,1.0842021724855E-15,-0.151682845020387));
#14195=DIRECTION('center_axis',(1.07165710305243E-15,1.,1.64454870099885E-16));
#14196=DIRECTION('ref_axis',(0.151682845020387,-2.46519032881566E-31,-0.988429215739054));
#14197=DIRECTION('',(0.988429215739054,-1.0842021724855E-15,0.151682845020387));
#14198=DIRECTION('center_axis',(-0.988429215739054,1.0842021724855E-15,
-0.151682845020387));
#14199=DIRECTION('ref_axis',(1.07165710305243E-15,1.,1.64454870099885E-16));
#14200=DIRECTION('',(0.151682845020387,1.4791141972894E-31,-0.988429215739054));
#14201=DIRECTION('',(-0.151682845020387,0.,0.988429215739054));
#14202=DIRECTION('center_axis',(-0.151682845020387,7.39557098644699E-32,
0.988429215739054));
#14203=DIRECTION('ref_axis',(1.07165710305243E-15,1.,1.64454870099885E-16));
#14204=DIRECTION('',(-1.07165710305243E-15,-1.,-1.64454870099885E-16));
#14205=DIRECTION('',(0.988429215739054,-1.0842021724855E-15,0.151682845020387));
#14206=DIRECTION('center_axis',(0.151682845020387,-7.39557098644699E-32,
-0.988429215739054));
#14207=DIRECTION('ref_axis',(-1.07165710305243E-15,-1.,-1.64454870099885E-16));
#14208=DIRECTION('',(1.1307517760945E-15,1.,1.73523448800151E-16));
#14209=DIRECTION('',(0.988429215739054,-1.0842021724855E-15,0.151682845020387));
#14210=DIRECTION('',(-1.07165710305243E-15,-1.,-1.64454870099885E-16));
#14211=DIRECTION('center_axis',(-1.07165710305243E-15,-1.,-1.64454870099885E-16));
#14212=DIRECTION('ref_axis',(-0.151682845020387,0.,0.988429215739054));
#14213=DIRECTION('center_axis',(-1.04208359602797E-11,-1.,-1.59916564668863E-12));
#14214=DIRECTION('ref_axis',(0.151682845027094,0.,-0.988429215738025));
#14215=DIRECTION('center_axis',(1.04208359603265E-11,-1.,1.59916564669581E-12));
#14216=DIRECTION('ref_axis',(-0.151682845022658,0.,0.988429215738706));
#14217=DIRECTION('center_axis',(6.63153519970943E-11,-1.,2.13650302535704E-11));
#14218=DIRECTION('ref_axis',(0.9884292157382,6.87892283116878E-11,0.15168284502595));
#14219=DIRECTION('center_axis',(0.988429215739053,5.55866856185852E-15,
0.151682845020397));
#14220=DIRECTION('ref_axis',(-0.151105646008391,0.0871557421750749,0.984667944207741));
#14221=DIRECTION('center_axis',(0.988429215640536,-6.0908070801725E-10,
0.151682845662374));
#14222=DIRECTION('ref_axis',(4.57200110801328E-10,1.,1.03618447087386E-9));
#14223=DIRECTION('center_axis',(-6.63108435322011E-11,-1.,-2.13731300676253E-11));
#14224=DIRECTION('ref_axis',(0.,2.13726507336425E-11,-1.));
#14225=DIRECTION('',(-0.0133777630582617,-0.996103173387836,0.0871751307555063));
#14226=DIRECTION('center_axis',(-1.477472956392E-15,-1.,-2.26730754107317E-16));
#14227=DIRECTION('ref_axis',(0.988429215739054,-2.59945000114135E-15,0.151682845020387));
#14228=DIRECTION('center_axis',(-0.988429121913709,1.50079640126531E-5,
-0.151683455682072));
#14229=DIRECTION('ref_axis',(0.151570636073317,0.0386596620287963,-0.987690119831189));
#14230=DIRECTION('center_axis',(-1.477472956392E-15,-1.,-2.26730754107317E-16));
#14231=DIRECTION('ref_axis',(-0.988429215739054,1.49476860139882E-15,-0.151682845020386));
#14232=DIRECTION('center_axis',(-0.98842930944467,1.50245419424025E-5,-0.15168223364981));
#14233=DIRECTION('ref_axis',(0.151568247357469,-0.0386630588043179,-0.987690353439214));
#14234=DIRECTION('',(-0.0133777630582597,0.996103173387836,0.0871751307555077));
#14235=DIRECTION('center_axis',(0.675731461244728,0.707030893503171,0.208552889973198));
#14236=DIRECTION('ref_axis',(0.658993974180707,-0.706187261349032,0.258894754488907));
#14237=DIRECTION('center_axis',(0.707222278072745,0.706981762558206,0.00366562514301753));
#14238=DIRECTION('ref_axis',(0.704445492521245,-0.704226598722126,-0.088438937797595));
#14239=DIRECTION('center_axis',(-1.6107843193417E-7,0.99999999999944,1.04649891697599E-6));
#14240=DIRECTION('ref_axis',(0.284398358765488,1.04909544014935E-6,-0.958706197711476));
#14241=DIRECTION('',(-0.0133350810078468,-0.996128047794482,0.086896996562994));
#14242=DIRECTION('center_axis',(-9.3295087757861E-16,-1.,6.11842723778181E-16));
#14243=DIRECTION('ref_axis',(-0.151682845020387,0.,0.988429215739054));
#14244=DIRECTION('center_axis',(-0.988429191552563,5.44535812924885E-6,
-0.151683002531906));
#14245=DIRECTION('ref_axis',(0.151600419368528,0.0330293480965729,-0.987889859757454));
#14246=DIRECTION('center_axis',(-9.3295087757861E-16,-1.,6.11842723778181E-16));
#14247=DIRECTION('ref_axis',(-0.151682845020387,7.46275866995104E-16,0.988429215739054));
#14248=DIRECTION('center_axis',(-0.988429239896168,5.44534193229385E-6,
-0.151682687504647));
#14249=DIRECTION('ref_axis',(0.151599735762913,-0.0330319784059064,-0.987889876716634));
#14250=DIRECTION('',(-0.0133350810078458,0.996128047794481,0.0868969965630018));
#14251=DIRECTION('center_axis',(1.07165710305243E-15,1.,1.64454870099885E-16));
#14252=DIRECTION('ref_axis',(0.151682845020387,0.,-0.988429215739054));
#14253=DIRECTION('center_axis',(-0.988432236847682,-0.000163367430593149,
-0.151663068910565));
#14254=DIRECTION('ref_axis',(0.151571361902783,0.0337230522349321,-0.987870881238482));
#14255=DIRECTION('center_axis',(1.07165710305243E-15,1.,1.64454870099885E-16));
#14256=DIRECTION('ref_axis',(0.151682845020387,-4.93038065763132E-32,-0.988429215739054));
#14257=DIRECTION('center_axis',(-0.988426167835478,-0.000163368433022667,
-0.151702617145609));
#14258=DIRECTION('ref_axis',(0.151621778421073,-0.0337231048048115,-0.987863142601623));
#14259=DIRECTION('',(-0.013353894556401,-0.996117093436871,0.0870195935583242));
#14260=DIRECTION('center_axis',(-1.02832042977529E-15,-1.,-1.67281734263182E-15));
#14261=DIRECTION('ref_axis',(-0.151682845020387,0.,0.988429215739054));
#14262=DIRECTION('center_axis',(-0.988429168071844,9.02977908205589E-6,
-0.151683155370875));
#14263=DIRECTION('ref_axis',(0.151587193086342,0.0356242715791302,-0.987801718041966));
#14264=DIRECTION('center_axis',(-1.02832042977529E-15,-1.,-1.67281734263182E-15));
#14265=DIRECTION('ref_axis',(-0.151682845020387,-1.49748296567136E-15,0.988429215739054));
#14266=DIRECTION('center_axis',(-0.988429263400992,9.0441092716522E-6,-0.151682534165201));
#14267=DIRECTION('ref_axis',(0.151585966418805,-0.0356186280153284,-0.987802109798912));
#14268=DIRECTION('',(-0.013353894556398,0.996117093436872,0.0870195935583195));
#14269=DIRECTION('',(-0.0870925561812718,0.996110566650426,-0.0133650912896131));
#14270=DIRECTION('center_axis',(-1.19006258879729E-15,-1.,6.07125076190462E-16));
#14271=DIRECTION('ref_axis',(0.151682845020386,0.,-0.988429215739054));
#14272=DIRECTION('center_axis',(0.151683280197991,-1.163343520097E-5,-0.988429148888802));
#14273=DIRECTION('ref_axis',(0.9877494293213,-0.0370775954246013,0.151579407549228));
#14274=DIRECTION('center_axis',(-1.19006258879729E-15,-1.,6.07125076190462E-16));
#14275=DIRECTION('ref_axis',(-0.151682845020387,7.8061224213555E-16,0.988429215739054));
#14276=DIRECTION('center_axis',(0.151682409823485,-1.16334475276737E-5,
-0.98842928245515));
#14277=DIRECTION('ref_axis',(0.9877495439134,0.0370816783156696,0.151577662048748));
#14278=DIRECTION('center_axis',(-0.010691850333019,0.706699049676643,-0.707433486288702));
#14279=DIRECTION('ref_axis',(0.0855007791205606,0.705529043142898,0.703504361075071));
#14280=DIRECTION('center_axis',(0.988429215740315,4.10129578059899E-13,
0.151682845012168));
#14281=DIRECTION('ref_axis',(0.151520965138255,0.0461878014369148,-0.987374338395522));
#14282=DIRECTION('',(-0.0869548005354181,0.996122884799733,-0.013343951517591));
#14283=DIRECTION('center_axis',(-1.04472213112353E-15,-1.,-3.39974475998978E-16));
#14284=DIRECTION('ref_axis',(0.151682845020385,0.,-0.988429215739054));
#14285=DIRECTION('center_axis',(0.151683066276032,-7.0128781386395E-6,-0.988429181760596));
#14286=DIRECTION('ref_axis',(0.987848501021679,-0.0342715316922905,0.15159419891502));
#14287=DIRECTION('center_axis',(-1.04472213112353E-15,-1.,-3.39974475998978E-16));
#14288=DIRECTION('ref_axis',(-0.151682845020387,-1.77574279578387E-16,0.988429215739054));
#14289=DIRECTION('center_axis',(0.151682623755632,-7.01293376328823E-6,
-0.988429249669103));
#14290=DIRECTION('ref_axis',(0.987848741157473,0.034268600197118,0.151593296798129));
#14291=DIRECTION('center_axis',(5.85988852289719E-12,-1.,2.16013116092832E-12));
#14292=DIRECTION('ref_axis',(0.,-2.16211834199989E-12,-1.));
#14293=DIRECTION('center_axis',(-8.7678065755874E-11,1.,-1.34510638756971E-11));
#14294=DIRECTION('ref_axis',(-0.761928989212745,-5.8092813677548E-11,0.647660571130623));
#14295=DIRECTION('center_axis',(-1.,-5.85988852289719E-12,-1.22464667250376E-16));
#14296=DIRECTION('ref_axis',(-1.22464679910472E-16,2.16046702962056E-12,
1.));
#14297=DIRECTION('center_axis',(0.0600719300245644,-0.702870203323837,-0.708777003367513));
#14298=DIRECTION('ref_axis',(-0.275848200657437,0.670718838278705,-0.688508540377037));
#14299=DIRECTION('',(0.0869548005354013,-0.996122884799734,0.0133439515175885));
#14300=DIRECTION('center_axis',(-0.00073611223329901,0.707060562382707,
0.707152613840768));
#14301=DIRECTION('ref_axis',(0.0908099790868055,-0.704183752405655,0.70418661627877));
#14302=DIRECTION('center_axis',(-1.09004394634683E-6,0.999999999999392,
-1.67743939430596E-7));
#14303=DIRECTION('ref_axis',(0.957225693925877,1.09195349257877E-6,0.289342307461132));
#14304=DIRECTION('',(0.0870925561812129,-0.996110566650431,0.0133650912896041));
#14305=DIRECTION('center_axis',(1.13254320574545E-15,1.,-2.32304583654982E-16));
#14306=DIRECTION('ref_axis',(-0.151682845020387,0.,0.988429215739054));
#14307=DIRECTION('center_axis',(-0.1516600488527,0.000183666739898897,0.988432696671111));
#14308=DIRECTION('ref_axis',(0.987825332574038,0.0350795633455344,0.151560339668653));
#14309=DIRECTION('center_axis',(1.07165710305243E-15,1.,1.64454870099885E-16));
#14310=DIRECTION('ref_axis',(0.151682845020387,2.46519032881566E-32,-0.988429215739054));
#14311=DIRECTION('center_axis',(-0.151705635991217,0.000183666743177622,
0.988425700938127));
#14312=DIRECTION('ref_axis',(0.987816388443283,-0.0350795095951026,0.151618635825007));
#14313=DIRECTION('',(0.0870925561812625,0.996110566650427,0.0133650912896117));
#14314=DIRECTION('',(0.086954800535354,0.996122884799739,0.0133439515175812));
#14315=DIRECTION('',(-0.0869548005353449,-0.996122884799739,-0.0133439515175798));
#14316=DIRECTION('center_axis',(-0.0602508695484306,-0.702836515532226,
0.708795220887653));
#14317=DIRECTION('ref_axis',(-0.327416909889527,-0.656883082807867,-0.67919274336467));
#14318=DIRECTION('',(-0.0870925561811837,-0.996110566650434,-0.0133650912895996));
#14319=DIRECTION('center_axis',(6.55419840627249E-16,1.,1.61762815531264E-15));
#14320=DIRECTION('ref_axis',(0.151682845020387,0.,-0.988429215739054));
#14321=DIRECTION('center_axis',(-0.988432236847646,0.000163367428934189,
-0.151663068910798));
#14322=DIRECTION('ref_axis',(0.151571361795448,-0.0337230726222493,-0.987870880558987));
#14323=DIRECTION('center_axis',(1.4513195960386E-15,1.,2.22717424132559E-16));
#14324=DIRECTION('ref_axis',(0.988429215739054,-1.46830910262719E-15,0.151682845020387));
#14325=DIRECTION('center_axis',(-0.988426167855099,0.000163367386569543,
-0.151702617018891));
#14326=DIRECTION('ref_axis',(0.151621778071828,0.0337231426663974,-0.987863141362729));
#14327=DIRECTION('',(-0.013353894556398,0.996117093436872,0.0870195935583195));
#14328=DIRECTION('',(-0.0133538945563997,-0.996117093436872,0.0870195935583158));
#14329=DIRECTION('center_axis',(1.07165710305243E-15,1.,1.64454870099885E-16));
#14330=DIRECTION('ref_axis',(0.151682845020387,0.,-0.988429215739054));
#14331=DIRECTION('center_axis',(-0.988433252319155,0.000207556476339368,
-0.151656396601284));
#14332=DIRECTION('ref_axis',(0.151547535131077,-0.0365557984354684,-0.98777376873272));
#14333=DIRECTION('center_axis',(1.07165710305243E-15,1.,1.64454870099885E-16));
#14334=DIRECTION('ref_axis',(0.151682845020387,-1.4791141972894E-31,-0.988429215739054));
#14335=DIRECTION('center_axis',(-0.988425135870847,0.000207556401768123,
-0.15170928679233));
#14336=DIRECTION('ref_axis',(0.151615389274358,0.036555779104389,-0.987763356654445));
#14337=DIRECTION('',(-0.0133777630582614,0.996103173387835,0.0871751307555187));
#14338=DIRECTION('',(-0.0133777630582601,-0.996103173387837,0.0871751307554956));
#14339=DIRECTION('center_axis',(-0.675731461277427,0.707030893509421,-0.208552889846062));
#14340=DIRECTION('ref_axis',(0.658993924387949,0.706187255682697,0.25889489668804));
#14341=DIRECTION('center_axis',(-0.707222278066174,0.706981762565579,-0.00366562498881575));
#14342=DIRECTION('ref_axis',(0.70444548452502,0.704226590039881,-0.0884390706255501));
#14343=DIRECTION('center_axis',(1.61078457269561E-7,0.999999999999439,-1.04649903850285E-6));
#14344=DIRECTION('ref_axis',(-0.284398358765197,1.04909556296653E-6,0.958706197711563));
#14345=DIRECTION('',(-0.0133350810078421,0.996128047794483,0.0868969965629773));
#14346=DIRECTION('center_axis',(-1.21036332852624E-15,-1.,-9.40752463977952E-16));
#14347=DIRECTION('ref_axis',(-0.151682845020387,0.,0.988429215739054));
#14348=DIRECTION('center_axis',(-0.988429191552575,-5.44534709289766E-6,
-0.151683002531833));
#14349=DIRECTION('ref_axis',(0.15160039512665,-0.0330341889197668,-0.987889701616459));
#14350=DIRECTION('center_axis',(-1.21036332852624E-15,-1.,-9.40752463977952E-16));
#14351=DIRECTION('ref_axis',(-0.151682845020387,-7.46275866995104E-16,0.988429215739054));
#14352=DIRECTION('center_axis',(-0.988429239896233,-5.44536085252141E-6,
-0.151682687504223));
#14353=DIRECTION('ref_axis',(0.151599741970658,0.0330307412022741,-0.987889917131488));
#14354=DIRECTION('',(-0.0133350810078443,-0.996128047794483,0.0868969965629778));
#14355=DIRECTION('center_axis',(-1.07165710305243E-15,-1.,-1.64454870099885E-16));
#14356=DIRECTION('ref_axis',(-0.151682845020387,0.,0.988429215739054));
#14357=DIRECTION('',(0.151682845020387,0.,-0.988429215739054));
#14358=DIRECTION('center_axis',(1.07165710305243E-15,1.,1.64454870099885E-16));
#14359=DIRECTION('ref_axis',(-0.151682845020386,-1.03537993810258E-30,0.988429215739054));
#14360=DIRECTION('',(0.151682845020387,0.,-0.988429215739054));
#14361=DIRECTION('center_axis',(1.07165710305243E-15,1.,1.64454870099885E-16));
#14362=DIRECTION('ref_axis',(0.151682845020387,0.,-0.988429215739054));
#14363=DIRECTION('center_axis',(-0.988426882553519,-0.0001310902865922,
-0.15169799161778));
#14364=DIRECTION('ref_axis',(0.151627661440178,-0.0313130699127395,-0.987941569091423));
#14365=DIRECTION('center_axis',(-0.988431531706524,-0.000131090295734035,
-0.151667695781367));
#14366=DIRECTION('ref_axis',(0.151589266506177,0.0313129197576176,-0.987947465878815));
#14367=DIRECTION('center_axis',(1.07165710305243E-15,1.,1.64454870099885E-16));
#14368=DIRECTION('ref_axis',(0.151682845020387,4.93038065763132E-32,-0.988429215739054));
#14369=DIRECTION('center_axis',(-1.07165710305243E-15,-1.,-1.64454870099885E-16));
#14370=DIRECTION('ref_axis',(-0.151682845020387,0.,0.988429215739054));
#14371=DIRECTION('',(0.151682845020387,0.,-0.988429215739054));
#14372=DIRECTION('center_axis',(1.07165710305243E-15,1.,1.64454870099885E-16));
#14373=DIRECTION('ref_axis',(-0.151682845020386,-1.03537993810258E-30,0.988429215739054));
#14374=DIRECTION('',(0.151682845020387,0.,-0.988429215739054));
#14375=DIRECTION('center_axis',(-1.07165710305243E-15,-1.,-1.64454870099885E-16));
#14376=DIRECTION('ref_axis',(-0.151682845020387,0.,0.988429215739054));
#14377=DIRECTION('',(0.151682845020387,0.,-0.988429215739054));
#14378=DIRECTION('center_axis',(1.07165710305243E-15,1.,1.64454870099885E-16));
#14379=DIRECTION('ref_axis',(-0.151682845020386,-1.03537993810258E-30,0.988429215739054));
#14380=DIRECTION('',(0.151682845020387,0.,-0.988429215739054));
#14381=DIRECTION('center_axis',(-1.07165710305243E-15,-1.,-1.64454870099885E-16));
#14382=DIRECTION('ref_axis',(-0.151682845020387,0.,0.988429215739054));
#14383=DIRECTION('',(-0.988429215739054,1.0842021724855E-15,-0.151682845020387));
#14384=DIRECTION('center_axis',(1.07165710305243E-15,1.,1.64454870099885E-16));
#14385=DIRECTION('ref_axis',(-0.151682845020386,-1.03537993810258E-30,0.988429215739054));
#14386=DIRECTION('',(-0.988429215739054,1.0842021724855E-15,-0.151682845020387));
#14387=DIRECTION('center_axis',(-1.07165710305243E-15,-1.,-1.64454870099885E-16));
#14388=DIRECTION('ref_axis',(-0.151682845020387,0.,0.988429215739054));
#14389=DIRECTION('',(-0.988429215739054,1.0842021724855E-15,-0.151682845020387));
#14390=DIRECTION('center_axis',(1.07165710305243E-15,1.,1.64454870099885E-16));
#14391=DIRECTION('ref_axis',(-0.151682845020386,-1.03537993810258E-30,0.988429215739054));
#14392=DIRECTION('',(-0.988429215739054,1.0842021724855E-15,-0.151682845020387));
#14393=DIRECTION('center_axis',(-1.07165710305243E-15,-1.,-1.64454870099885E-16));
#14394=DIRECTION('ref_axis',(-0.151682845020387,0.,0.988429215739054));
#14395=DIRECTION('',(0.988429215739054,-1.0842021724855E-15,0.151682845020387));
#14396=DIRECTION('',(0.988429215739054,-1.0842021724855E-15,0.151682845020387));
#14397=DIRECTION('center_axis',(1.07165710305243E-15,1.,1.64454870099885E-16));
#14398=DIRECTION('ref_axis',(-0.151681966093271,0.,0.988429350617473));
#14399=DIRECTION('center_axis',(-0.151700101821337,0.000146012904324933,
0.988426556597721));
#14400=DIRECTION('ref_axis',(0.987904604819812,-0.0324717479639118,0.15162479137654));
#14401=DIRECTION('center_axis',(-0.151665584935818,0.000146012939948722,
0.988431853506501));
#14402=DIRECTION('ref_axis',(0.987911335229344,0.0324718119131336,0.151580919499955));
#14403=DIRECTION('center_axis',(1.07165710305243E-15,1.,1.64454870099885E-16));
#14404=DIRECTION('ref_axis',(0.151682845020387,4.93038065763132E-32,-0.988429215739054));
#14405=DIRECTION('center_axis',(-1.07165710305243E-15,-1.,-1.64454870099885E-16));
#14406=DIRECTION('ref_axis',(-0.151682845020387,0.,0.988429215739054));
#14407=DIRECTION('',(0.988429215739054,-1.0842021724855E-15,0.151682845020387));
#14408=DIRECTION('',(0.988429215739054,-1.0842021724855E-15,0.151682845020387));
#14409=DIRECTION('center_axis',(-1.07165710305243E-15,-1.,-1.64454870099885E-16));
#14410=DIRECTION('ref_axis',(-0.151682845020387,0.,0.988429215739054));
#14411=DIRECTION('',(-0.151682845020387,0.,0.988429215739054));
#14412=DIRECTION('center_axis',(1.07165710305243E-15,1.,1.64454870099885E-16));
#14413=DIRECTION('ref_axis',(-0.151682845020383,-3.84569691295243E-30,0.988429215739055));
#14414=DIRECTION('',(-0.151682845020387,0.,0.988429215739054));
#14415=DIRECTION('center_axis',(-1.07165710305243E-15,-1.,-1.64454870099885E-16));
#14416=DIRECTION('ref_axis',(-0.151682845020387,0.,0.988429215739054));
#14417=DIRECTION('',(-0.151682845020387,0.,0.988429215739054));
#14418=DIRECTION('center_axis',(1.07165710305243E-15,1.,1.64454870099885E-16));
#14419=DIRECTION('ref_axis',(-0.151682845020383,-3.84569691295243E-30,0.988429215739055));
#14420=DIRECTION('',(-0.151682845020387,0.,0.988429215739054));
#14421=DIRECTION('center_axis',(8.74056306488408E-16,1.,8.75207738998089E-16));
#14422=DIRECTION('ref_axis',(0.151682845020387,0.,-0.988429215739054));
#14423=DIRECTION('center_axis',(-0.988426882553722,0.000131090282756237,
-0.151697991616459));
#14424=DIRECTION('ref_axis',(0.151627661367123,0.0313130854046081,-0.987941568611616));
#14425=DIRECTION('center_axis',(-0.988431531706828,0.000131090313469695,
-0.15166769577937));
#14426=DIRECTION('ref_axis',(0.151589265874916,-0.0313130485646875,-0.987947461893136));
#14427=DIRECTION('center_axis',(8.74056306488408E-16,1.,8.75207738998089E-16));
#14428=DIRECTION('ref_axis',(0.151682845020387,7.32501551790459E-16,-0.988429215739054));
#14429=DIRECTION('center_axis',(-1.07165710305243E-15,-1.,-1.64454870099885E-16));
#14430=DIRECTION('ref_axis',(-0.151682845020387,0.,0.988429215739054));
#14431=DIRECTION('',(-0.151682845020387,0.,0.988429215739054));
#14432=DIRECTION('center_axis',(1.07165710305243E-15,1.,1.64454870099885E-16));
#14433=DIRECTION('ref_axis',(-0.151682845020383,-3.84569691295243E-30,0.988429215739055));
#14434=DIRECTION('',(-0.151682845020387,0.,0.988429215739054));
#14435=DIRECTION('center_axis',(1.07165710305243E-15,1.,1.64454870099885E-16));
#14436=DIRECTION('ref_axis',(0.151682845020387,0.,-0.988429215739054));
#14437=DIRECTION('',(-0.151682845020387,0.,0.988429215739054));
#14438=DIRECTION('center_axis',(-1.07165710305243E-15,-1.,-1.64454870099885E-16));
#14439=DIRECTION('ref_axis',(-0.151682845020387,-7.39557098644699E-32,0.988429215739054));
#14440=DIRECTION('',(-0.151682845020387,0.,0.988429215739054));
#14441=DIRECTION('center_axis',(0.988429215739054,-1.0842021724855E-15,
0.151682845020387));
#14442=DIRECTION('ref_axis',(-1.07165710305243E-15,-1.,-1.64454870099885E-16));
#14443=DIRECTION('',(-1.07165710305243E-15,-1.,-1.64454870099885E-16));
#14444=DIRECTION('center_axis',(-1.07165710305243E-15,-1.,-1.64454870099885E-16));
#14445=DIRECTION('ref_axis',(-0.151682845020387,-7.39557098644699E-32,0.988429215739054));
#14446=DIRECTION('',(-1.07165710305243E-15,-1.,-1.64454870099885E-16));
#14447=DIRECTION('center_axis',(0.988429215739054,-1.0842021724855E-15,
0.151682845020387));
#14448=DIRECTION('ref_axis',(-1.07165710305243E-15,-1.,-1.64454870099885E-16));
#14449=DIRECTION('center_axis',(1.07165710305243E-15,1.,1.64454870099885E-16));
#14450=DIRECTION('ref_axis',(0.151682845020387,0.,-0.988429215739054));
#14451=DIRECTION('',(-0.151682845020387,0.,0.988429215739054));
#14452=DIRECTION('center_axis',(-1.07165710305243E-15,-1.,-1.64454870099885E-16));
#14453=DIRECTION('ref_axis',(-0.151682845020387,-7.39557098644699E-32,0.988429215739054));
#14454=DIRECTION('',(-0.151682845020387,0.,0.988429215739054));
#14455=DIRECTION('center_axis',(0.988429215739054,-1.0842021724855E-15,
0.151682845020387));
#14456=DIRECTION('ref_axis',(-1.07165710305243E-15,-1.,-1.64454870099885E-16));
#14457=DIRECTION('',(-1.07165710305243E-15,-1.,-1.64454870099885E-16));
#14458=DIRECTION('center_axis',(-1.07165710305243E-15,-1.,-1.64454870099885E-16));
#14459=DIRECTION('ref_axis',(-0.151682845020387,-7.39557098644699E-32,0.988429215739054));
#14460=DIRECTION('',(-1.07165710305243E-15,-1.,-1.64454870099885E-16));
#14461=DIRECTION('center_axis',(0.988429215739054,-1.0842021724855E-15,
0.151682845020387));
#14462=DIRECTION('ref_axis',(-1.07165710305243E-15,-1.,-1.64454870099885E-16));
#14463=DIRECTION('center_axis',(1.07165710305243E-15,1.,1.64454870099885E-16));
#14464=DIRECTION('ref_axis',(0.151682845020387,0.,-0.988429215739054));
#14465=DIRECTION('',(-0.151682845020387,0.,0.988429215739054));
#14466=DIRECTION('center_axis',(-1.07165710305243E-15,-1.,-1.64454870099885E-16));
#14467=DIRECTION('ref_axis',(-0.151682845020387,-7.39557098644699E-32,0.988429215739054));
#14468=DIRECTION('',(-0.151682845020387,0.,0.988429215739054));
#14469=DIRECTION('center_axis',(0.988429215739054,-1.0842021724855E-15,
0.151682845020387));
#14470=DIRECTION('ref_axis',(-1.07165710305243E-15,-1.,-1.64454870099885E-16));
#14471=DIRECTION('',(-1.07165710305243E-15,-1.,-1.64454870099885E-16));
#14472=DIRECTION('center_axis',(-1.07165710305243E-15,-1.,-1.64454870099885E-16));
#14473=DIRECTION('ref_axis',(-0.151682845020387,-7.39557098644699E-32,0.988429215739054));
#14474=DIRECTION('',(-1.07165710305243E-15,-1.,-1.64454870099885E-16));
#14475=DIRECTION('center_axis',(0.988429215739054,-1.0842021724855E-15,
0.151682845020387));
#14476=DIRECTION('ref_axis',(-1.07165710305243E-15,-1.,-1.64454870099885E-16));
#14477=DIRECTION('center_axis',(1.07165710305243E-15,1.,1.64454870099885E-16));
#14478=DIRECTION('ref_axis',(0.151682845020387,0.,-0.988429215739054));
#14479=DIRECTION('',(0.988429215739054,-1.0842021724855E-15,0.151682845020387));
#14480=DIRECTION('center_axis',(-1.07165710305243E-15,-1.,-1.64454870099885E-16));
#14481=DIRECTION('ref_axis',(-0.151682845020387,-7.39557098644699E-32,0.988429215739054));
#14482=DIRECTION('',(0.988429215739054,-1.0842021724855E-15,0.151682845020387));
#14483=DIRECTION('center_axis',(-0.151682845020387,7.39557098644699E-32,
0.988429215739054));
#14484=DIRECTION('ref_axis',(1.07165710305243E-15,1.,1.64454870099885E-16));
#14485=DIRECTION('',(1.07165710305243E-15,1.,1.64454870099885E-16));
#14486=DIRECTION('center_axis',(-1.07165710305243E-15,-1.,-1.64454870099885E-16));
#14487=DIRECTION('ref_axis',(0.151682845020386,9.2444637330587E-31,-0.988429215739054));
#14488=DIRECTION('',(-1.07165710305243E-15,-1.,-1.64454870099885E-16));
#14489=DIRECTION('center_axis',(-0.151682845020387,7.39557098644699E-32,
0.988429215739054));
#14490=DIRECTION('ref_axis',(1.07165710305243E-15,1.,1.64454870099885E-16));
#14491=DIRECTION('center_axis',(1.07165710305243E-15,1.,1.64454870099885E-16));
#14492=DIRECTION('ref_axis',(0.151682845020387,0.,-0.988429215739054));
#14493=DIRECTION('',(0.988429215739054,-1.0842021724855E-15,0.151682845020387));
#14494=DIRECTION('center_axis',(-1.07165710305243E-15,-1.,-1.64454870099885E-16));
#14495=DIRECTION('ref_axis',(-0.151682845020387,-7.39557098644699E-32,0.988429215739054));
#14496=DIRECTION('',(0.988429215739054,-1.0842021724855E-15,0.151682845020387));
#14497=DIRECTION('center_axis',(-0.151682845020387,7.39557098644699E-32,
0.988429215739054));
#14498=DIRECTION('ref_axis',(1.07165710305243E-15,1.,1.64454870099885E-16));
#14499=DIRECTION('',(1.07165710305243E-15,1.,1.64454870099885E-16));
#14500=DIRECTION('center_axis',(-1.07165710305243E-15,-1.,-1.64454870099885E-16));
#14501=DIRECTION('ref_axis',(0.151682845020385,1.88741134549948E-30,-0.988429215739054));
#14502=DIRECTION('',(-1.07165710305243E-15,-1.,-1.64454870099885E-16));
#14503=DIRECTION('center_axis',(-0.151682845020387,7.39557098644699E-32,
0.988429215739054));
#14504=DIRECTION('ref_axis',(1.07165710305243E-15,1.,1.64454870099885E-16));
#14505=DIRECTION('center_axis',(1.07165710305243E-15,1.,1.64454870099885E-16));
#14506=DIRECTION('ref_axis',(0.151682845020387,-2.46519032881566E-31,-0.988429215739054));
#14507=DIRECTION('center_axis',(0.151682845020387,-7.39557098644699E-32,
-0.988429215739054));
#14508=DIRECTION('ref_axis',(-1.07165710305243E-15,-1.,-1.64454870099885E-16));
#14509=DIRECTION('',(0.988429215739054,-1.0842021724855E-15,0.151682845020387));
#14510=DIRECTION('center_axis',(0.151682845020387,-7.39557098644699E-32,
-0.988429215739054));
#14511=DIRECTION('ref_axis',(-1.07165710305243E-15,-1.,-1.64454870099885E-16));
#14512=DIRECTION('',(0.988429215739054,-1.0842021724855E-15,0.151682845020387));
#14513=DIRECTION('center_axis',(1.07165710305243E-15,1.,1.64454870099885E-16));
#14514=DIRECTION('ref_axis',(0.151682845020387,0.,-0.988429215739054));
#14515=DIRECTION('center_axis',(0.151682845020387,-7.39557098644699E-32,
-0.988429215739054));
#14516=DIRECTION('ref_axis',(-1.07165710305243E-15,-1.,-1.64454870099885E-16));
#14517=DIRECTION('',(0.988429215739054,-1.0842021724855E-15,0.151682845020387));
#14518=DIRECTION('center_axis',(0.151682845020387,-7.39557098644699E-32,
-0.988429215739054));
#14519=DIRECTION('ref_axis',(-1.07165710305243E-15,-1.,-1.64454870099885E-16));
#14520=DIRECTION('',(0.988429215739054,-1.0842021724855E-15,0.151682845020387));
#14521=DIRECTION('center_axis',(1.07165710305243E-15,1.,1.64454870099885E-16));
#14522=DIRECTION('ref_axis',(0.151682845020387,0.,-0.988429215739054));
#14523=DIRECTION('center_axis',(1.07165710305243E-15,1.,1.64454870099885E-16));
#14524=DIRECTION('ref_axis',(0.151682845020387,0.,-0.988429215739054));
#14525=DIRECTION('',(0.151682845020387,0.,-0.988429215739054));
#14526=DIRECTION('center_axis',(-1.07165710305243E-15,-1.,-1.64454870099885E-16));
#14527=DIRECTION('ref_axis',(-0.151682845020387,-7.39557098644699E-32,0.988429215739054));
#14528=DIRECTION('',(0.151682845020387,0.,-0.988429215739054));
#14529=DIRECTION('center_axis',(0.988429215739054,-1.0842021724855E-15,
0.151682845020387));
#14530=DIRECTION('ref_axis',(-1.07165710305243E-15,-1.,-1.64454870099885E-16));
#14531=DIRECTION('',(1.07165710305243E-15,1.,1.64454870099885E-16));
#14532=DIRECTION('center_axis',(-1.07165710305243E-15,-1.,-1.64454870099885E-16));
#14533=DIRECTION('ref_axis',(-0.151682845020387,-7.39557098644699E-32,0.988429215739054));
#14534=DIRECTION('',(-1.07165710305243E-15,-1.,-1.64454870099885E-16));
#14535=DIRECTION('center_axis',(0.988429215739054,-1.0842021724855E-15,
0.151682845020387));
#14536=DIRECTION('ref_axis',(-1.07165710305243E-15,-1.,-1.64454870099885E-16));
#14537=DIRECTION('center_axis',(1.07165710305243E-15,1.,1.64454870099885E-16));
#14538=DIRECTION('ref_axis',(0.151682845020387,0.,-0.988429215739054));
#14539=DIRECTION('',(0.151682845020387,0.,-0.988429215739054));
#14540=DIRECTION('center_axis',(-1.07165710305243E-15,-1.,-1.64454870099885E-16));
#14541=DIRECTION('ref_axis',(-0.151682845020387,-7.39557098644699E-32,0.988429215739054));
#14542=DIRECTION('',(0.151682845020387,0.,-0.988429215739054));
#14543=DIRECTION('center_axis',(0.988429215739054,-1.0842021724855E-15,
0.151682845020387));
#14544=DIRECTION('ref_axis',(-1.07165710305243E-15,-1.,-1.64454870099885E-16));
#14545=DIRECTION('',(1.07165710305243E-15,1.,1.64454870099885E-16));
#14546=DIRECTION('center_axis',(-1.07165710305243E-15,-1.,-1.64454870099885E-16));
#14547=DIRECTION('ref_axis',(-0.151682845020387,-7.39557098644699E-32,0.988429215739054));
#14548=DIRECTION('',(-1.07165710305243E-15,-1.,-1.64454870099885E-16));
#14549=DIRECTION('center_axis',(0.988429215739054,-1.0842021724855E-15,
0.151682845020387));
#14550=DIRECTION('ref_axis',(-1.07165710305243E-15,-1.,-1.64454870099885E-16));
#14551=DIRECTION('center_axis',(1.07165710305243E-15,1.,1.64454870099885E-16));
#14552=DIRECTION('ref_axis',(0.151682845020387,0.,-0.988429215739054));
#14553=DIRECTION('',(0.151682845020387,0.,-0.988429215739054));
#14554=DIRECTION('center_axis',(-1.07165710305243E-15,-1.,-1.64454870099885E-16));
#14555=DIRECTION('ref_axis',(-0.151682845020387,-7.39557098644699E-32,0.988429215739054));
#14556=DIRECTION('',(0.151682845020387,0.,-0.988429215739054));
#14557=DIRECTION('center_axis',(0.988429215739054,-1.0842021724855E-15,
0.151682845020387));
#14558=DIRECTION('ref_axis',(-1.07165710305243E-15,-1.,-1.64454870099885E-16));
#14559=DIRECTION('',(1.07165710305243E-15,1.,1.64454870099885E-16));
#14560=DIRECTION('center_axis',(-1.07165710305243E-15,-1.,-1.64454870099885E-16));
#14561=DIRECTION('ref_axis',(-0.151682845020387,-7.39557098644699E-32,0.988429215739054));
#14562=DIRECTION('',(-1.07165710305243E-15,-1.,-1.64454870099885E-16));
#14563=DIRECTION('center_axis',(0.988429215739054,-1.0842021724855E-15,
0.151682845020387));
#14564=DIRECTION('ref_axis',(-1.07165710305243E-15,-1.,-1.64454870099885E-16));
#14565=DIRECTION('center_axis',(-1.07165710305243E-15,-1.,-1.64454870099885E-16));
#14566=DIRECTION('ref_axis',(-0.151682845020387,0.,0.988429215739054));
#14567=DIRECTION('',(-0.988429215739054,1.0842021724855E-15,-0.151682845020387));
#14568=DIRECTION('',(0.988429215739054,-1.0842021724855E-15,0.151682845020387));
#14569=DIRECTION('center_axis',(-1.07165710305243E-15,-1.,-1.64454870099885E-16));
#14570=DIRECTION('ref_axis',(0.151682845020387,-7.39557098644698E-32,-0.988429215739054));
#14571=DIRECTION('center_axis',(-0.151682845020387,7.39557098644699E-32,
0.988429215739054));
#14572=DIRECTION('ref_axis',(1.07165710305243E-15,1.,1.64454870099885E-16));
#14573=DIRECTION('',(0.988429215739054,-1.0842021724855E-15,0.151682845020387));
#14574=DIRECTION('',(1.07165710305243E-15,1.,1.64454870099885E-16));
#14575=DIRECTION('center_axis',(1.07165710305243E-15,1.,1.64454870099885E-16));
#14576=DIRECTION('ref_axis',(0.151682845020387,-7.39557098644698E-32,-0.988429215739054));
#14577=DIRECTION('',(1.07165710305243E-15,1.,1.64454870099885E-16));
#14578=DIRECTION('center_axis',(0.151682845020387,-7.39557098644699E-32,
-0.988429215739054));
#14579=DIRECTION('ref_axis',(-1.07165710305243E-15,-1.,-1.64454870099885E-16));
#14580=DIRECTION('',(0.988429215739054,-1.0842021724855E-15,0.151682845020387));
#14581=DIRECTION('',(1.1307517760945E-15,1.,1.73523448800151E-16));
#14582=DIRECTION('center_axis',(1.07165710305243E-15,1.,1.64454870099885E-16));
#14583=DIRECTION('ref_axis',(0.151682845020387,0.,-0.988429215739054));
#14584=DIRECTION('center_axis',(1.07165710305243E-15,1.,1.64454870099886E-16));
#14585=DIRECTION('ref_axis',(-1.,1.07165710305243E-15,0.));
#14586=DIRECTION('',(-0.151682845020387,0.,0.988429215739054));
#14587=DIRECTION('center_axis',(-1.07165710305243E-15,-1.,-1.64454870099886E-16));
#14588=DIRECTION('ref_axis',(-1.,1.07165710305243E-15,1.76239229674106E-31));
#14589=DIRECTION('center_axis',(-0.988429215739054,1.14398862163239E-15,
-0.151682845020387));
#14590=DIRECTION('ref_axis',(-0.151682845020387,0.,0.988429215739054));
#14591=DIRECTION('',(0.151682845020387,0.,-0.988429215739054));
#14592=DIRECTION('',(-1.1307517760945E-15,-1.,-1.73523448800151E-16));
#14593=DIRECTION('',(-1.1307517760945E-15,-1.,-1.73523448800151E-16));
#14594=DIRECTION('center_axis',(-1.07165710305243E-15,-1.,-1.64454870099885E-16));
#14595=DIRECTION('ref_axis',(1.,-1.07165710305243E-15,0.));
#14596=DIRECTION('center_axis',(1.07165710305243E-15,1.,1.64454870099885E-16));
#14597=DIRECTION('ref_axis',(1.,-1.07165710305243E-15,-1.76239229674106E-31));
#14598=DIRECTION('center_axis',(-1.1307517760945E-15,-1.,-1.73523448800151E-16));
#14599=DIRECTION('ref_axis',(1.,-1.1307517760945E-15,-2.18952885050753E-47));
#14600=DIRECTION('center_axis',(-1.1307517760945E-15,-1.,-1.73523448800151E-16));
#14601=DIRECTION('ref_axis',(1.,-1.1307517760945E-15,-2.18952885050753E-47));
#14602=DIRECTION('center_axis',(1.07165710305243E-15,1.,1.64454870099885E-16));
#14603=DIRECTION('ref_axis',(-1.,1.07165710305243E-15,0.));
#14604=DIRECTION('axis',(0.,0.,1.));
#14605=DIRECTION('refdir',(1.,0.,0.));
#14606=DIRECTION('center_axis',(0.,0.,1.));
#14607=DIRECTION('ref_axis',(1.,0.,0.));
#14608=DIRECTION('center_axis',(0.,0.,1.));
#14609=DIRECTION('ref_axis',(1.,0.,0.));
#14610=DIRECTION('',(0.,0.,1.));
#14611=DIRECTION('center_axis',(0.,0.,1.));
#14612=DIRECTION('ref_axis',(1.,0.,0.));
#14613=DIRECTION('center_axis',(0.,0.,1.));
#14614=DIRECTION('ref_axis',(1.,0.,0.));
#14615=DIRECTION('center_axis',(0.,0.,1.));
#14616=DIRECTION('ref_axis',(1.,0.,0.));
#14617=DIRECTION('',(0.,0.,1.));
#14618=DIRECTION('center_axis',(0.,0.,1.));
#14619=DIRECTION('ref_axis',(1.,0.,0.));
#14620=DIRECTION('center_axis',(0.,0.,1.));
#14621=DIRECTION('ref_axis',(1.,0.,0.));
#14622=DIRECTION('center_axis',(0.,0.,1.));
#14623=DIRECTION('ref_axis',(1.,0.,0.));
#14624=DIRECTION('',(0.,0.,1.));
#14625=DIRECTION('center_axis',(0.,0.,1.));
#14626=DIRECTION('ref_axis',(1.,0.,0.));
#14627=DIRECTION('center_axis',(0.,0.,1.));
#14628=DIRECTION('ref_axis',(1.,0.,0.));
#14629=DIRECTION('center_axis',(0.,0.,1.));
#14630=DIRECTION('ref_axis',(1.,0.,0.));
#14631=DIRECTION('',(0.,0.,1.));
#14632=DIRECTION('center_axis',(0.,0.,1.));
#14633=DIRECTION('ref_axis',(1.,0.,0.));
#14634=DIRECTION('center_axis',(1.,0.,0.));
#14635=DIRECTION('ref_axis',(0.,0.,-1.));
#14636=DIRECTION('',(0.,-1.,0.));
#14637=DIRECTION('',(0.,0.,-1.));
#14638=DIRECTION('',(0.,-1.,0.));
#14639=DIRECTION('',(0.,0.,1.));
#14640=DIRECTION('',(0.,-1.,0.));
#14641=DIRECTION('',(0.,0.,1.));
#14642=DIRECTION('',(0.,-1.,0.));
#14643=DIRECTION('',(0.,0.,-1.));
#14644=DIRECTION('center_axis',(0.,1.,0.));
#14645=DIRECTION('ref_axis',(0.,0.,1.));
#14646=DIRECTION('',(1.,0.,0.));
#14647=DIRECTION('',(0.,0.,1.));
#14648=DIRECTION('',(1.,0.,0.));
#14649=DIRECTION('',(0.,0.,1.));
#14650=DIRECTION('',(1.,0.,0.));
#14651=DIRECTION('',(0.,0.,-1.));
#14652=DIRECTION('',(1.,0.,0.));
#14653=DIRECTION('',(0.,0.,-1.));
#14654=DIRECTION('center_axis',(-1.,0.,0.));
#14655=DIRECTION('ref_axis',(0.,0.,1.));
#14656=DIRECTION('',(0.,1.,0.));
#14657=DIRECTION('',(0.,0.,1.));
#14658=DIRECTION('',(0.,1.,0.));
#14659=DIRECTION('',(0.,0.,1.));
#14660=DIRECTION('',(0.,1.,0.));
#14661=DIRECTION('',(0.,0.,-1.));
#14662=DIRECTION('',(0.,1.,0.));
#14663=DIRECTION('',(0.,0.,-1.));
#14664=DIRECTION('center_axis',(0.,-1.,0.));
#14665=DIRECTION('ref_axis',(0.,0.,-1.));
#14666=DIRECTION('',(-1.,0.,0.));
#14667=DIRECTION('',(0.,0.,1.));
#14668=DIRECTION('',(-1.,0.,0.));
#14669=DIRECTION('',(0.,0.,1.));
#14670=DIRECTION('',(-1.,0.,0.));
#14671=DIRECTION('',(0.,0.,-1.));
#14672=DIRECTION('',(-1.,0.,0.));
#14673=DIRECTION('',(0.,0.,-1.));
#14674=DIRECTION('center_axis',(0.,0.,1.));
#14675=DIRECTION('ref_axis',(1.,0.,0.));
#14676=DIRECTION('center_axis',(0.,0.,1.));
#14677=DIRECTION('ref_axis',(1.,0.,0.));
#14678=DIRECTION('',(0.,-1.,0.));
#14679=DIRECTION('center_axis',(0.,0.,-1.));
#14680=DIRECTION('ref_axis',(1.,0.,0.));
#14681=DIRECTION('',(-1.,0.,0.));
#14682=DIRECTION('center_axis',(0.,0.,1.));
#14683=DIRECTION('ref_axis',(1.,0.,0.));
#14684=DIRECTION('center_axis',(0.,0.,1.));
#14685=DIRECTION('ref_axis',(1.,0.,0.));
#14686=DIRECTION('',(1.,0.,0.));
#14687=DIRECTION('center_axis',(0.,0.,-1.));
#14688=DIRECTION('ref_axis',(1.,0.,0.));
#14689=DIRECTION('',(0.,-1.,0.));
#14690=DIRECTION('center_axis',(0.,0.,1.));
#14691=DIRECTION('ref_axis',(1.,0.,0.));
#14692=DIRECTION('center_axis',(0.,0.,1.));
#14693=DIRECTION('ref_axis',(1.,0.,0.));
#14694=DIRECTION('',(0.,1.,0.));
#14695=DIRECTION('center_axis',(0.,0.,-1.));
#14696=DIRECTION('ref_axis',(1.,0.,0.));
#14697=DIRECTION('',(1.,0.,0.));
#14698=DIRECTION('center_axis',(0.,0.,1.));
#14699=DIRECTION('ref_axis',(1.,0.,0.));
#14700=DIRECTION('center_axis',(0.,0.,1.));
#14701=DIRECTION('ref_axis',(1.,0.,0.));
#14702=DIRECTION('',(-1.,0.,0.));
#14703=DIRECTION('center_axis',(0.,0.,-1.));
#14704=DIRECTION('ref_axis',(1.,0.,0.));
#14705=DIRECTION('',(0.,1.,0.));
#14706=DIRECTION('center_axis',(0.,0.,1.));
#14707=DIRECTION('ref_axis',(1.,0.,0.));
#14708=DIRECTION('center_axis',(0.,0.,1.));
#14709=DIRECTION('ref_axis',(1.,0.,0.));
#14710=DIRECTION('center_axis',(0.,0.,-1.));
#14711=DIRECTION('ref_axis',(1.,0.,0.));
#14712=DIRECTION('center_axis',(0.,0.,-1.));
#14713=DIRECTION('ref_axis',(1.,-3.46944695195362E-15,0.));
#14714=DIRECTION('center_axis',(0.,0.,-1.));
#14715=DIRECTION('ref_axis',(1.,0.,0.));
#14716=DIRECTION('center_axis',(0.,0.,-1.));
#14717=DIRECTION('ref_axis',(1.,0.,0.));
#14718=DIRECTION('center_axis',(1.,0.,0.));
#14719=DIRECTION('ref_axis',(0.,0.,-1.));
#14720=DIRECTION('',(0.,1.,0.));
#14721=DIRECTION('',(0.,0.,1.));
#14722=DIRECTION('',(0.,0.,-1.));
#14723=DIRECTION('center_axis',(0.,-1.,0.));
#14724=DIRECTION('ref_axis',(0.,0.,-1.));
#14725=DIRECTION('',(1.,0.,0.));
#14726=DIRECTION('',(0.,0.,1.));
#14727=DIRECTION('',(0.,0.,-1.));
#14728=DIRECTION('center_axis',(0.,0.,1.));
#14729=DIRECTION('ref_axis',(1.,0.,0.));
#14730=DIRECTION('center_axis',(0.,0.,1.));
#14731=DIRECTION('ref_axis',(1.,0.,0.));
#14732=DIRECTION('center_axis',(0.,0.,-1.));
#14733=DIRECTION('ref_axis',(1.,0.,0.));
#14734=DIRECTION('center_axis',(0.,0.,1.));
#14735=DIRECTION('ref_axis',(1.,0.,0.));
#14736=DIRECTION('center_axis',(0.,0.,-1.));
#14737=DIRECTION('ref_axis',(1.,0.,0.));
#14738=DIRECTION('center_axis',(-1.,0.,0.));
#14739=DIRECTION('ref_axis',(0.,0.,1.));
#14740=DIRECTION('',(0.,0.,-1.));
#14741=DIRECTION('',(0.,-1.,0.));
#14742=DIRECTION('',(0.,0.,1.));
#14743=DIRECTION('center_axis',(0.,1.,0.));
#14744=DIRECTION('ref_axis',(0.,0.,1.));
#14745=DIRECTION('',(-1.,0.,0.));
#14746=DIRECTION('',(0.,0.,1.));
#14747=DIRECTION('',(0.,0.,-1.));
#14748=DIRECTION('center_axis',(0.,0.,1.));
#14749=DIRECTION('ref_axis',(1.,0.,0.));
#14750=DIRECTION('center_axis',(0.,0.,1.));
#14751=DIRECTION('ref_axis',(1.,0.,0.));
#14752=DIRECTION('center_axis',(0.,0.,-1.));
#14753=DIRECTION('ref_axis',(1.,0.,0.));
#14754=DIRECTION('center_axis',(0.,0.,1.));
#14755=DIRECTION('ref_axis',(1.,0.,0.));
#14756=DIRECTION('center_axis',(0.,0.,-1.));
#14757=DIRECTION('ref_axis',(1.,0.,0.));
#14758=DIRECTION('center_axis',(0.,1.,0.));
#14759=DIRECTION('ref_axis',(0.,0.,1.));
#14760=DIRECTION('',(-1.,0.,0.));
#14761=DIRECTION('',(0.,0.,1.));
#14762=DIRECTION('',(0.,0.,-1.));
#14763=DIRECTION('center_axis',(1.,0.,0.));
#14764=DIRECTION('ref_axis',(0.,0.,-1.));
#14765=DIRECTION('',(0.,1.,0.));
#14766=DIRECTION('',(0.,0.,1.));
#14767=DIRECTION('',(0.,0.,-1.));
#14768=DIRECTION('center_axis',(0.,0.,-1.));
#14769=DIRECTION('ref_axis',(-1.,0.,0.));
#14770=DIRECTION('center_axis',(0.,0.,1.));
#14771=DIRECTION('ref_axis',(-1.,0.,0.));
#14772=DIRECTION('center_axis',(0.,0.,-1.));
#14773=DIRECTION('ref_axis',(-1.,0.,0.));
#14774=DIRECTION('center_axis',(0.,0.,1.));
#14775=DIRECTION('ref_axis',(-1.,0.,0.));
#14776=DIRECTION('center_axis',(0.,0.,-1.));
#14777=DIRECTION('ref_axis',(-1.,0.,0.));
#14778=DIRECTION('center_axis',(0.,-1.,0.));
#14779=DIRECTION('ref_axis',(0.,0.,-1.));
#14780=DIRECTION('',(0.,0.,-1.));
#14781=DIRECTION('',(1.,0.,0.));
#14782=DIRECTION('',(0.,0.,1.));
#14783=DIRECTION('center_axis',(-1.,0.,0.));
#14784=DIRECTION('ref_axis',(0.,0.,1.));
#14785=DIRECTION('',(0.,0.,-1.));
#14786=DIRECTION('',(0.,-1.,0.));
#14787=DIRECTION('',(0.,0.,1.));
#14788=DIRECTION('center_axis',(0.,0.,-1.));
#14789=DIRECTION('ref_axis',(-1.,0.,0.));
#14790=DIRECTION('center_axis',(0.,0.,1.));
#14791=DIRECTION('ref_axis',(-1.,0.,0.));
#14792=DIRECTION('center_axis',(0.,0.,-1.));
#14793=DIRECTION('ref_axis',(-1.,0.,0.));
#14794=DIRECTION('center_axis',(0.,0.,1.));
#14795=DIRECTION('ref_axis',(-1.,0.,0.));
#14796=DIRECTION('center_axis',(0.,0.,-1.));
#14797=DIRECTION('ref_axis',(-1.,0.,0.));
#14798=DIRECTION('center_axis',(0.,0.,1.));
#14799=DIRECTION('ref_axis',(1.,0.,0.));
#14800=DIRECTION('center_axis',(0.,0.,1.));
#14801=DIRECTION('ref_axis',(1.,0.,0.));
#14802=DIRECTION('center_axis',(0.,0.,-1.));
#14803=DIRECTION('ref_axis',(-1.,0.,0.));
#14804=DIRECTION('center_axis',(0.,0.,1.));
#14805=DIRECTION('ref_axis',(1.,0.,0.));
#14806=DIRECTION('center_axis',(0.,0.,-1.));
#14807=DIRECTION('ref_axis',(-1.,0.,0.));
#14808=DIRECTION('center_axis',(0.,0.,1.));
#14809=DIRECTION('ref_axis',(1.,0.,0.));
#14810=DIRECTION('center_axis',(0.,0.,1.));
#14811=DIRECTION('ref_axis',(1.,0.,0.));
#14812=DIRECTION('center_axis',(0.,0.,-1.));
#14813=DIRECTION('ref_axis',(-1.,0.,0.));
#14814=DIRECTION('center_axis',(0.,0.,1.));
#14815=DIRECTION('ref_axis',(1.,0.,0.));
#14816=DIRECTION('center_axis',(0.,0.,1.));
#14817=DIRECTION('ref_axis',(1.,0.,0.));
#14818=DIRECTION('center_axis',(0.,0.,-1.));
#14819=DIRECTION('ref_axis',(-1.,0.,0.));
#14820=DIRECTION('center_axis',(0.,0.,1.));
#14821=DIRECTION('ref_axis',(1.,0.,0.));
#14822=DIRECTION('center_axis',(0.,0.,-1.));
#14823=DIRECTION('ref_axis',(-1.,0.,0.));
#14824=DIRECTION('center_axis',(0.,0.,-1.));
#14825=DIRECTION('ref_axis',(-1.,0.,0.));
#14826=DIRECTION('center_axis',(0.,0.,-1.));
#14827=DIRECTION('ref_axis',(-1.,0.,0.));
#14828=DIRECTION('center_axis',(0.,0.,-1.));
#14829=DIRECTION('ref_axis',(-1.,0.,0.));
#14830=DIRECTION('axis',(0.,0.,1.));
#14831=DIRECTION('refdir',(1.,0.,0.));
#14832=DIRECTION('center_axis',(-1.,0.,0.));
#14833=DIRECTION('ref_axis',(0.,0.,1.));
#14834=DIRECTION('center_axis',(-1.,0.,0.));
#14835=DIRECTION('ref_axis',(0.,0.,-1.));
#14836=DIRECTION('',(0.707106781186551,8.65956056235489E-17,0.707106781186544));
#14837=DIRECTION('center_axis',(1.,0.,0.));
#14838=DIRECTION('ref_axis',(0.,0.,-1.));
#14839=DIRECTION('center_axis',(1.,0.,0.));
#14840=DIRECTION('ref_axis',(0.,0.,-1.));
#14841=DIRECTION('center_axis',(1.,0.,0.));
#14842=DIRECTION('ref_axis',(0.,0.,-1.));
#14843=DIRECTION('center_axis',(1.,0.,0.));
#14844=DIRECTION('ref_axis',(0.,0.,-1.));
#14845=DIRECTION('center_axis',(0.,-1.,-1.22464679914735E-16));
#14846=DIRECTION('ref_axis',(0.,-1.22464679914735E-16,1.));
#14847=DIRECTION('center_axis',(-1.,0.,0.));
#14848=DIRECTION('ref_axis',(0.,0.,-1.));
#14849=DIRECTION('center_axis',(-1.,0.,0.));
#14850=DIRECTION('ref_axis',(0.,0.,1.));
#14851=DIRECTION('center_axis',(1.,0.,0.));
#14852=DIRECTION('ref_axis',(0.,0.,-1.));
#14853=DIRECTION('',(1.,0.,0.));
#14854=DIRECTION('center_axis',(-1.,0.,0.));
#14855=DIRECTION('ref_axis',(0.,0.,1.));
#14856=DIRECTION('',(1.,0.,0.));
#14857=DIRECTION('center_axis',(1.,0.,0.));
#14858=DIRECTION('ref_axis',(0.,0.,-1.));
#14859=DIRECTION('center_axis',(1.,0.,0.));
#14860=DIRECTION('ref_axis',(0.,0.,-1.));
#14861=DIRECTION('center_axis',(1.,0.,0.));
#14862=DIRECTION('ref_axis',(0.,0.,-1.));
#14863=DIRECTION('center_axis',(1.,0.,0.));
#14864=DIRECTION('ref_axis',(0.,0.,-1.));
#14865=DIRECTION('axis',(0.,0.,1.));
#14866=DIRECTION('refdir',(1.,0.,0.));
#14867=DIRECTION('center_axis',(-1.,0.,0.));
#14868=DIRECTION('ref_axis',(0.,0.,1.));
#14869=DIRECTION('center_axis',(-1.,0.,0.));
#14870=DIRECTION('ref_axis',(0.,0.,-1.));
#14871=DIRECTION('',(0.707106781186545,8.65956056235497E-17,0.70710678118655));
#14872=DIRECTION('center_axis',(1.,0.,0.));
#14873=DIRECTION('ref_axis',(0.,0.,-1.));
#14874=DIRECTION('center_axis',(1.,0.,0.));
#14875=DIRECTION('ref_axis',(0.,0.,-1.));
#14876=DIRECTION('center_axis',(1.,0.,0.));
#14877=DIRECTION('ref_axis',(0.,0.,-1.));
#14878=DIRECTION('center_axis',(1.,0.,0.));
#14879=DIRECTION('ref_axis',(0.,0.,-1.));
#14880=DIRECTION('center_axis',(0.,-1.,-1.22464679914735E-16));
#14881=DIRECTION('ref_axis',(0.,-1.22464679914735E-16,1.));
#14882=DIRECTION('center_axis',(-1.,0.,0.));
#14883=DIRECTION('ref_axis',(0.,0.,-1.));
#14884=DIRECTION('center_axis',(-1.,0.,0.));
#14885=DIRECTION('ref_axis',(0.,0.,1.));
#14886=DIRECTION('center_axis',(1.,0.,0.));
#14887=DIRECTION('ref_axis',(0.,0.,-1.));
#14888=DIRECTION('',(1.,0.,0.));
#14889=DIRECTION('center_axis',(-1.,0.,0.));
#14890=DIRECTION('ref_axis',(0.,0.,1.));
#14891=DIRECTION('',(1.,0.,0.));
#14892=DIRECTION('center_axis',(1.,0.,0.));
#14893=DIRECTION('ref_axis',(0.,0.,-1.));
#14894=DIRECTION('center_axis',(1.,0.,0.));
#14895=DIRECTION('ref_axis',(0.,0.,-1.));
#14896=DIRECTION('center_axis',(1.,0.,0.));
#14897=DIRECTION('ref_axis',(0.,0.,-1.));
#14898=DIRECTION('center_axis',(1.,0.,0.));
#14899=DIRECTION('ref_axis',(0.,0.,-1.));
#14900=DIRECTION('axis',(0.,0.,1.));
#14901=DIRECTION('refdir',(1.,0.,0.));
#14902=DIRECTION('center_axis',(0.,1.,0.));
#14903=DIRECTION('ref_axis',(0.,0.,1.));
#14904=DIRECTION('center_axis',(0.,-1.,0.));
#14905=DIRECTION('ref_axis',(0.,0.,1.));
#14906=DIRECTION('',(0.,-1.,0.));
#14907=DIRECTION('center_axis',(0.,-1.,0.));
#14908=DIRECTION('ref_axis',(0.,0.,-1.));
#14909=DIRECTION('center_axis',(0.,1.,0.));
#14910=DIRECTION('ref_axis',(0.,0.,1.));
#14911=DIRECTION('center_axis',(0.,1.,0.));
#14912=DIRECTION('ref_axis',(0.,0.,1.));
#14913=DIRECTION('center_axis',(-1.,0.,1.22464679914735E-16));
#14914=DIRECTION('ref_axis',(-1.22464679914735E-16,0.,-1.));
#14915=DIRECTION('center_axis',(0.,-1.,0.));
#14916=DIRECTION('ref_axis',(0.,0.,1.));
#14917=DIRECTION('center_axis',(0.,-1.,0.));
#14918=DIRECTION('ref_axis',(0.,0.,1.));
#14919=DIRECTION('center_axis',(0.,-1.,0.));
#14920=DIRECTION('ref_axis',(0.,0.,-1.));
#14921=DIRECTION('center_axis',(0.,1.,0.));
#14922=DIRECTION('ref_axis',(0.,0.,1.));
#14923=DIRECTION('',(0.,1.,0.));
#14924=DIRECTION('center_axis',(0.,1.,0.));
#14925=DIRECTION('ref_axis',(0.,0.,1.));
#14926=DIRECTION('center_axis',(0.,1.,0.));
#14927=DIRECTION('ref_axis',(0.,0.,1.));
#14928=DIRECTION('center_axis',(0.,-1.,0.));
#14929=DIRECTION('ref_axis',(0.,0.,-1.));
#14930=DIRECTION('axis',(0.,0.,1.));
#14931=DIRECTION('refdir',(1.,0.,0.));
#14932=DIRECTION('center_axis',(0.,0.,-1.));
#14933=DIRECTION('ref_axis',(-1.,0.,0.));
#14934=DIRECTION('center_axis',(0.,0.,1.));
#14935=DIRECTION('ref_axis',(1.,0.,0.));
#14936=DIRECTION('',(0.,0.,1.));
#14937=DIRECTION('center_axis',(0.,0.,1.));
#14938=DIRECTION('ref_axis',(1.,0.,0.));
#14939=DIRECTION('center_axis',(0.,0.,-1.));
#14940=DIRECTION('ref_axis',(-1.,0.,0.));
#14941=DIRECTION('center_axis',(0.,0.,1.));
#14942=DIRECTION('ref_axis',(1.,0.,0.));
#14943=DIRECTION('',(0.,0.,1.));
#14944=DIRECTION('center_axis',(0.,0.,1.));
#14945=DIRECTION('ref_axis',(1.,0.,0.));
#14946=DIRECTION('center_axis',(0.,0.,1.));
#14947=DIRECTION('ref_axis',(1.,0.,0.));
#14948=DIRECTION('center_axis',(0.,0.,1.));
#14949=DIRECTION('ref_axis',(1.,0.,0.));
#14950=DIRECTION('center_axis',(0.,0.,1.));
#14951=DIRECTION('ref_axis',(1.,0.,0.));
#14952=DIRECTION('axis',(0.,0.,1.));
#14953=DIRECTION('refdir',(1.,0.,0.));
#14954=DIRECTION('center_axis',(0.,0.,1.));
#14955=DIRECTION('ref_axis',(1.,0.,0.));
#14956=DIRECTION('center_axis',(0.,0.,1.));
#14957=DIRECTION('ref_axis',(1.,0.,0.));
#14958=DIRECTION('',(0.,0.,1.));
#14959=DIRECTION('center_axis',(0.,0.,1.));
#14960=DIRECTION('ref_axis',(1.,0.,0.));
#14961=DIRECTION('center_axis',(0.,0.,1.));
#14962=DIRECTION('ref_axis',(1.,0.,0.));
#14963=DIRECTION('center_axis',(0.,0.,1.));
#14964=DIRECTION('ref_axis',(1.,0.,0.));
#14965=DIRECTION('',(0.,0.,1.));
#14966=DIRECTION('center_axis',(0.,0.,1.));
#14967=DIRECTION('ref_axis',(1.,0.,0.));
#14968=DIRECTION('center_axis',(0.,1.,0.));
#14969=DIRECTION('ref_axis',(0.,0.,1.));
#14970=DIRECTION('',(1.,0.,0.));
#14971=DIRECTION('',(1.44560289664734E-16,0.,-1.));
#14972=DIRECTION('',(1.,0.,0.));
#14973=DIRECTION('',(0.,0.,-1.));
#14974=DIRECTION('',(1.,0.,0.));
#14975=DIRECTION('',(0.,0.,1.));
#14976=DIRECTION('center_axis',(-1.,0.,0.));
#14977=DIRECTION('ref_axis',(0.,0.,1.));
#14978=DIRECTION('',(0.,0.,1.));
#14979=DIRECTION('',(0.,1.,0.));
#14980=DIRECTION('',(0.,0.,-1.));
#14981=DIRECTION('',(0.,1.,0.));
#14982=DIRECTION('center_axis',(0.,-1.,0.));
#14983=DIRECTION('ref_axis',(0.,0.,-1.));
#14984=DIRECTION('',(-1.44560289664734E-16,0.,1.));
#14985=DIRECTION('',(-1.,0.,0.));
#14986=DIRECTION('',(0.,0.,-1.));
#14987=DIRECTION('',(-1.,0.,0.));
#14988=DIRECTION('',(0.,0.,1.));
#14989=DIRECTION('',(1.,0.,0.));
#14990=DIRECTION('center_axis',(1.,0.,0.));
#14991=DIRECTION('ref_axis',(0.,0.,-1.));
#14992=DIRECTION('',(0.,-1.,0.));
#14993=DIRECTION('',(0.,0.,1.));
#14994=DIRECTION('',(0.,-1.,0.));
#14995=DIRECTION('',(0.,0.,-1.));
#14996=DIRECTION('center_axis',(0.,0.,-1.));
#14997=DIRECTION('ref_axis',(-1.,0.,0.));
#14998=DIRECTION('',(0.,1.,0.));
#14999=DIRECTION('',(-0.707106781186554,-0.707106781186541,0.));
#15000=DIRECTION('',(1.,0.,0.));
#15001=DIRECTION('',(-0.707106781186547,0.707106781186547,0.));
#15002=DIRECTION('',(0.707106781186547,0.707106781186548,0.));
#15003=DIRECTION('',(-1.,0.,0.));
#15004=DIRECTION('',(0.707106781186548,-0.707106781186548,0.));
#15005=DIRECTION('',(0.,1.,0.));
#15006=DIRECTION('center_axis',(0.,0.,1.));
#15007=DIRECTION('ref_axis',(-1.,0.,0.));
#15008=DIRECTION('',(0.707106781186554,-0.707106781186541,0.));
#15009=DIRECTION('',(-0.707106781186554,-0.707106781186541,0.));
#15010=DIRECTION('center_axis',(0.,0.,1.));
#15011=DIRECTION('ref_axis',(-1.,0.,0.));
#15012=DIRECTION('center_axis',(1.,0.,1.44560289664734E-16));
#15013=DIRECTION('ref_axis',(1.44560289664734E-16,0.,-1.));
#15014=DIRECTION('',(-1.44560289664734E-16,0.,1.));
#15015=DIRECTION('',(0.,-1.,0.));
#15016=DIRECTION('',(1.44560289664734E-16,0.,-1.));
#15017=DIRECTION('',(0.,-1.,0.));
#15018=DIRECTION('center_axis',(0.,0.,-1.));
#15019=DIRECTION('ref_axis',(-1.,0.,0.));
#15020=DIRECTION('',(1.,0.,0.));
#15021=DIRECTION('',(0.707106781186554,0.707106781186541,0.));
#15022=DIRECTION('',(0.,1.,0.));
#15023=DIRECTION('center_axis',(0.,0.,-1.));
#15024=DIRECTION('ref_axis',(-1.,0.,0.));
#15025=DIRECTION('',(-0.707106781186554,0.707106781186541,0.));
#15026=DIRECTION('',(0.707106781186547,0.707106781186547,0.));
#15027=DIRECTION('center_axis',(0.,0.,-1.));
#15028=DIRECTION('ref_axis',(-1.,0.,0.));
#15029=DIRECTION('',(0.,1.,0.));
#15030=DIRECTION('',(-0.707106781186548,0.707106781186548,0.));
#15031=DIRECTION('',(-1.,0.,0.));
#15032=DIRECTION('',(-0.707106781186547,-0.707106781186548,0.));
#15033=DIRECTION('',(0.707106781186547,-0.707106781186547,0.));
#15034=DIRECTION('center_axis',(1.,0.,0.));
#15035=DIRECTION('ref_axis',(0.,0.,-1.));
#15036=DIRECTION('',(0.,0.,-1.));
#15037=DIRECTION('',(0.,0.,1.));
#15038=DIRECTION('center_axis',(0.,1.,0.));
#15039=DIRECTION('ref_axis',(0.,0.,1.));
#15040=DIRECTION('',(0.,0.,1.));
#15041=DIRECTION('',(0.,0.,-1.));
#15042=DIRECTION('center_axis',(0.,-1.,0.));
#15043=DIRECTION('ref_axis',(0.,0.,-1.));
#15044=DIRECTION('',(0.,0.,1.));
#15045=DIRECTION('',(0.,0.,-1.));
#15046=DIRECTION('center_axis',(1.,0.,0.));
#15047=DIRECTION('ref_axis',(0.,0.,-1.));
#15048=DIRECTION('',(0.,0.,1.));
#15049=DIRECTION('',(0.,0.,-1.));
#15050=DIRECTION('center_axis',(0.707106781186548,-0.707106781186548,1.02219561112225E-16));
#15051=DIRECTION('ref_axis',(-1.44560289664734E-16,0.,1.));
#15052=DIRECTION('',(-0.707106781186548,-0.707106781186548,0.));
#15053=DIRECTION('center_axis',(0.707106781186541,0.707106781186554,1.02219561112224E-16));
#15054=DIRECTION('ref_axis',(-1.44560289664734E-16,0.,1.));
#15055=DIRECTION('',(0.707106781186554,-0.707106781186541,0.));
#15056=DIRECTION('center_axis',(-0.707106781186541,0.707106781186554,0.));
#15057=DIRECTION('ref_axis',(0.,0.,1.));
#15058=DIRECTION('center_axis',(-0.707106781186548,-0.707106781186548,0.));
#15059=DIRECTION('ref_axis',(0.,0.,-1.));
#15060=DIRECTION('center_axis',(-0.707106781186548,0.707106781186547,0.));
#15061=DIRECTION('ref_axis',(0.,0.,-1.));
#15062=DIRECTION('center_axis',(-0.707106781186548,-0.707106781186548,0.));
#15063=DIRECTION('ref_axis',(0.,0.,1.));
#15064=DIRECTION('center_axis',(-0.707106781186541,0.707106781186554,0.));
#15065=DIRECTION('ref_axis',(0.,0.,-1.));
#15066=DIRECTION('',(0.707106781186554,0.707106781186541,0.));
#15067=DIRECTION('center_axis',(-0.707106781186541,-0.707106781186554,0.));
#15068=DIRECTION('ref_axis',(0.,0.,-1.));
#15069=DIRECTION('',(-0.707106781186554,0.707106781186541,0.));
#15070=DIRECTION('center_axis',(0.,0.,1.));
#15071=DIRECTION('ref_axis',(1.,0.,0.));
#15072=DIRECTION('center_axis',(0.,0.,1.));
#15073=DIRECTION('ref_axis',(1.,0.,0.));
#15074=DIRECTION('center_axis',(0.,0.,1.));
#15075=DIRECTION('ref_axis',(1.,0.,0.));
#15076=DIRECTION('',(1.,-2.43808838789797E-29,3.49148133884313E-15));
#15077=DIRECTION('',(-3.49148133884313E-15,-6.98296267768627E-15,1.));
#15078=DIRECTION('',(0.164196191119045,-6.88818782570556E-15,0.986427701771396));
#15079=DIRECTION('',(1.69605094622518E-29,-1.,-6.98296267768633E-15));
#15080=DIRECTION('',(-8.64730379099965E-17,-1.,3.78132213307367E-17));
#15081=DIRECTION('',(1.,-8.64730379099965E-17,-1.66533453693773E-16));
#15082=DIRECTION('',(-1.66533453693774E-16,-1.05967583011924E-16,-1.));
#15083=DIRECTION('',(-1.,1.11022302462516E-16,1.66533453693774E-16));
#15084=DIRECTION('',(1.21999733512502E-16,-0.0870559417606134,0.996203424509358));
#15085=DIRECTION('',(1.06612780423894E-17,0.996203424509358,0.0870559417606134));
#15086=DIRECTION('',(1.71340787198889E-16,-0.562795709224525,0.826596025685137));
#15087=DIRECTION('',(1.,-5.10864205213994E-16,-5.55111512312673E-16));
#15088=DIRECTION('',(-0.874425255339991,0.,0.485160254785561));
#15089=DIRECTION('',(0.485160254785561,0.,0.874425255339991));
#15090=DIRECTION('',(2.43808838789797E-29,1.,-3.49148133884313E-15));
#15091=DIRECTION('',(3.49148133884313E-15,-3.49148133884313E-15,-1.));
#15092=DIRECTION('',(-0.151682845020388,-1.58206781009085E-15,-0.988429215739054));
#15093=DIRECTION('',(-0.988429215739054,9.8879238130678E-16,0.151682845020388));
#15094=DIRECTION('',(-1.,1.09914202561843E-16,1.97488425353439E-17));
#15095=DIRECTION('',(1.9748842535344E-17,1.27675647831893E-15,1.));
#15096=DIRECTION('',(-1.39659253553725E-14,1.,1.04744440165295E-14));
#15097=DIRECTION('',(-1.,-1.39659253553726E-14,6.98296267768612E-15));
#15098=DIRECTION('',(-0.173576976189761,6.87696343473942E-15,-0.984820305099778));
#15099=DIRECTION('',(1.30162049361467E-29,-1.,-6.98296267768634E-15));
#15100=DIRECTION('',(0.845539952185344,3.71957883675397E-15,-0.533912155001557));
#15101=DIRECTION('',(2.06168797579511E-27,-1.,-6.96664947952231E-15));
#15102=DIRECTION('',(0.595752363900094,5.5953911638362E-15,-0.803168177225324));
#15103=DIRECTION('',(3.98374757136611E-29,-1.,-6.96664947952292E-15));
#15104=DIRECTION('',(3.47341988293968E-16,0.0659367059758395,0.99782380749562));
#15105=DIRECTION('',(1.,-4.37502681652213E-16,-3.19189119579734E-16));
#15106=DIRECTION('',(1.09284322241181E-16,0.998490085754913,-0.0549322186803617));
#15107=DIRECTION('',(1.,-1.10976562683365E-16,-2.77555756156292E-17));
#15108=DIRECTION('',(-1.09483544366174E-16,-0.96444916187131,0.264268450946623));
#15109=DIRECTION('',(1.,-1.24927195324643E-16,-4.16333634234436E-17));
#15110=DIRECTION('',(-0.548667071117935,0.,-0.836040935044969));
#15111=DIRECTION('',(-0.836040935044969,0.,0.548667071117935));
#15112=DIRECTION('',(0.490642530307332,0.,0.871360951301824));
#15113=DIRECTION('',(0.871360951301824,0.,-0.490642530307332));
#15114=DIRECTION('',(-0.153257805120928,0.,-0.988186240123549));
#15115=DIRECTION('',(-0.988186240123549,0.,0.153257805120928));
#15116=DIRECTION('',(8.6473037909995E-17,1.,-3.78132213307377E-17));
#15117=DIRECTION('',(-0.723903956646797,8.86855444999815E-17,0.689900762103589));
#15118=DIRECTION('',(2.43808838789797E-29,1.,-3.49148133884313E-15));
#15119=DIRECTION('',(3.49148133884313E-15,-3.49148133884313E-15,-1.));
#15120=DIRECTION('',(2.43808838789797E-29,1.,-3.49148133884313E-15));
#15121=DIRECTION('',(3.49148133884313E-15,-3.49148133884313E-15,-1.));
#15122=DIRECTION('',(6.93889390388317E-18,1.,6.88935002357717E-15));
#15123=DIRECTION('',(1.,-6.93889390390832E-18,3.65119416452658E-15));
#15124=CARTESIAN_POINT('',(0.,0.,0.));
#15125=CARTESIAN_POINT('',(0.,0.,0.));
#15126=CARTESIAN_POINT('Origin',(-12.48,3.50000000000001,-45.4));
#15127=CARTESIAN_POINT('',(-12.48,3.50000000000001,-47.5));
#15128=CARTESIAN_POINT('',(-12.48,3.50000000000001,-43.3));
#15129=CARTESIAN_POINT('Origin',(-12.48,3.50000000000001,-45.4));
#15130=CARTESIAN_POINT('',(-12.48,0.7,-47.5));
#15131=CARTESIAN_POINT('',(-12.48,3.50000000000001,-47.5));
#15132=CARTESIAN_POINT('',(-12.48,0.7,-43.3));
#15133=CARTESIAN_POINT('Origin',(-12.48,0.7,-45.4));
#15134=CARTESIAN_POINT('',(-12.48,3.50000000000001,-43.3));
#15135=CARTESIAN_POINT('Origin',(-12.48,3.50000000000001,-28.4));
#15136=CARTESIAN_POINT('',(-12.48,3.50000000000001,-30.5));
#15137=CARTESIAN_POINT('',(-12.48,3.50000000000001,-26.3));
#15138=CARTESIAN_POINT('Origin',(-12.48,3.50000000000001,-28.4));
#15139=CARTESIAN_POINT('',(-12.48,0.699999999999982,-30.5));
#15140=CARTESIAN_POINT('',(-12.48,3.50000000000001,-30.5));
#15141=CARTESIAN_POINT('',(-12.48,0.699999999999982,-26.3));
#15142=CARTESIAN_POINT('Origin',(-12.48,0.699999999999982,-28.4));
#15143=CARTESIAN_POINT('',(-12.48,3.50000000000001,-26.3));
#15144=CARTESIAN_POINT('Origin',(-12.48,23.,-45.4));
#15145=CARTESIAN_POINT('',(-12.48,22.8,-44.05));
#15146=CARTESIAN_POINT('',(-12.48,22.8,-46.75));
#15147=CARTESIAN_POINT('Origin',(-12.48,22.8,-45.4));
#15148=CARTESIAN_POINT('Origin',(-12.48,22.8,-45.4));
#15149=CARTESIAN_POINT('',(-12.48,23.,-46.95));
#15150=CARTESIAN_POINT('',(-12.48,23.,-46.95));
#15151=CARTESIAN_POINT('Origin',(-12.48,23.,-45.4));
#15152=CARTESIAN_POINT('Origin',(-12.48,23.,-28.4));
#15153=CARTESIAN_POINT('',(-12.48,22.8,-27.05));
#15154=CARTESIAN_POINT('',(-12.48,22.8,-29.75));
#15155=CARTESIAN_POINT('Origin',(-12.48,22.8,-28.4));
#15156=CARTESIAN_POINT('Origin',(-12.48,22.8,-28.4));
#15157=CARTESIAN_POINT('',(-12.48,23.,-29.95));
#15158=CARTESIAN_POINT('',(-12.48,23.,-29.95));
#15159=CARTESIAN_POINT('Origin',(-12.48,23.,-28.4));
#15160=CARTESIAN_POINT('Origin',(-12.48,23.,-45.4));
#15161=CARTESIAN_POINT('',(-12.48,3.50000000000001,-44.05));
#15162=CARTESIAN_POINT('',(-12.48,23.,-44.05));
#15163=CARTESIAN_POINT('Origin',(-12.48,3.50000000000001,-45.4));
#15164=CARTESIAN_POINT('Origin',(-12.48,23.,-28.4));
#15165=CARTESIAN_POINT('',(-12.48,3.50000000000001,-27.05));
#15166=CARTESIAN_POINT('',(-12.48,23.,-27.05));
#15167=CARTESIAN_POINT('Origin',(-12.48,3.50000000000001,-28.4));
#15168=CARTESIAN_POINT('Origin',(12.52,23.,-28.4));
#15169=CARTESIAN_POINT('',(12.52,23.,-27.05));
#15170=CARTESIAN_POINT('Origin',(12.52,23.,-28.4));
#15171=CARTESIAN_POINT('',(12.52,3.50000000000001,-27.05));
#15172=CARTESIAN_POINT('',(12.52,23.,-27.05));
#15173=CARTESIAN_POINT('Origin',(12.52,3.50000000000001,-28.4));
#15174=CARTESIAN_POINT('Origin',(12.52,23.,-45.4));
#15175=CARTESIAN_POINT('',(12.52,23.,-44.05));
#15176=CARTESIAN_POINT('Origin',(12.52,23.,-45.4));
#15177=CARTESIAN_POINT('',(12.52,3.50000000000001,-44.05));
#15178=CARTESIAN_POINT('',(12.52,23.,-44.05));
#15179=CARTESIAN_POINT('Origin',(12.52,3.50000000000001,-45.4));
#15180=CARTESIAN_POINT('Origin',(14.4,1.5,-73.8));
#15181=CARTESIAN_POINT('',(14.4,1.5,-1.));
#15182=CARTESIAN_POINT('',(14.4,1.5,-26.1));
#15183=CARTESIAN_POINT('',(14.4,1.5,-73.8));
#15184=CARTESIAN_POINT('',(13.4,0.500000000000004,0.));
#15185=CARTESIAN_POINT('',(38.6666666666666,25.7666666666666,-25.2666666666665));
#15186=CARTESIAN_POINT('',(13.4,0.500000000000004,-26.1));
#15187=CARTESIAN_POINT('',(13.4,0.500000000000004,34.5027535133067));
#15188=CARTESIAN_POINT('',(14.4,1.5,-26.1));
#15189=CARTESIAN_POINT('Origin',(14.4,1.5,-73.8));
#15190=CARTESIAN_POINT('',(14.4,1.5,-30.7));
#15191=CARTESIAN_POINT('',(14.4,1.5,-43.1));
#15192=CARTESIAN_POINT('',(14.4,1.5,-73.8));
#15193=CARTESIAN_POINT('',(13.4,0.500000000000004,-30.7));
#15194=CARTESIAN_POINT('',(13.4,0.500000000000004,-30.7));
#15195=CARTESIAN_POINT('',(13.4,0.500000000000004,-43.1));
#15196=CARTESIAN_POINT('',(13.4,0.500000000000004,34.5027535133067));
#15197=CARTESIAN_POINT('',(14.4,1.5,-43.1));
#15198=CARTESIAN_POINT('Origin',(-13.4,0.500000000000004,34.5027535133067));
#15199=CARTESIAN_POINT('',(-14.4,1.5,-72.8));
#15200=CARTESIAN_POINT('',(-14.4,1.5,-47.7));
#15201=CARTESIAN_POINT('',(-14.4,1.5,-73.8));
#15202=CARTESIAN_POINT('',(-13.4,0.500000000000004,-73.8));
#15203=CARTESIAN_POINT('',(-49.5009178377687,36.6009178377689,-37.6990821622316));
#15204=CARTESIAN_POINT('',(-13.4,0.500000000000004,-47.7));
#15205=CARTESIAN_POINT('',(-13.4,0.500000000000004,34.5027535133067));
#15206=CARTESIAN_POINT('',(-14.4,1.5,-47.7));
#15207=CARTESIAN_POINT('Origin',(-13.4,0.500000000000004,34.5027535133067));
#15208=CARTESIAN_POINT('',(-14.4,1.5,-43.1));
#15209=CARTESIAN_POINT('',(-14.4,1.5,-30.7));
#15210=CARTESIAN_POINT('',(-14.4,1.5,-73.8));
#15211=CARTESIAN_POINT('',(-13.4,0.500000000000004,-43.1));
#15212=CARTESIAN_POINT('',(-13.4,0.500000000000005,-43.1));
#15213=CARTESIAN_POINT('',(-13.4,0.500000000000004,-30.7));
#15214=CARTESIAN_POINT('',(-13.4,0.500000000000004,34.5027535133067));
#15215=CARTESIAN_POINT('',(-14.4,1.5,-30.7));
#15216=CARTESIAN_POINT('Origin',(0.,0.,-73.8));
#15217=CARTESIAN_POINT('',(-9.,16.5,-73.8));
#15218=CARTESIAN_POINT('',(-9.00000000000001,1.49999999999999,-73.8));
#15219=CARTESIAN_POINT('',(-9.,16.5,-73.8));
#15220=CARTESIAN_POINT('',(-10.,0.500000000000006,-73.8));
#15221=CARTESIAN_POINT('',(-9.00000000000001,1.49999999999999,-73.8));
#15222=CARTESIAN_POINT('',(-14.4,0.500000000000004,-73.8));
#15223=CARTESIAN_POINT('',(-13.4,23.,-73.8));
#15224=CARTESIAN_POINT('',(-13.4,23.,-73.8));
#15225=CARTESIAN_POINT('',(13.4,23.,-73.8));
#15226=CARTESIAN_POINT('',(-14.4,23.,-73.8));
#15227=CARTESIAN_POINT('',(13.4,0.500000000000004,-73.8));
#15228=CARTESIAN_POINT('',(13.4,1.5,-73.8));
#15229=CARTESIAN_POINT('',(10.,0.500000000000004,-73.8));
#15230=CARTESIAN_POINT('',(14.4,0.500000000000004,-73.8));
#15231=CARTESIAN_POINT('',(9.,1.5,-73.8));
#15232=CARTESIAN_POINT('',(10.,0.500000000000004,-73.8));
#15233=CARTESIAN_POINT('',(9.,16.5,-73.8));
#15234=CARTESIAN_POINT('',(9.,0.500000000000004,-73.8));
#15235=CARTESIAN_POINT('',(9.,16.5,-73.8));
#15236=CARTESIAN_POINT('Origin',(0.,0.,0.));
#15237=CARTESIAN_POINT('',(-10.,0.500000000000006,0.));
#15238=CARTESIAN_POINT('',(-9.00000000000001,1.49999999999999,0.));
#15239=CARTESIAN_POINT('',(-5.24999999999999,5.25,0.));
#15240=CARTESIAN_POINT('',(-9.,16.5,0.));
#15241=CARTESIAN_POINT('',(-9.,16.5,0.));
#15242=CARTESIAN_POINT('',(9.,16.5,0.));
#15243=CARTESIAN_POINT('',(9.,16.5,0.));
#15244=CARTESIAN_POINT('',(9.,1.5,0.));
#15245=CARTESIAN_POINT('',(9.,0.500000000000004,0.));
#15246=CARTESIAN_POINT('',(10.,0.500000000000004,0.));
#15247=CARTESIAN_POINT('',(5.25000000000003,5.25,0.));
#15248=CARTESIAN_POINT('',(14.4,0.500000000000004,0.));
#15249=CARTESIAN_POINT('',(13.4,23.,0.));
#15250=CARTESIAN_POINT('',(13.4,0.,0.));
#15251=CARTESIAN_POINT('',(-13.4,23.,0.));
#15252=CARTESIAN_POINT('',(-14.4,23.,0.));
#15253=CARTESIAN_POINT('',(-13.4,0.500000000000004,0.));
#15254=CARTESIAN_POINT('',(-13.4,0.,0.));
#15255=CARTESIAN_POINT('',(-14.4,0.500000000000004,0.));
#15256=CARTESIAN_POINT('Origin',(-14.4,23.,-73.8));
#15257=CARTESIAN_POINT('',(-14.4,23.,-72.8));
#15258=CARTESIAN_POINT('',(-14.4,23.,-1.));
#15259=CARTESIAN_POINT('',(-14.4,23.,-73.8));
#15260=CARTESIAN_POINT('',(-14.4,1.5,-72.8));
#15261=CARTESIAN_POINT('',(-14.4,3.5,-47.7));
#15262=CARTESIAN_POINT('',(-14.4,3.5,-47.7));
#15263=CARTESIAN_POINT('',(-14.4,3.5,-43.1));
#15264=CARTESIAN_POINT('',(-14.4,3.5,-47.5));
#15265=CARTESIAN_POINT('',(-14.4,1.5,-43.1));
#15266=CARTESIAN_POINT('',(-14.4,3.5,-30.7));
#15267=CARTESIAN_POINT('',(-14.4,3.5,-30.7));
#15268=CARTESIAN_POINT('',(-14.4,3.5,-26.1));
#15269=CARTESIAN_POINT('',(-14.4,3.5,-30.5));
#15270=CARTESIAN_POINT('',(-14.4,1.5,-26.1));
#15271=CARTESIAN_POINT('',(-14.4,1.5,-26.1));
#15272=CARTESIAN_POINT('',(-14.4,1.5,-1.));
#15273=CARTESIAN_POINT('',(-14.4,1.5,-73.8));
#15274=CARTESIAN_POINT('',(-14.4,23.,-1.));
#15275=CARTESIAN_POINT('Origin',(-14.4,23.,-73.8));
#15276=CARTESIAN_POINT('',(14.4,23.,-72.8));
#15277=CARTESIAN_POINT('',(14.4,23.,-1.));
#15278=CARTESIAN_POINT('',(14.4,23.,-73.8));
#15279=CARTESIAN_POINT('',(-0.500000000000099,23.,-87.7));
#15280=CARTESIAN_POINT('',(-13.9,23.,-73.3));
#15281=CARTESIAN_POINT('',(-50.8,23.,-37.4));
#15282=CARTESIAN_POINT('',(36.3999999999999,23.,-22.9999999999998));
#15283=CARTESIAN_POINT('Origin',(14.4,23.,-73.8));
#15284=CARTESIAN_POINT('',(14.4,1.5,-47.7));
#15285=CARTESIAN_POINT('',(14.4,1.5,-72.8));
#15286=CARTESIAN_POINT('',(14.4,1.5,-73.8));
#15287=CARTESIAN_POINT('',(14.4,23.,-72.8));
#15288=CARTESIAN_POINT('',(14.4,23.,-1.));
#15289=CARTESIAN_POINT('',(14.4,3.50000000000002,-26.1));
#15290=CARTESIAN_POINT('',(14.4,3.50000000000002,-26.1));
#15291=CARTESIAN_POINT('',(14.4,3.50000000000002,-30.7));
#15292=CARTESIAN_POINT('',(14.4,3.50000000000002,-30.5));
#15293=CARTESIAN_POINT('',(14.4,1.5,-30.7));
#15294=CARTESIAN_POINT('',(14.4,3.50000000000002,-43.1));
#15295=CARTESIAN_POINT('',(14.4,3.50000000000002,-43.1));
#15296=CARTESIAN_POINT('',(14.4,3.50000000000002,-47.7));
#15297=CARTESIAN_POINT('',(14.4,3.50000000000002,-47.5));
#15298=CARTESIAN_POINT('',(14.4,1.5,-47.7));
#15299=CARTESIAN_POINT('Origin',(-14.4,0.500000000000004,34.5027535133067));
#15300=CARTESIAN_POINT('',(-10.,0.500000000000006,34.5027535133067));
#15301=CARTESIAN_POINT('',(-13.4,0.500000000000004,-26.1));
#15302=CARTESIAN_POINT('',(-13.4,0.500000000000004,34.5027535133067));
#15303=CARTESIAN_POINT('',(-12.48,0.500000000000005,-26.1));
#15304=CARTESIAN_POINT('',(-12.48,0.500000000000005,-26.1));
#15305=CARTESIAN_POINT('',(-12.48,0.500000000000005,-30.7));
#15306=CARTESIAN_POINT('Origin',(-12.48,0.500000000000005,-28.4));
#15307=CARTESIAN_POINT('',(-13.4,0.500000000000004,-30.7));
#15308=CARTESIAN_POINT('',(-12.48,0.500000000000005,-43.1));
#15309=CARTESIAN_POINT('',(-12.48,0.500000000000005,-43.1));
#15310=CARTESIAN_POINT('',(-12.48,0.500000000000005,-47.7));
#15311=CARTESIAN_POINT('Origin',(-12.48,0.500000000000005,-45.4));
#15312=CARTESIAN_POINT('',(-13.4,0.500000000000004,-47.7));
#15313=CARTESIAN_POINT('Origin',(-9.,16.5,34.5027535133067));
#15314=CARTESIAN_POINT('',(-9.00000000000001,1.49999999999999,34.5027535133067));
#15315=CARTESIAN_POINT('',(-9.,16.5,34.5027535133067));
#15316=CARTESIAN_POINT('Origin',(9.,16.5,34.5027535133067));
#15317=CARTESIAN_POINT('',(9.,16.5,34.5027535133067));
#15318=CARTESIAN_POINT('Origin',(9.,0.500000000000004,34.5027535133067));
#15319=CARTESIAN_POINT('',(9.,1.5,34.5027535133067));
#15320=CARTESIAN_POINT('Origin',(14.4,0.500000000000004,34.5027535133067));
#15321=CARTESIAN_POINT('',(10.,0.500000000000004,34.5027535133067));
#15322=CARTESIAN_POINT('',(13.4,0.500000000000004,-47.7));
#15323=CARTESIAN_POINT('',(13.4,0.500000000000004,34.5027535133067));
#15324=CARTESIAN_POINT('',(12.52,0.500000000000004,-47.7));
#15325=CARTESIAN_POINT('',(12.52,0.500000000000004,-47.7));
#15326=CARTESIAN_POINT('',(12.52,0.500000000000004,-43.1));
#15327=CARTESIAN_POINT('Origin',(12.52,0.500000000000004,-45.4));
#15328=CARTESIAN_POINT('',(13.4,0.500000000000004,-43.1));
#15329=CARTESIAN_POINT('',(12.52,0.500000000000004,-30.7));
#15330=CARTESIAN_POINT('',(12.52,0.500000000000004,-30.7));
#15331=CARTESIAN_POINT('',(12.52,0.500000000000004,-26.1));
#15332=CARTESIAN_POINT('Origin',(12.52,0.500000000000004,-28.4));
#15333=CARTESIAN_POINT('',(13.4,0.500000000000004,-26.1));
#15334=CARTESIAN_POINT('Origin',(14.4,1.5,-73.8));
#15335=CARTESIAN_POINT('',(14.0666666666667,1.16666666666667,-73.1333333333333));
#15336=CARTESIAN_POINT('',(13.4,0.500000000000004,-47.7));
#15337=CARTESIAN_POINT('Origin',(-13.4,0.500000000000004,34.5027535133067));
#15338=CARTESIAN_POINT('',(-1.89908216223115,-11.0009178377689,11.5009178377689));
#15339=CARTESIAN_POINT('',(-13.4,0.500000000000004,-26.1));
#15340=CARTESIAN_POINT('Origin',(-12.48,3.50000000000001,-28.4));
#15341=CARTESIAN_POINT('',(-14.2,3.5,-26.3));
#15342=CARTESIAN_POINT('',(-12.48,3.50000000000001,-26.3));
#15343=CARTESIAN_POINT('',(-14.4,3.5,-26.1));
#15344=CARTESIAN_POINT('',(-14.2,3.5,-30.5));
#15345=CARTESIAN_POINT('',(-14.2,3.50000000000001,-30.5));
#15346=CARTESIAN_POINT('',(-12.48,3.50000000000001,-30.5));
#15347=CARTESIAN_POINT('Origin',(-12.48,3.50000000000001,-30.5));
#15348=CARTESIAN_POINT('',(-14.2,1.58284271247461,-30.5));
#15349=CARTESIAN_POINT('',(-14.2,1.5,-30.5));
#15350=CARTESIAN_POINT('',(-13.3171572875254,0.699999999999981,-30.5));
#15351=CARTESIAN_POINT('',(-13.2585786437627,0.641421356237297,-30.5));
#15352=CARTESIAN_POINT('',(-12.48,0.699999999999982,-30.5));
#15353=CARTESIAN_POINT('Origin',(-12.48,3.50000000000001,-26.3));
#15354=CARTESIAN_POINT('',(-13.3171572875254,0.699999999999981,-26.3));
#15355=CARTESIAN_POINT('',(-14.2,1.5828427124746,-26.3));
#15356=CARTESIAN_POINT('',(-14.2585786437627,1.64142135623729,-26.3));
#15357=CARTESIAN_POINT('',(-14.2,3.5,-26.3));
#15358=CARTESIAN_POINT('',(-13.4,0.699999999999981,-26.3));
#15359=CARTESIAN_POINT('Origin',(-12.48,3.50000000000001,-45.4));
#15360=CARTESIAN_POINT('',(-14.2,3.5,-43.3));
#15361=CARTESIAN_POINT('',(-12.48,3.50000000000001,-43.3));
#15362=CARTESIAN_POINT('',(-14.4,3.5,-43.1));
#15363=CARTESIAN_POINT('',(-14.2,3.5,-47.5));
#15364=CARTESIAN_POINT('',(-14.2,3.50000000000001,-47.5));
#15365=CARTESIAN_POINT('',(-12.48,3.50000000000001,-47.5));
#15366=CARTESIAN_POINT('Origin',(-12.48,3.50000000000001,-47.5));
#15367=CARTESIAN_POINT('',(-14.2,1.58284271247461,-47.5));
#15368=CARTESIAN_POINT('',(-14.2,1.5,-47.5));
#15369=CARTESIAN_POINT('',(-13.3171572875254,0.7,-47.5));
#15370=CARTESIAN_POINT('',(-13.2585786437627,0.64142135623731,-47.5));
#15371=CARTESIAN_POINT('',(-12.48,0.7,-47.5));
#15372=CARTESIAN_POINT('Origin',(-12.48,3.50000000000001,-43.3));
#15373=CARTESIAN_POINT('',(-13.3171572875254,0.7,-43.3));
#15374=CARTESIAN_POINT('',(-14.2,1.58284271247461,-43.3));
#15375=CARTESIAN_POINT('',(-14.2585786437627,1.64142135623731,-43.3));
#15376=CARTESIAN_POINT('',(-14.2,3.5,-43.3));
#15377=CARTESIAN_POINT('',(-13.4,0.7,-43.3));
#15378=CARTESIAN_POINT('Origin',(12.52,3.50000000000001,-45.4));
#15379=CARTESIAN_POINT('',(12.52,3.50000000000001,-43.3));
#15380=CARTESIAN_POINT('',(12.52,3.50000000000001,-47.5));
#15381=CARTESIAN_POINT('Origin',(12.52,3.50000000000001,-45.4));
#15382=CARTESIAN_POINT('',(14.2,3.50000000000002,-47.5));
#15383=CARTESIAN_POINT('',(12.52,3.50000000000001,-47.5));
#15384=CARTESIAN_POINT('',(14.4,3.50000000000001,-47.7));
#15385=CARTESIAN_POINT('',(14.2,3.50000000000002,-43.3));
#15386=CARTESIAN_POINT('',(14.2,3.50000000000001,-43.3));
#15387=CARTESIAN_POINT('',(12.52,3.50000000000001,-43.3));
#15388=CARTESIAN_POINT('Origin',(12.52,3.50000000000001,-45.4));
#15389=CARTESIAN_POINT('',(12.52,0.700000000000028,-43.3));
#15390=CARTESIAN_POINT('',(12.52,3.50000000000001,-43.3));
#15391=CARTESIAN_POINT('',(12.52,0.700000000000028,-47.5));
#15392=CARTESIAN_POINT('Origin',(12.52,0.700000000000028,-45.4));
#15393=CARTESIAN_POINT('',(12.52,3.50000000000001,-47.5));
#15394=CARTESIAN_POINT('Origin',(12.52,3.50000000000001,-43.3));
#15395=CARTESIAN_POINT('',(14.2,1.58284271247463,-43.3));
#15396=CARTESIAN_POINT('',(14.2,1.5,-43.3));
#15397=CARTESIAN_POINT('',(13.3171572875254,0.700000000000028,-43.3));
#15398=CARTESIAN_POINT('',(13.2585786437627,0.641421356237331,-43.3));
#15399=CARTESIAN_POINT('',(12.52,0.700000000000028,-43.3));
#15400=CARTESIAN_POINT('Origin',(12.52,3.50000000000001,-47.5));
#15401=CARTESIAN_POINT('',(13.3171572875254,0.700000000000028,-47.5));
#15402=CARTESIAN_POINT('',(13.4,0.700000000000028,-47.5));
#15403=CARTESIAN_POINT('',(14.2,1.58284271247463,-47.5));
#15404=CARTESIAN_POINT('',(14.2585786437627,1.64142135623732,-47.5));
#15405=CARTESIAN_POINT('',(14.2,3.50000000000002,-47.5));
#15406=CARTESIAN_POINT('Origin',(12.52,3.50000000000001,-28.4));
#15407=CARTESIAN_POINT('',(12.52,3.50000000000001,-26.3));
#15408=CARTESIAN_POINT('',(12.52,3.50000000000001,-30.5));
#15409=CARTESIAN_POINT('Origin',(12.52,3.50000000000001,-28.4));
#15410=CARTESIAN_POINT('',(14.2,3.50000000000002,-30.5));
#15411=CARTESIAN_POINT('',(12.52,3.50000000000001,-30.5));
#15412=CARTESIAN_POINT('',(14.4,3.50000000000001,-30.7));
#15413=CARTESIAN_POINT('',(14.2,3.50000000000002,-26.3));
#15414=CARTESIAN_POINT('',(14.2,3.50000000000001,-26.3));
#15415=CARTESIAN_POINT('',(12.52,3.50000000000001,-26.3));
#15416=CARTESIAN_POINT('Origin',(12.52,3.50000000000001,-28.4));
#15417=CARTESIAN_POINT('',(12.52,0.70000000000001,-26.3));
#15418=CARTESIAN_POINT('',(12.52,3.50000000000001,-26.3));
#15419=CARTESIAN_POINT('',(12.52,0.70000000000001,-30.5));
#15420=CARTESIAN_POINT('Origin',(12.52,0.70000000000001,-28.4));
#15421=CARTESIAN_POINT('',(12.52,3.50000000000001,-30.5));
#15422=CARTESIAN_POINT('Origin',(12.52,3.50000000000001,-26.3));
#15423=CARTESIAN_POINT('',(14.2,1.58284271247463,-26.3));
#15424=CARTESIAN_POINT('',(14.2,1.5,-26.3));
#15425=CARTESIAN_POINT('',(13.3171572875254,0.70000000000001,-26.3));
#15426=CARTESIAN_POINT('',(13.2585786437627,0.641421356237331,-26.3));
#15427=CARTESIAN_POINT('',(12.52,0.70000000000001,-26.3));
#15428=CARTESIAN_POINT('Origin',(12.52,3.50000000000001,-30.5));
#15429=CARTESIAN_POINT('',(13.3171572875254,0.70000000000001,-30.5));
#15430=CARTESIAN_POINT('',(14.2,1.58284271247462,-30.5));
#15431=CARTESIAN_POINT('',(14.2585786437627,1.64142135623731,-30.5));
#15432=CARTESIAN_POINT('',(14.2,3.50000000000002,-30.5));
#15433=CARTESIAN_POINT('',(13.4,0.70000000000001,-30.5));
#15434=CARTESIAN_POINT('Origin',(14.2,3.50000000000001,-26.3));
#15435=CARTESIAN_POINT('',(14.2319868433152,1.56959332815595,-26.2680131566848));
#15436=CARTESIAN_POINT('Origin',(14.3185786437627,1.70142135623733,-26.3));
#15437=CARTESIAN_POINT('',(13.2541750273356,0.852052626739021,-26.452052626739));
#15438=CARTESIAN_POINT('Origin',(12.52,0.70000000000001,-26.3));
#15439=CARTESIAN_POINT('',(12.52,0.70000000000001,-26.3));
#15440=CARTESIAN_POINT('Origin',(12.52,0.70000000000001,-28.4));
#15441=CARTESIAN_POINT('',(12.52,0.70000000000001,-30.5));
#15442=CARTESIAN_POINT('Origin',(12.52,0.70000000000001,-30.5));
#15443=CARTESIAN_POINT('',(13.2541750273356,0.852052626739041,-30.347947373261));
#15444=CARTESIAN_POINT('Origin',(14.3185786437627,1.70142135623732,-30.5));
#15445=CARTESIAN_POINT('',(14.2319868433153,1.56959332815594,-30.5319868433152));
#15446=CARTESIAN_POINT('Origin',(14.4,23.,-30.7));
#15447=CARTESIAN_POINT('Origin',(14.4,23.,-47.7));
#15448=CARTESIAN_POINT('',(10.2990132486433,3.19868433152435,-43.5990132486432));
#15449=CARTESIAN_POINT('Origin',(14.3185786437627,1.70142135623733,-47.5));
#15450=CARTESIAN_POINT('',(13.2052634760202,0.970135557281405,-47.2298644427186));
#15451=CARTESIAN_POINT('Origin',(12.52,0.700000000000028,-47.5));
#15452=CARTESIAN_POINT('',(12.52,0.500000000000004,-47.7));
#15453=CARTESIAN_POINT('Origin',(12.52,0.700000000000028,-45.4));
#15454=CARTESIAN_POINT('',(12.52,0.500000000000004,-43.1));
#15455=CARTESIAN_POINT('Origin',(12.52,0.700000000000028,-43.3));
#15456=CARTESIAN_POINT('',(13.2541750273356,0.852052626739058,-43.452052626739));
#15457=CARTESIAN_POINT('Origin',(14.3185786437627,1.70142135623733,-43.3));
#15458=CARTESIAN_POINT('',(14.2319868433152,1.56959332815595,-43.2680131566848));
#15459=CARTESIAN_POINT('Origin',(14.2,3.50000000000001,-43.3));
#15460=CARTESIAN_POINT('Origin',(-14.2,3.50000000000001,-47.5));
#15461=CARTESIAN_POINT('',(-14.2265918004475,1.57182802808136,-47.5265918004474));
#15462=CARTESIAN_POINT('Origin',(-14.2985786437627,1.68142135623731,-47.5));
#15463=CARTESIAN_POINT('',(-13.2510146843933,0.859682369532251,-47.3403176304677));
#15464=CARTESIAN_POINT('Origin',(-12.48,0.7,-47.5));
#15465=CARTESIAN_POINT('',(-12.48,0.7,-47.5));
#15466=CARTESIAN_POINT('Origin',(-12.48,0.7,-45.4));
#15467=CARTESIAN_POINT('',(-12.48,0.7,-43.3));
#15468=CARTESIAN_POINT('Origin',(-12.48,0.7,-43.3));
#15469=CARTESIAN_POINT('',(-13.2074981759457,0.96474051441356,-43.5647405144135));
#15470=CARTESIAN_POINT('Origin',(-14.2985786437627,1.68142135623731,-43.3));
#15471=CARTESIAN_POINT('',(-14.2265918004474,1.57182802808136,-43.2734081995525));
#15472=CARTESIAN_POINT('Origin',(-14.4,23.,-43.1));
#15473=CARTESIAN_POINT('Origin',(-14.2,3.50000000000001,-30.5));
#15474=CARTESIAN_POINT('',(-14.2265918004475,1.57182802808136,-30.5265918004474));
#15475=CARTESIAN_POINT('Origin',(-14.2985786437627,1.6814213562373,-30.5));
#15476=CARTESIAN_POINT('',(-13.2510146843933,0.859682369532236,-30.3403176304677));
#15477=CARTESIAN_POINT('Origin',(-12.48,0.699999999999982,-30.5));
#15478=CARTESIAN_POINT('',(-12.48,0.699999999999982,-30.5));
#15479=CARTESIAN_POINT('Origin',(-12.48,0.699999999999982,-28.4));
#15480=CARTESIAN_POINT('',(-12.48,0.699999999999982,-26.3));
#15481=CARTESIAN_POINT('Origin',(-12.48,0.699999999999982,-26.3));
#15482=CARTESIAN_POINT('',(-13.2510146843933,0.859682369532233,-26.4596823695323));
#15483=CARTESIAN_POINT('Origin',(-14.2985786437627,1.6814213562373,-26.3));
#15484=CARTESIAN_POINT('',(-14.2265918004475,1.57182802808135,-26.2734081995526));
#15485=CARTESIAN_POINT('Origin',(-14.4,23.,-26.1));
#15486=CARTESIAN_POINT('Origin',(14.4,23.,-72.8));
#15487=CARTESIAN_POINT('Origin',(-14.4,23.,-72.8));
#15488=CARTESIAN_POINT('Origin',(-13.4,0.,0.));
#15489=CARTESIAN_POINT('Origin',(13.4,0.,0.));
#15490=CARTESIAN_POINT('Origin',(10.,0.500000000000004,34.5027535133067));
#15491=CARTESIAN_POINT('Origin',(-9.00000000000001,1.49999999999999,34.5027535133067));
#15492=CARTESIAN_POINT('',(0.,0.,0.));
#15493=CARTESIAN_POINT('Origin',(24.,9.50000000000001,0.900000000000015));
#15494=CARTESIAN_POINT('',(22.9,9.50000000000001,0.900000000000014));
#15495=CARTESIAN_POINT('Origin',(24.,9.50000000000001,0.900000000000015));
#15496=CARTESIAN_POINT('',(22.8,9.50000000000001,1.));
#15497=CARTESIAN_POINT('',(22.9,9.50000000000001,0.900000000000015));
#15498=CARTESIAN_POINT('Origin',(24.,9.50000000000001,1.));
#15499=CARTESIAN_POINT('Origin',(-24.,-9.5,0.900000000000015));
#15500=CARTESIAN_POINT('',(-25.1,-9.5,0.900000000000014));
#15501=CARTESIAN_POINT('Origin',(-24.,-9.5,0.900000000000015));
#15502=CARTESIAN_POINT('',(-25.2,-9.5,1.));
#15503=CARTESIAN_POINT('',(-25.1,-9.5,0.900000000000015));
#15504=CARTESIAN_POINT('Origin',(-24.,-9.5,1.));
#15505=CARTESIAN_POINT('Origin',(24.,-9.49999999999999,0.900000000000015));
#15506=CARTESIAN_POINT('',(22.9,-9.49999999999999,0.900000000000014));
#15507=CARTESIAN_POINT('Origin',(24.,-9.49999999999999,0.900000000000015));
#15508=CARTESIAN_POINT('',(22.8,-9.49999999999999,1.));
#15509=CARTESIAN_POINT('',(22.9,-9.49999999999999,0.900000000000015));
#15510=CARTESIAN_POINT('Origin',(24.,-9.49999999999999,1.));
#15511=CARTESIAN_POINT('Origin',(-24.,9.5,0.900000000000015));
#15512=CARTESIAN_POINT('',(-25.1,9.5,0.900000000000014));
#15513=CARTESIAN_POINT('Origin',(-24.,9.5,0.900000000000015));
#15514=CARTESIAN_POINT('',(-25.2,9.5,1.));
#15515=CARTESIAN_POINT('',(-25.1,9.5,0.900000000000015));
#15516=CARTESIAN_POINT('Origin',(-24.,9.5,1.));
#15517=CARTESIAN_POINT('Origin',(10.0839202169004,-10.5,1.));
#15518=CARTESIAN_POINT('',(13.1439829613551,-10.996,0.900000000000002));
#15519=CARTESIAN_POINT('',(10.0839202169004,-7.4,0.900000000000002));
#15520=CARTESIAN_POINT('Origin',(10.0839202169004,-10.5,0.900000000000002));
#15521=CARTESIAN_POINT('',(13.2426946627892,-11.012,1.));
#15522=CARTESIAN_POINT('',(13.1439829613551,-10.996,0.900000000000002));
#15523=CARTESIAN_POINT('',(10.0839202169004,-7.3,1.));
#15524=CARTESIAN_POINT('Origin',(10.0839202169004,-10.5,1.));
#15525=CARTESIAN_POINT('',(10.0839202169004,-7.4,0.900000000000002));
#15526=CARTESIAN_POINT('Origin',(15.0195052886016,-11.3,1.));
#15527=CARTESIAN_POINT('',(15.0195052886016,-13.1,1.));
#15528=CARTESIAN_POINT('Origin',(15.0195052886016,-11.3,1.));
#15529=CARTESIAN_POINT('',(15.0195052886016,-13.2,0.900000000000002));
#15530=CARTESIAN_POINT('Origin',(15.0195052886016,-11.3,0.900000000000002));
#15531=CARTESIAN_POINT('',(15.0195052886016,-13.2,0.900000000000002));
#15532=CARTESIAN_POINT('Origin',(15.0195052886016,11.3,1.));
#15533=CARTESIAN_POINT('',(15.0195052886016,13.1,1.));
#15534=CARTESIAN_POINT('',(13.2426946627892,11.012,1.));
#15535=CARTESIAN_POINT('Origin',(15.0195052886016,11.3,1.));
#15536=CARTESIAN_POINT('',(15.0195052886016,13.2,0.900000000000002));
#15537=CARTESIAN_POINT('',(15.0195052886016,13.2,0.900000000000002));
#15538=CARTESIAN_POINT('',(13.1439829613551,10.996,0.900000000000002));
#15539=CARTESIAN_POINT('Origin',(15.0195052886016,11.3,0.900000000000002));
#15540=CARTESIAN_POINT('',(13.1439829613551,10.996,0.900000000000002));
#15541=CARTESIAN_POINT('Origin',(10.0839202169004,10.5,1.));
#15542=CARTESIAN_POINT('',(10.0839202169004,7.40000000000001,0.900000000000002));
#15543=CARTESIAN_POINT('Origin',(10.0839202169004,10.5,0.900000000000002));
#15544=CARTESIAN_POINT('',(10.0839202169004,7.30000000000001,1.));
#15545=CARTESIAN_POINT('',(10.0839202169004,7.4,0.900000000000002));
#15546=CARTESIAN_POINT('Origin',(10.0839202169004,10.5,1.));
#15547=CARTESIAN_POINT('Origin',(24.,9.50000000000001,0.));
#15548=CARTESIAN_POINT('',(22.9,9.50000000000001,0.100000000000004));
#15549=CARTESIAN_POINT('',(25.1,9.50000000000001,0.100000000000004));
#15550=CARTESIAN_POINT('Origin',(24.,9.50000000000001,0.100000000000004));
#15551=CARTESIAN_POINT('Origin',(24.,9.50000000000001,0.100000000000004));
#15552=CARTESIAN_POINT('',(25.2,9.50000000000001,-4.61680966493232E-17));
#15553=CARTESIAN_POINT('',(25.2,9.50000000000001,0.));
#15554=CARTESIAN_POINT('Origin',(24.,9.50000000000001,0.));
#15555=CARTESIAN_POINT('Origin',(-24.,-9.5,0.));
#15556=CARTESIAN_POINT('',(-25.1,-9.5,0.100000000000004));
#15557=CARTESIAN_POINT('',(-22.9,-9.5,0.100000000000004));
#15558=CARTESIAN_POINT('Origin',(-24.,-9.5,0.100000000000004));
#15559=CARTESIAN_POINT('Origin',(-24.,-9.5,0.100000000000004));
#15560=CARTESIAN_POINT('',(-22.8,-9.5,-4.61680966493232E-17));
#15561=CARTESIAN_POINT('',(-22.8,-9.5,0.));
#15562=CARTESIAN_POINT('Origin',(-24.,-9.5,0.));
#15563=CARTESIAN_POINT('Origin',(24.,-9.49999999999999,0.));
#15564=CARTESIAN_POINT('',(22.9,-9.49999999999999,0.100000000000004));
#15565=CARTESIAN_POINT('',(25.1,-9.49999999999999,0.100000000000004));
#15566=CARTESIAN_POINT('Origin',(24.,-9.49999999999999,0.100000000000004));
#15567=CARTESIAN_POINT('Origin',(24.,-9.49999999999999,0.100000000000004));
#15568=CARTESIAN_POINT('',(25.2,-9.49999999999999,-4.61680966493232E-17));
#15569=CARTESIAN_POINT('',(25.2,-9.49999999999999,0.));
#15570=CARTESIAN_POINT('Origin',(24.,-9.49999999999999,0.));
#15571=CARTESIAN_POINT('Origin',(-24.,9.5,0.));
#15572=CARTESIAN_POINT('',(-25.1,9.5,0.100000000000004));
#15573=CARTESIAN_POINT('',(-22.9,9.5,0.100000000000004));
#15574=CARTESIAN_POINT('Origin',(-24.,9.5,0.100000000000004));
#15575=CARTESIAN_POINT('Origin',(-24.,9.5,0.100000000000004));
#15576=CARTESIAN_POINT('',(-22.8,9.5,-4.61680966493232E-17));
#15577=CARTESIAN_POINT('',(-22.8,9.5,0.));
#15578=CARTESIAN_POINT('Origin',(-24.,9.5,0.));
#15579=CARTESIAN_POINT('Origin',(-10.0839202169004,-10.5,0.10000000000001));
#15580=CARTESIAN_POINT('',(-13.1439829613551,-10.996,0.10000000000001));
#15581=CARTESIAN_POINT('',(-10.0839202169004,-7.4,0.10000000000001));
#15582=CARTESIAN_POINT('Origin',(-10.0839202169004,-10.5,0.10000000000001));
#15583=CARTESIAN_POINT('',(-13.2426946627892,-11.012,0.));
#15584=CARTESIAN_POINT('',(-13.1439829613551,-10.996,0.10000000000001));
#15585=CARTESIAN_POINT('',(-10.0839202169004,-7.29999999999998,0.));
#15586=CARTESIAN_POINT('Origin',(-10.0839202169004,-10.5,0.));
#15587=CARTESIAN_POINT('',(-10.0839202169004,-7.39999999999999,0.10000000000001));
#15588=CARTESIAN_POINT('Origin',(-15.0195052886016,-11.3,0.10000000000001));
#15589=CARTESIAN_POINT('',(-15.0195052886016,-13.1,0.));
#15590=CARTESIAN_POINT('Origin',(-15.0195052886016,-11.3,0.));
#15591=CARTESIAN_POINT('',(-15.0195052886016,-13.2,0.10000000000001));
#15592=CARTESIAN_POINT('Origin',(-15.0195052886016,-11.3,0.10000000000001));
#15593=CARTESIAN_POINT('',(-15.0195052886016,-13.2,0.10000000000001));
#15594=CARTESIAN_POINT('Origin',(-15.0195052886016,11.3,0.10000000000001));
#15595=CARTESIAN_POINT('',(-15.0195052886016,13.1,0.));
#15596=CARTESIAN_POINT('',(-13.2426946627892,11.012,0.));
#15597=CARTESIAN_POINT('Origin',(-15.0195052886016,11.3,0.));
#15598=CARTESIAN_POINT('',(-15.0195052886016,13.2,0.10000000000001));
#15599=CARTESIAN_POINT('',(-15.0195052886016,13.2,0.10000000000001));
#15600=CARTESIAN_POINT('',(-13.1439829613551,10.996,0.10000000000001));
#15601=CARTESIAN_POINT('Origin',(-15.0195052886016,11.3,0.10000000000001));
#15602=CARTESIAN_POINT('',(-13.1439829613551,10.996,0.10000000000001));
#15603=CARTESIAN_POINT('Origin',(-10.0839202169004,10.5,0.10000000000001));
#15604=CARTESIAN_POINT('',(-10.0839202169004,7.4,0.10000000000001));
#15605=CARTESIAN_POINT('Origin',(-10.0839202169004,10.5,0.10000000000001));
#15606=CARTESIAN_POINT('',(-10.0839202169004,7.29999999999999,0.));
#15607=CARTESIAN_POINT('',(-10.0839202169004,7.4,0.10000000000001));
#15608=CARTESIAN_POINT('Origin',(-10.0839202169004,10.5,0.));
#15609=CARTESIAN_POINT('Origin',(24.,9.50000000000001,0.));
#15610=CARTESIAN_POINT('',(22.9,9.50000000000001,0.));
#15611=CARTESIAN_POINT('Origin',(-24.,-9.5,0.));
#15612=CARTESIAN_POINT('',(-25.1,-9.5,0.));
#15613=CARTESIAN_POINT('Origin',(24.,-9.49999999999999,0.));
#15614=CARTESIAN_POINT('',(22.9,-9.49999999999999,0.));
#15615=CARTESIAN_POINT('Origin',(-24.,9.5,0.));
#15616=CARTESIAN_POINT('',(-25.1,9.5,0.));
#15617=CARTESIAN_POINT('Origin',(-10.0839202169004,10.5,1.));
#15618=CARTESIAN_POINT('',(-13.1439829613551,10.996,0.900000000000002));
#15619=CARTESIAN_POINT('',(-10.0839202169004,7.4,0.900000000000002));
#15620=CARTESIAN_POINT('Origin',(-10.0839202169004,10.5,0.900000000000002));
#15621=CARTESIAN_POINT('',(-10.0839202169004,7.4,1.));
#15622=CARTESIAN_POINT('',(-13.1439829613551,10.996,1.));
#15623=CARTESIAN_POINT('Origin',(15.0195052886016,11.3,1.));
#15624=CARTESIAN_POINT('',(15.0195052886016,13.2,0.10000000000001));
#15625=CARTESIAN_POINT('',(15.0195052886016,13.2,1.));
#15626=CARTESIAN_POINT('',(13.1439829613551,10.996,0.10000000000001));
#15627=CARTESIAN_POINT('Origin',(15.0195052886016,11.3,0.10000000000001));
#15628=CARTESIAN_POINT('',(13.1439829613551,10.996,1.));
#15629=CARTESIAN_POINT('Origin',(15.0195052886016,-11.3,1.));
#15630=CARTESIAN_POINT('',(13.1439829613551,-10.996,0.10000000000001));
#15631=CARTESIAN_POINT('',(13.1439829613551,-10.996,1.));
#15632=CARTESIAN_POINT('',(15.0195052886016,-13.2,0.10000000000001));
#15633=CARTESIAN_POINT('Origin',(15.0195052886016,-11.3,0.10000000000001));
#15634=CARTESIAN_POINT('',(15.0195052886016,-13.2,1.));
#15635=CARTESIAN_POINT('Origin',(-10.0839202169004,-10.5,1.));
#15636=CARTESIAN_POINT('',(-10.0839202169004,-7.4,0.900000000000002));
#15637=CARTESIAN_POINT('',(-13.1439829613551,-10.996,0.900000000000002));
#15638=CARTESIAN_POINT('Origin',(-10.0839202169004,-10.5,0.900000000000002));
#15639=CARTESIAN_POINT('',(-13.1439829613551,-10.996,1.));
#15640=CARTESIAN_POINT('',(-10.0839202169004,-7.4,1.));
#15641=CARTESIAN_POINT('Origin',(-26.2,11.3,1.));
#15642=CARTESIAN_POINT('',(-26.2,-5.65000000000001,0.900000000000001));
#15643=CARTESIAN_POINT('',(-26.2,-5.65000000000001,0.10000000000001));
#15644=CARTESIAN_POINT('',(-26.2,-5.65000000000001,1.));
#15645=CARTESIAN_POINT('',(-26.2,-11.3,0.10000000000001));
#15646=CARTESIAN_POINT('',(-26.2,11.3,0.10000000000001));
#15647=CARTESIAN_POINT('',(-26.2,-11.3,0.900000000000002));
#15648=CARTESIAN_POINT('',(-26.2,-11.3,1.));
#15649=CARTESIAN_POINT('',(-26.2,-5.65000000000001,0.900000000000002));
#15650=CARTESIAN_POINT('Origin',(-10.0839202169004,-7.4,1.));
#15651=CARTESIAN_POINT('',(-9.85444062339411,-7.4,0.10000000000001));
#15652=CARTESIAN_POINT('',(-10.0839202169004,-7.4,0.10000000000001));
#15653=CARTESIAN_POINT('',(-9.85444062339411,-7.4,0.900000000000002));
#15654=CARTESIAN_POINT('',(-9.85444062339411,-7.4,1.));
#15655=CARTESIAN_POINT('',(-10.0839202169004,-7.4,0.900000000000002));
#15656=CARTESIAN_POINT('Origin',(-9.85444062339411,-10.5,1.));
#15657=CARTESIAN_POINT('',(-7.73299854474677,-8.23958333333333,0.10000000000001));
#15658=CARTESIAN_POINT('Origin',(-9.85444062339411,-10.5,0.10000000000001));
#15659=CARTESIAN_POINT('',(-7.73299854474677,-8.23958333333333,0.900000000000002));
#15660=CARTESIAN_POINT('',(-7.73299854474677,-8.23958333333333,1.));
#15661=CARTESIAN_POINT('Origin',(-9.85444062339411,-10.5,0.900000000000002));
#15662=CARTESIAN_POINT('Origin',(0.,0.,1.));
#15663=CARTESIAN_POINT('',(7.73299854474676,-8.23958333333333,0.10000000000001));
#15664=CARTESIAN_POINT('Origin',(0.,0.,0.10000000000001));
#15665=CARTESIAN_POINT('',(7.73299854474676,-8.23958333333333,0.900000000000002));
#15666=CARTESIAN_POINT('',(7.73299854474676,-8.23958333333333,1.));
#15667=CARTESIAN_POINT('Origin',(0.,0.,0.900000000000002));
#15668=CARTESIAN_POINT('Origin',(9.85444062339411,-10.5,1.));
#15669=CARTESIAN_POINT('',(9.85444062339411,-7.4,0.10000000000001));
#15670=CARTESIAN_POINT('Origin',(9.85444062339411,-10.5,0.10000000000001));
#15671=CARTESIAN_POINT('',(9.85444062339411,-7.4,0.900000000000002));
#15672=CARTESIAN_POINT('',(9.85444062339411,-7.4,1.));
#15673=CARTESIAN_POINT('Origin',(9.85444062339411,-10.5,0.900000000000002));
#15674=CARTESIAN_POINT('Origin',(9.85444062339411,-7.4,1.));
#15675=CARTESIAN_POINT('',(10.0839202169004,-7.4,0.10000000000001));
#15676=CARTESIAN_POINT('',(9.85444062339411,-7.4,0.10000000000001));
#15677=CARTESIAN_POINT('',(10.0839202169004,-7.4,1.));
#15678=CARTESIAN_POINT('',(9.85444062339411,-7.4,0.900000000000002));
#15679=CARTESIAN_POINT('Origin',(10.0839202169004,-10.5,1.));
#15680=CARTESIAN_POINT('Origin',(10.0839202169004,-10.5,0.10000000000001));
#15681=CARTESIAN_POINT('Origin',(15.0195052886016,-13.2,1.));
#15682=CARTESIAN_POINT('',(24.3,-13.2,0.10000000000001));
#15683=CARTESIAN_POINT('',(15.0195052886016,-13.2,0.10000000000001));
#15684=CARTESIAN_POINT('',(24.3,-13.2,0.900000000000002));
#15685=CARTESIAN_POINT('',(24.3,-13.2,1.));
#15686=CARTESIAN_POINT('',(15.0195052886016,-13.2,0.900000000000002));
#15687=CARTESIAN_POINT('Origin',(24.3,-11.3,1.));
#15688=CARTESIAN_POINT('',(26.2,-11.3,0.10000000000001));
#15689=CARTESIAN_POINT('Origin',(24.3,-11.3,0.10000000000001));
#15690=CARTESIAN_POINT('',(26.2,-11.3,0.900000000000002));
#15691=CARTESIAN_POINT('',(26.2,-11.3,1.));
#15692=CARTESIAN_POINT('Origin',(24.3,-11.3,0.900000000000002));
#15693=CARTESIAN_POINT('Origin',(26.2,5.74999999999998,1.));
#15694=CARTESIAN_POINT('',(26.2,11.3,0.10000000000001));
#15695=CARTESIAN_POINT('',(26.2,5.74999999999998,0.10000000000001));
#15696=CARTESIAN_POINT('',(26.2,11.3,0.900000000000002));
#15697=CARTESIAN_POINT('',(26.2,11.3,1.));
#15698=CARTESIAN_POINT('',(26.2,-11.3,0.900000000000002));
#15699=CARTESIAN_POINT('Origin',(24.3,11.3,1.));
#15700=CARTESIAN_POINT('',(24.3,13.2,0.10000000000001));
#15701=CARTESIAN_POINT('Origin',(24.3,11.3,0.10000000000001));
#15702=CARTESIAN_POINT('',(24.3,13.2,0.900000000000002));
#15703=CARTESIAN_POINT('',(24.3,13.2,1.));
#15704=CARTESIAN_POINT('Origin',(24.3,11.3,0.900000000000002));
#15705=CARTESIAN_POINT('Origin',(24.3,13.2,1.));
#15706=CARTESIAN_POINT('',(24.3,13.2,0.10000000000001));
#15707=CARTESIAN_POINT('',(24.3,13.2,0.900000000000002));
#15708=CARTESIAN_POINT('Origin',(10.0839202169004,10.5,1.));
#15709=CARTESIAN_POINT('',(10.0839202169004,7.40000000000001,0.10000000000001));
#15710=CARTESIAN_POINT('Origin',(10.0839202169004,10.5,0.10000000000001));
#15711=CARTESIAN_POINT('',(10.0839202169004,7.40000000000001,1.));
#15712=CARTESIAN_POINT('Origin',(10.0839202169004,7.4,1.));
#15713=CARTESIAN_POINT('',(9.85444062339411,7.4,0.10000000000001));
#15714=CARTESIAN_POINT('',(10.0839202169004,7.4,0.10000000000001));
#15715=CARTESIAN_POINT('',(9.85444062339411,7.4,0.900000000000002));
#15716=CARTESIAN_POINT('',(9.85444062339411,7.4,1.));
#15717=CARTESIAN_POINT('',(10.0839202169004,7.4,0.900000000000002));
#15718=CARTESIAN_POINT('Origin',(9.85444062339411,10.5,1.));
#15719=CARTESIAN_POINT('',(7.73299854474677,8.23958333333334,0.10000000000001));
#15720=CARTESIAN_POINT('Origin',(9.85444062339411,10.5,0.10000000000001));
#15721=CARTESIAN_POINT('',(7.73299854474677,8.23958333333334,0.900000000000002));
#15722=CARTESIAN_POINT('',(7.73299854474677,8.23958333333334,1.));
#15723=CARTESIAN_POINT('Origin',(9.85444062339411,10.5,0.900000000000002));
#15724=CARTESIAN_POINT('Origin',(0.,0.,1.));
#15725=CARTESIAN_POINT('',(-7.73299854474677,8.23958333333333,0.10000000000001));
#15726=CARTESIAN_POINT('Origin',(0.,0.,0.10000000000001));
#15727=CARTESIAN_POINT('',(-7.73299854474677,8.23958333333333,0.900000000000002));
#15728=CARTESIAN_POINT('',(-7.73299854474677,8.23958333333333,1.));
#15729=CARTESIAN_POINT('Origin',(0.,0.,0.900000000000002));
#15730=CARTESIAN_POINT('Origin',(-9.85444062339411,10.5,1.));
#15731=CARTESIAN_POINT('',(-9.85444062339411,7.4,0.10000000000001));
#15732=CARTESIAN_POINT('Origin',(-9.85444062339411,10.5,0.10000000000001));
#15733=CARTESIAN_POINT('',(-9.85444062339411,7.4,0.900000000000002));
#15734=CARTESIAN_POINT('',(-9.85444062339411,7.4,1.));
#15735=CARTESIAN_POINT('Origin',(-9.85444062339411,10.5,0.900000000000002));
#15736=CARTESIAN_POINT('Origin',(-9.85444062339411,7.4,1.));
#15737=CARTESIAN_POINT('',(-9.85444062339411,7.4,0.10000000000001));
#15738=CARTESIAN_POINT('',(-9.85444062339411,7.4,0.900000000000002));
#15739=CARTESIAN_POINT('Origin',(-15.0195052886016,11.3,1.));
#15740=CARTESIAN_POINT('',(-15.0195052886016,13.2,0.900000000000002));
#15741=CARTESIAN_POINT('',(-15.0195052886016,13.2,1.));
#15742=CARTESIAN_POINT('Origin',(-15.0195052886016,11.3,0.900000000000002));
#15743=CARTESIAN_POINT('Origin',(-15.0195052886016,13.2,1.));
#15744=CARTESIAN_POINT('',(-24.3,13.2,0.10000000000001));
#15745=CARTESIAN_POINT('',(-15.0195052886016,13.2,0.10000000000001));
#15746=CARTESIAN_POINT('',(-24.3,13.2,0.900000000000002));
#15747=CARTESIAN_POINT('',(-24.3,13.2,1.));
#15748=CARTESIAN_POINT('',(-15.0195052886016,13.2,0.900000000000002));
#15749=CARTESIAN_POINT('Origin',(-24.3,11.3,1.));
#15750=CARTESIAN_POINT('',(-26.2,11.3,0.10000000000001));
#15751=CARTESIAN_POINT('Origin',(-24.3,11.3,0.10000000000001));
#15752=CARTESIAN_POINT('',(-26.2,11.3,0.900000000000002));
#15753=CARTESIAN_POINT('',(-26.2,11.3,1.));
#15754=CARTESIAN_POINT('Origin',(-24.3,11.3,0.900000000000002));
#15755=CARTESIAN_POINT('Origin',(-26.2,11.3,1.));
#15756=CARTESIAN_POINT('',(-26.2,5.65,0.10000000000001));
#15757=CARTESIAN_POINT('',(-26.2,11.3,0.10000000000001));
#15758=CARTESIAN_POINT('',(-26.2,5.65,0.900000000000002));
#15759=CARTESIAN_POINT('',(-26.2,5.65,1.));
#15760=CARTESIAN_POINT('',(-26.2,11.3,0.900000000000002));
#15761=CARTESIAN_POINT('Origin',(-24.3,-11.3,1.));
#15762=CARTESIAN_POINT('',(-24.3,-13.2,0.10000000000001));
#15763=CARTESIAN_POINT('Origin',(-24.3,-11.3,0.10000000000001));
#15764=CARTESIAN_POINT('',(-24.3,-13.2,0.900000000000002));
#15765=CARTESIAN_POINT('',(-24.3,-13.2,1.));
#15766=CARTESIAN_POINT('Origin',(-24.3,-11.3,0.900000000000002));
#15767=CARTESIAN_POINT('Origin',(-24.3,-13.2,1.));
#15768=CARTESIAN_POINT('',(-24.3,-13.2,0.10000000000001));
#15769=CARTESIAN_POINT('',(-15.0195052886016,-13.2,0.900000000000002));
#15770=CARTESIAN_POINT('',(-15.0195052886016,-13.2,1.));
#15771=CARTESIAN_POINT('',(-24.3,-13.2,0.900000000000002));
#15772=CARTESIAN_POINT('Origin',(-15.0195052886016,-11.3,1.));
#15773=CARTESIAN_POINT('Origin',(-15.0195052886016,-11.3,0.900000000000002));
#15774=CARTESIAN_POINT('Origin',(-10.0839202169004,-10.5,1.));
#15775=CARTESIAN_POINT('',(-24.3,-13.1,1.));
#15776=CARTESIAN_POINT('',(-15.0195052886016,-13.1,1.));
#15777=CARTESIAN_POINT('',(-15.0195052886016,-13.1,1.));
#15778=CARTESIAN_POINT('',(-13.2426946627892,-11.012,1.));
#15779=CARTESIAN_POINT('Origin',(-15.0195052886016,-11.3,1.));
#15780=CARTESIAN_POINT('',(-10.0839202169004,-7.29999999999999,1.));
#15781=CARTESIAN_POINT('Origin',(-10.0839202169004,-10.5,1.));
#15782=CARTESIAN_POINT('',(-9.85444062339411,-7.3,1.));
#15783=CARTESIAN_POINT('',(-9.85444062339411,-7.3,1.));
#15784=CARTESIAN_POINT('',(-7.66456492930653,-8.16666666666666,1.));
#15785=CARTESIAN_POINT('Origin',(-9.85444062339411,-10.5,1.));
#15786=CARTESIAN_POINT('',(7.66456492930653,-8.16666666666666,1.));
#15787=CARTESIAN_POINT('Origin',(0.,0.,1.));
#15788=CARTESIAN_POINT('',(9.85444062339411,-7.29999999999999,1.));
#15789=CARTESIAN_POINT('Origin',(9.85444062339411,-10.5,1.));
#15790=CARTESIAN_POINT('',(10.0839202169004,-7.3,1.));
#15791=CARTESIAN_POINT('',(24.3,-13.1,1.));
#15792=CARTESIAN_POINT('',(24.3,-13.1,1.));
#15793=CARTESIAN_POINT('',(26.1,-11.3,1.));
#15794=CARTESIAN_POINT('Origin',(24.3,-11.3,1.));
#15795=CARTESIAN_POINT('',(26.1,11.3,1.));
#15796=CARTESIAN_POINT('',(26.1,11.3,1.));
#15797=CARTESIAN_POINT('',(24.3,13.1,1.));
#15798=CARTESIAN_POINT('Origin',(24.3,11.3,1.));
#15799=CARTESIAN_POINT('',(15.0195052886016,13.1,1.));
#15800=CARTESIAN_POINT('',(9.85444062339411,7.3,1.));
#15801=CARTESIAN_POINT('',(9.85444062339411,7.3,1.));
#15802=CARTESIAN_POINT('',(7.66456492930653,8.16666666666667,1.));
#15803=CARTESIAN_POINT('Origin',(9.85444062339411,10.5,1.));
#15804=CARTESIAN_POINT('',(-7.66456492930653,8.16666666666667,1.));
#15805=CARTESIAN_POINT('Origin',(0.,0.,1.));
#15806=CARTESIAN_POINT('',(-9.85444062339411,7.3,1.));
#15807=CARTESIAN_POINT('Origin',(-9.85444062339411,10.5,1.));
#15808=CARTESIAN_POINT('',(-10.0839202169004,7.3,1.));
#15809=CARTESIAN_POINT('',(-10.0839202169004,7.3,1.));
#15810=CARTESIAN_POINT('',(-13.2426946627892,11.012,1.));
#15811=CARTESIAN_POINT('Origin',(-10.0839202169004,10.5,1.));
#15812=CARTESIAN_POINT('',(-15.0195052886016,13.1,1.));
#15813=CARTESIAN_POINT('Origin',(-15.0195052886016,11.3,1.));
#15814=CARTESIAN_POINT('',(-24.3,13.1,1.));
#15815=CARTESIAN_POINT('',(-24.3,13.1,1.));
#15816=CARTESIAN_POINT('',(-26.1,11.3,1.));
#15817=CARTESIAN_POINT('Origin',(-24.3,11.3,1.));
#15818=CARTESIAN_POINT('',(-26.1,5.65,1.));
#15819=CARTESIAN_POINT('',(-26.1,5.65,1.));
#15820=CARTESIAN_POINT('',(-26.95,4.8,1.));
#15821=CARTESIAN_POINT('Origin',(-26.95,5.65,1.));
#15822=CARTESIAN_POINT('',(-27.2,4.8,1.));
#15823=CARTESIAN_POINT('',(-10.0839202169004,4.79999999999998,1.));
#15824=CARTESIAN_POINT('',(-27.2,-4.80000000000001,1.));
#15825=CARTESIAN_POINT('',(-27.2,-10.5,1.));
#15826=CARTESIAN_POINT('',(-26.95,-4.80000000000001,1.));
#15827=CARTESIAN_POINT('',(-10.0839202169004,-4.79999999999999,1.));
#15828=CARTESIAN_POINT('',(-26.1,-5.65000000000001,1.));
#15829=CARTESIAN_POINT('Origin',(-26.95,-5.65000000000001,1.));
#15830=CARTESIAN_POINT('',(-26.1,-11.3,1.));
#15831=CARTESIAN_POINT('',(-26.1,-11.3,1.));
#15832=CARTESIAN_POINT('Origin',(-24.3,-11.3,1.));
#15833=CARTESIAN_POINT('Origin',(-10.0839202169004,-10.5,0.));
#15834=CARTESIAN_POINT('',(-7.66456492930652,-8.16666666666665,0.));
#15835=CARTESIAN_POINT('',(-9.85444062339411,-7.29999999999999,0.));
#15836=CARTESIAN_POINT('Origin',(-9.85444062339411,-10.5,0.));
#15837=CARTESIAN_POINT('',(-10.0839202169004,-7.29999999999999,0.));
#15838=CARTESIAN_POINT('',(-24.3,-13.1,0.));
#15839=CARTESIAN_POINT('',(-10.0839202169004,-13.1,0.));
#15840=CARTESIAN_POINT('',(-26.1,-11.3,0.));
#15841=CARTESIAN_POINT('Origin',(-24.3,-11.3,0.));
#15842=CARTESIAN_POINT('',(-26.1,-5.65000000000001,0.));
#15843=CARTESIAN_POINT('',(-26.1,-10.5,0.));
#15844=CARTESIAN_POINT('',(-26.95,-4.79999999999999,0.));
#15845=CARTESIAN_POINT('Origin',(-26.95,-5.65000000000001,0.));
#15846=CARTESIAN_POINT('',(-27.2,-4.79999999999999,0.));
#15847=CARTESIAN_POINT('',(-27.3,-4.79999999999999,0.));
#15848=CARTESIAN_POINT('',(-27.2,4.79999999999998,0.));
#15849=CARTESIAN_POINT('',(-27.2,4.9,0.));
#15850=CARTESIAN_POINT('',(-26.95,4.79999999999998,0.));
#15851=CARTESIAN_POINT('',(-26.95,4.79999999999998,0.));
#15852=CARTESIAN_POINT('',(-26.1,5.65,0.));
#15853=CARTESIAN_POINT('Origin',(-26.95,5.65,0.));
#15854=CARTESIAN_POINT('',(-26.1,11.3,0.));
#15855=CARTESIAN_POINT('',(-26.1,-10.5,0.));
#15856=CARTESIAN_POINT('',(-24.3,13.1,0.));
#15857=CARTESIAN_POINT('Origin',(-24.3,11.3,0.));
#15858=CARTESIAN_POINT('',(-10.0839202169004,13.1,0.));
#15859=CARTESIAN_POINT('',(-9.85444062339411,7.29999999999999,0.));
#15860=CARTESIAN_POINT('',(-10.0839202169004,7.29999999999999,0.));
#15861=CARTESIAN_POINT('',(-7.66456492930652,8.16666666666666,0.));
#15862=CARTESIAN_POINT('Origin',(-9.85444062339411,10.5,0.));
#15863=CARTESIAN_POINT('',(7.66456492930652,8.16666666666666,0.));
#15864=CARTESIAN_POINT('Origin',(0.,0.,0.));
#15865=CARTESIAN_POINT('',(9.85444062339411,7.29999999999999,0.));
#15866=CARTESIAN_POINT('Origin',(9.85444062339411,10.5,0.));
#15867=CARTESIAN_POINT('',(10.0839202169004,7.29999999999999,0.));
#15868=CARTESIAN_POINT('',(-10.0839202169004,7.29999999999999,0.));
#15869=CARTESIAN_POINT('',(13.2426946627892,11.012,0.));
#15870=CARTESIAN_POINT('Origin',(10.0839202169004,10.5,0.));
#15871=CARTESIAN_POINT('',(15.0195052886016,13.1,0.));
#15872=CARTESIAN_POINT('Origin',(15.0195052886016,11.3,0.));
#15873=CARTESIAN_POINT('',(24.3,13.1,0.));
#15874=CARTESIAN_POINT('',(-10.0839202169004,13.1,0.));
#15875=CARTESIAN_POINT('',(26.1,11.3,0.));
#15876=CARTESIAN_POINT('Origin',(24.3,11.3,0.));
#15877=CARTESIAN_POINT('',(26.1,-11.3,0.));
#15878=CARTESIAN_POINT('',(26.1,-10.5,0.));
#15879=CARTESIAN_POINT('',(24.3,-13.1,0.));
#15880=CARTESIAN_POINT('Origin',(24.3,-11.3,0.));
#15881=CARTESIAN_POINT('',(15.0195052886016,-13.1,0.));
#15882=CARTESIAN_POINT('',(-10.0839202169004,-13.1,0.));
#15883=CARTESIAN_POINT('',(13.2426946627892,-11.012,0.));
#15884=CARTESIAN_POINT('Origin',(15.0195052886016,-11.3,0.));
#15885=CARTESIAN_POINT('',(10.0839202169004,-7.29999999999999,0.));
#15886=CARTESIAN_POINT('Origin',(10.0839202169004,-10.5,0.));
#15887=CARTESIAN_POINT('',(9.85444062339411,-7.29999999999999,0.));
#15888=CARTESIAN_POINT('',(-10.0839202169004,-7.29999999999999,0.));
#15889=CARTESIAN_POINT('',(7.66456492930652,-8.16666666666665,0.));
#15890=CARTESIAN_POINT('Origin',(9.85444062339411,-10.5,0.));
#15891=CARTESIAN_POINT('Origin',(0.,0.,0.));
#15892=CARTESIAN_POINT('Origin',(-26.2,-4.90000000000001,-9.86154146165801));
#15893=CARTESIAN_POINT('',(-27.3,-4.90000000000001,0.10000000000001));
#15894=CARTESIAN_POINT('',(-27.3,-4.90000000000001,0.900000000000001));
#15895=CARTESIAN_POINT('',(-27.3,-4.90000000000001,-9.86154146165801));
#15896=CARTESIAN_POINT('',(-26.95,-4.90000000000001,0.10000000000001));
#15897=CARTESIAN_POINT('',(-26.95,-4.90000000000001,0.10000000000001));
#15898=CARTESIAN_POINT('',(-26.95,-4.90000000000001,0.900000000000001));
#15899=CARTESIAN_POINT('',(-26.95,-4.90000000000001,-9.86154146165801));
#15900=CARTESIAN_POINT('',(-26.2,-4.90000000000001,0.900000000000001));
#15901=CARTESIAN_POINT('Origin',(-27.3,4.9,-9.86154146165801));
#15902=CARTESIAN_POINT('',(-27.3,4.9,0.10000000000001));
#15903=CARTESIAN_POINT('',(-27.3,4.9,0.900000000000001));
#15904=CARTESIAN_POINT('',(-27.3,4.9,-9.86154146165801));
#15905=CARTESIAN_POINT('',(-27.3,-4.90000000000001,0.10000000000001));
#15906=CARTESIAN_POINT('',(-27.3,4.9,0.900000000000001));
#15907=CARTESIAN_POINT('Origin',(-26.2,4.9,-9.86154146165801));
#15908=CARTESIAN_POINT('',(-26.95,4.9,0.900000000000001));
#15909=CARTESIAN_POINT('',(-26.95,4.9,0.10000000000001));
#15910=CARTESIAN_POINT('',(-26.95,4.9,-9.86154146165801));
#15911=CARTESIAN_POINT('',(-27.3,4.9,0.10000000000001));
#15912=CARTESIAN_POINT('',(-26.2,4.9,0.900000000000001));
#15913=CARTESIAN_POINT('Origin',(-26.95,5.65,1.));
#15914=CARTESIAN_POINT('Origin',(-26.95,5.65,0.10000000000001));
#15915=CARTESIAN_POINT('Origin',(-26.95,5.65,0.900000000000002));
#15916=CARTESIAN_POINT('Origin',(-26.95,-5.65000000000001,-9.86154146165801));
#15917=CARTESIAN_POINT('Origin',(-26.95,-5.65000000000001,0.10000000000001));
#15918=CARTESIAN_POINT('Origin',(-26.95,-5.65000000000001,0.900000000000001));
#15919=CARTESIAN_POINT('Origin',(-9.85444062339411,10.5,0.10000000000001));
#15920=CARTESIAN_POINT('',(-7.66456492930652,8.16666666666666,0.));
#15921=CARTESIAN_POINT('',(-9.85444062339411,7.4,0.10000000000001));
#15922=CARTESIAN_POINT('Origin',(-9.85444062339411,7.4,0.10000000000001));
#15923=CARTESIAN_POINT('Origin',(0.,0.,0.10000000000001));
#15924=CARTESIAN_POINT('',(7.66456492930652,8.16666666666666,0.));
#15925=CARTESIAN_POINT('Origin',(9.85444062339411,10.5,0.10000000000001));
#15926=CARTESIAN_POINT('',(9.85444062339411,7.29999999999999,0.));
#15927=CARTESIAN_POINT('Origin',(10.0839202169004,7.4,0.10000000000001));
#15928=CARTESIAN_POINT('',(10.0839202169004,7.29999999999999,0.));
#15929=CARTESIAN_POINT('Origin',(-15.0195052886016,13.2,0.10000000000001));
#15930=CARTESIAN_POINT('',(-24.3,13.2,0.10000000000001));
#15931=CARTESIAN_POINT('Origin',(10.0839202169004,10.5,0.10000000000001));
#15932=CARTESIAN_POINT('',(13.2426946627892,11.012,0.));
#15933=CARTESIAN_POINT('Origin',(-24.3,11.3,0.10000000000001));
#15934=CARTESIAN_POINT('',(-26.2,11.3,0.10000000000001));
#15935=CARTESIAN_POINT('Origin',(15.0195052886016,11.3,0.10000000000001));
#15936=CARTESIAN_POINT('',(15.0195052886016,13.1,0.));
#15937=CARTESIAN_POINT('Origin',(-26.2,11.3,0.10000000000001));
#15938=CARTESIAN_POINT('',(-26.2,5.65,0.10000000000001));
#15939=CARTESIAN_POINT('Origin',(24.3,13.2,0.10000000000001));
#15940=CARTESIAN_POINT('',(24.3,13.1,0.));
#15941=CARTESIAN_POINT('Origin',(-26.95,5.65,0.));
#15942=CARTESIAN_POINT('',(-26.95,4.9,0.10000000000001));
#15943=CARTESIAN_POINT('Origin',(24.3,11.3,0.10000000000001));
#15944=CARTESIAN_POINT('',(26.1,11.3,0.));
#15945=CARTESIAN_POINT('Origin',(-10.0839202169004,4.79999999999997,0.));
#15946=CARTESIAN_POINT('',(-22.0999999999999,-0.300000000000031,-5.09999999999991));
#15947=CARTESIAN_POINT('Origin',(26.2,5.74999999999998,0.10000000000001));
#15948=CARTESIAN_POINT('',(26.1,-11.3,0.));
#15949=CARTESIAN_POINT('Origin',(-27.2,-10.5,0.));
#15950=CARTESIAN_POINT('',(-21.4946400723,0.905359927700002,-5.70535992769983));
#15951=CARTESIAN_POINT('Origin',(24.3,-11.3,0.10000000000001));
#15952=CARTESIAN_POINT('',(24.3,-13.1,0.));
#15953=CARTESIAN_POINT('Origin',(-10.0839202169004,-4.79999999999998,0.));
#15954=CARTESIAN_POINT('',(-26.95,-4.90000000000001,0.10000000000001));
#15955=CARTESIAN_POINT('Origin',(15.0195052886016,-13.2,0.10000000000001));
#15956=CARTESIAN_POINT('',(15.0195052886016,-13.1,0.));
#15957=CARTESIAN_POINT('Origin',(-26.95,-5.65000000000001,0.));
#15958=CARTESIAN_POINT('',(-26.2,-5.65000000000001,0.10000000000001));
#15959=CARTESIAN_POINT('Origin',(15.0195052886016,-11.3,0.10000000000001));
#15960=CARTESIAN_POINT('',(13.2426946627892,-11.012,0.));
#15961=CARTESIAN_POINT('Origin',(-26.2,11.3,0.10000000000001));
#15962=CARTESIAN_POINT('',(-26.2,-11.3,0.10000000000001));
#15963=CARTESIAN_POINT('Origin',(10.0839202169004,-10.5,0.10000000000001));
#15964=CARTESIAN_POINT('',(10.0839202169004,-7.29999999999999,0.));
#15965=CARTESIAN_POINT('Origin',(-24.3,-11.3,0.10000000000001));
#15966=CARTESIAN_POINT('',(-24.3,-13.2,0.10000000000001));
#15967=CARTESIAN_POINT('Origin',(9.85444062339411,-7.4,0.10000000000001));
#15968=CARTESIAN_POINT('',(9.85444062339411,-7.29999999999999,0.));
#15969=CARTESIAN_POINT('Origin',(-24.3,-13.2,0.10000000000001));
#15970=CARTESIAN_POINT('Origin',(9.85444062339411,-10.5,0.10000000000001));
#15971=CARTESIAN_POINT('',(7.66456492930652,-8.16666666666665,0.));
#15972=CARTESIAN_POINT('Origin',(0.,0.,0.10000000000001));
#15973=CARTESIAN_POINT('',(-7.66456492930652,-8.16666666666665,0.));
#15974=CARTESIAN_POINT('Origin',(-9.85444062339411,-10.5,0.10000000000001));
#15975=CARTESIAN_POINT('',(-9.85444062339411,-7.29999999999999,0.));
#15976=CARTESIAN_POINT('Origin',(-10.0839202169004,-7.4,0.10000000000001));
#15977=CARTESIAN_POINT('Origin',(9.85444062339411,10.5,1.));
#15978=CARTESIAN_POINT('',(9.85444062339411,7.4,0.900000000000002));
#15979=CARTESIAN_POINT('',(7.66456492930653,8.16666666666667,1.));
#15980=CARTESIAN_POINT('Origin',(0.,0.,1.));
#15981=CARTESIAN_POINT('',(-7.66456492930653,8.16666666666667,1.));
#15982=CARTESIAN_POINT('Origin',(-10.0839202169004,7.3,1.));
#15983=CARTESIAN_POINT('Origin',(-9.85444062339411,10.5,1.));
#15984=CARTESIAN_POINT('',(-9.85444062339411,7.3,1.));
#15985=CARTESIAN_POINT('Origin',(-10.0839202169004,7.3,1.));
#15986=CARTESIAN_POINT('',(-10.0839202169004,7.3,1.));
#15987=CARTESIAN_POINT('Origin',(-10.0839202169004,10.5,1.));
#15988=CARTESIAN_POINT('',(-13.2426946627892,11.012,1.));
#15989=CARTESIAN_POINT('Origin',(-10.0839202169004,13.1,1.));
#15990=CARTESIAN_POINT('',(24.3,13.2,0.900000000000002));
#15991=CARTESIAN_POINT('Origin',(-15.0195052886016,11.3,1.));
#15992=CARTESIAN_POINT('',(-15.0195052886016,13.1,1.));
#15993=CARTESIAN_POINT('Origin',(24.3,11.3,1.));
#15994=CARTESIAN_POINT('',(26.2,11.3,0.900000000000002));
#15995=CARTESIAN_POINT('Origin',(-10.0839202169004,13.1,1.));
#15996=CARTESIAN_POINT('',(-24.3,13.1,1.));
#15997=CARTESIAN_POINT('Origin',(26.1,-10.5,1.));
#15998=CARTESIAN_POINT('',(26.2,-11.3,0.900000000000002));
#15999=CARTESIAN_POINT('Origin',(-24.3,11.3,1.));
#16000=CARTESIAN_POINT('',(-26.1,11.3,1.));
#16001=CARTESIAN_POINT('Origin',(24.3,-11.3,1.));
#16002=CARTESIAN_POINT('',(24.3,-13.2,0.900000000000002));
#16003=CARTESIAN_POINT('Origin',(-26.1,-10.5,1.));
#16004=CARTESIAN_POINT('',(-26.1,5.65,1.));
#16005=CARTESIAN_POINT('Origin',(-10.0839202169004,-13.1,1.));
#16006=CARTESIAN_POINT('Origin',(-26.95,5.65,1.));
#16007=CARTESIAN_POINT('',(-26.95,4.8,1.));
#16008=CARTESIAN_POINT('Origin',(-10.0839202169004,4.79999999999998,1.));
#16009=CARTESIAN_POINT('',(-21.4946400722998,-0.905359927699991,6.70535992769992));
#16010=CARTESIAN_POINT('Origin',(-27.2,-10.5,1.));
#16011=CARTESIAN_POINT('',(-29.1000000000001,-6.70000000000002,-0.899999999999958));
#16012=CARTESIAN_POINT('Origin',(-10.0839202169004,-7.3,1.));
#16013=CARTESIAN_POINT('',(9.85444062339411,-7.4,0.900000000000002));
#16014=CARTESIAN_POINT('Origin',(-10.0839202169004,-4.79999999999999,1.));
#16015=CARTESIAN_POINT('',(-26.95,-4.80000000000001,1.));
#16016=CARTESIAN_POINT('Origin',(9.85444062339411,-10.5,1.));
#16017=CARTESIAN_POINT('',(7.73299854474676,-8.23958333333333,0.900000000000002));
#16018=CARTESIAN_POINT('Origin',(-26.95,-5.65000000000001,1.));
#16019=CARTESIAN_POINT('',(-26.1,-5.65000000000001,1.));
#16020=CARTESIAN_POINT('Origin',(0.,0.,1.));
#16021=CARTESIAN_POINT('',(-7.73299854474677,-8.23958333333333,0.900000000000002));
#16022=CARTESIAN_POINT('Origin',(-26.1,-10.5,1.));
#16023=CARTESIAN_POINT('',(-26.1,-11.3,1.));
#16024=CARTESIAN_POINT('Origin',(-9.85444062339411,-10.5,1.));
#16025=CARTESIAN_POINT('',(-9.85444062339411,-7.4,0.900000000000002));
#16026=CARTESIAN_POINT('Origin',(-24.3,-11.3,1.));
#16027=CARTESIAN_POINT('',(-24.3,-13.1,1.));
#16028=CARTESIAN_POINT('Origin',(-10.0839202169004,-7.3,1.));
#16029=CARTESIAN_POINT('',(-10.0839202169004,-7.4,0.900000000000002));
#16030=CARTESIAN_POINT('Origin',(-10.0839202169004,-13.1,1.));
#16031=CARTESIAN_POINT('',(-15.0195052886016,-13.1,1.));
#16032=CARTESIAN_POINT('Origin',(-10.0839202169004,-10.5,1.));
#16033=CARTESIAN_POINT('',(-13.1439829613551,-10.996,0.900000000000002));
#16034=CARTESIAN_POINT('Origin',(-15.0195052886016,-11.3,1.));
#16035=CARTESIAN_POINT('',(0.,0.,0.));
#16036=CARTESIAN_POINT('Origin',(-27.5,60.,-9.75));
#16037=CARTESIAN_POINT('',(-27.15,58.5,-9.75));
#16038=CARTESIAN_POINT('',(-27.15,61.5,-9.75));
#16039=CARTESIAN_POINT('Origin',(-27.15,60.,-9.75));
#16040=CARTESIAN_POINT('',(-27.5,58.15,-9.75));
#16041=CARTESIAN_POINT('',(-27.15,58.5,-9.75));
#16042=CARTESIAN_POINT('',(-27.5,61.85,-9.75));
#16043=CARTESIAN_POINT('Origin',(-27.5,60.,-9.75));
#16044=CARTESIAN_POINT('',(-27.5,61.85,-9.75));
#16045=CARTESIAN_POINT('Origin',(-27.5,60.,10.));
#16046=CARTESIAN_POINT('',(-27.15,60.,8.49999999999999));
#16047=CARTESIAN_POINT('Origin',(-27.15,60.,10.));
#16048=CARTESIAN_POINT('',(-27.5,60.,8.14999999999999));
#16049=CARTESIAN_POINT('',(-27.5,60.,8.14999999999999));
#16050=CARTESIAN_POINT('Origin',(-27.5,60.,10.));
#16051=CARTESIAN_POINT('Origin',(27.3,77.8,-6.55329754505616E-15));
#16052=CARTESIAN_POINT('',(27.3,77.8,2.54999999999999));
#16053=CARTESIAN_POINT('Origin',(27.3,77.8,-6.55329754505616E-15));
#16054=CARTESIAN_POINT('',(27.5,77.8,2.74999999999997));
#16055=CARTESIAN_POINT('',(27.3,77.8,2.54999999999999));
#16056=CARTESIAN_POINT('Origin',(27.5,77.8,-6.58556171562865E-15));
#16057=CARTESIAN_POINT('Origin',(-24.3,60.,10.));
#16058=CARTESIAN_POINT('',(-24.2997352594323,60.,8.49999999999999));
#16059=CARTESIAN_POINT('Origin',(-24.2997352594323,60.,10.));
#16060=CARTESIAN_POINT('',(-24.3,60.,8.49999999999999));
#16061=CARTESIAN_POINT('Origin',(-24.3,60.,-9.75));
#16062=CARTESIAN_POINT('',(-26.8767352594323,58.5,-9.75));
#16063=CARTESIAN_POINT('',(-26.8767352594323,61.5,-9.75));
#16064=CARTESIAN_POINT('Origin',(-26.8767352594323,60.,-9.75));
#16065=CARTESIAN_POINT('',(-24.3,58.5,-9.75));
#16066=CARTESIAN_POINT('',(-24.3,61.5,-9.75));
#16067=CARTESIAN_POINT('Origin',(27.5,26.,-11.5));
#16068=CARTESIAN_POINT('',(27.275,26.,-10.7));
#16069=CARTESIAN_POINT('Origin',(27.275,26.,-11.5));
#16070=CARTESIAN_POINT('',(27.5,26.,-10.475));
#16071=CARTESIAN_POINT('',(27.5,26.,-10.475));
#16072=CARTESIAN_POINT('Origin',(27.5,26.,-11.5));
#16073=CARTESIAN_POINT('Origin',(27.5,26.,-11.5));
#16074=CARTESIAN_POINT('',(26.4,26.,-10.7));
#16075=CARTESIAN_POINT('Origin',(26.4,26.,-11.5));
#16076=CARTESIAN_POINT('',(27.5,26.,-10.7));
#16077=CARTESIAN_POINT('Origin',(27.5,3.,-11.5));
#16078=CARTESIAN_POINT('',(27.275,3.,-10.7));
#16079=CARTESIAN_POINT('Origin',(27.275,3.,-11.5));
#16080=CARTESIAN_POINT('',(27.5,3.,-10.475));
#16081=CARTESIAN_POINT('',(27.5,3.,-10.475));
#16082=CARTESIAN_POINT('Origin',(27.5,3.,-11.5));
#16083=CARTESIAN_POINT('Origin',(27.5,3.,-11.5));
#16084=CARTESIAN_POINT('',(26.4,3.,-10.7));
#16085=CARTESIAN_POINT('Origin',(26.4,3.,-11.5));
#16086=CARTESIAN_POINT('',(27.5,3.,-10.7));
#16087=CARTESIAN_POINT('Origin',(27.5,26.,11.5));
#16088=CARTESIAN_POINT('',(27.275,26.,12.3));
#16089=CARTESIAN_POINT('Origin',(27.275,26.,11.5));
#16090=CARTESIAN_POINT('',(27.5,26.,12.525));
#16091=CARTESIAN_POINT('',(27.5,26.,12.525));
#16092=CARTESIAN_POINT('Origin',(27.5,26.,11.5));
#16093=CARTESIAN_POINT('Origin',(27.5,26.,11.5));
#16094=CARTESIAN_POINT('',(26.4,26.,12.3));
#16095=CARTESIAN_POINT('Origin',(26.4,26.,11.5));
#16096=CARTESIAN_POINT('',(27.5,26.,12.3));
#16097=CARTESIAN_POINT('Origin',(27.5,3.,11.5));
#16098=CARTESIAN_POINT('',(27.275,3.,12.3));
#16099=CARTESIAN_POINT('Origin',(27.275,3.,11.5));
#16100=CARTESIAN_POINT('',(27.5,3.,12.525));
#16101=CARTESIAN_POINT('',(27.5,3.,12.525));
#16102=CARTESIAN_POINT('Origin',(27.5,3.,11.5));
#16103=CARTESIAN_POINT('Origin',(27.5,3.,11.5));
#16104=CARTESIAN_POINT('',(26.4,3.,12.3));
#16105=CARTESIAN_POINT('Origin',(26.4,3.,11.5));
#16106=CARTESIAN_POINT('',(27.5,3.,12.3));
#16107=CARTESIAN_POINT('Origin',(26.1,77.8,-6.35971252162116E-15));
#16108=CARTESIAN_POINT('',(26.8767352594323,77.8,2.54999999999999));
#16109=CARTESIAN_POINT('Origin',(26.8767352594323,77.8,-6.48501611612115E-15));
#16110=CARTESIAN_POINT('',(26.1,77.8,2.54999999999999));
#16111=CARTESIAN_POINT('Origin',(-6.5,0.250000000000021,-12.));
#16112=CARTESIAN_POINT('',(-6.5,0.250000000000021,-10.5));
#16113=CARTESIAN_POINT('Origin',(-6.5,0.250000000000021,-12.));
#16114=CARTESIAN_POINT('',(-6.5,-5.55111512312578E-16,-10.25));
#16115=CARTESIAN_POINT('',(-6.5,0.250000000000021,-10.5));
#16116=CARTESIAN_POINT('Origin',(-6.5,0.,-12.));
#16117=CARTESIAN_POINT('Origin',(-6.5,3.2,-12.));
#16118=CARTESIAN_POINT('',(-7.0385164807135,3.2,-13.4));
#16119=CARTESIAN_POINT('',(-5.9614835192865,3.2,-13.4));
#16120=CARTESIAN_POINT('Origin',(-6.5,3.2,-12.));
#16121=CARTESIAN_POINT('',(-7.0385164807135,1.7,-13.4));
#16122=CARTESIAN_POINT('',(-7.0385164807135,3.2,-13.4));
#16123=CARTESIAN_POINT('',(-6.5,1.7,-10.5));
#16124=CARTESIAN_POINT('Origin',(-6.5,1.7,-12.));
#16125=CARTESIAN_POINT('',(-6.5,3.2,-10.5));
#16126=CARTESIAN_POINT('',(-5.9614835192865,1.7,-13.4));
#16127=CARTESIAN_POINT('Origin',(-6.5,1.7,-12.));
#16128=CARTESIAN_POINT('',(-5.9614835192865,3.2,-13.4));
#16129=CARTESIAN_POINT('Origin',(0.,0.099999999999982,0.));
#16130=CARTESIAN_POINT('',(-7.93103448275862,0.099999999999982,-8.32758620689656));
#16131=CARTESIAN_POINT('',(7.93103448275862,0.099999999999982,-8.32758620689656));
#16132=CARTESIAN_POINT('Origin',(0.,0.099999999999982,0.));
#16133=CARTESIAN_POINT('',(-7.99999999999998,0.,-8.4));
#16134=CARTESIAN_POINT('',(-7.93103448275861,0.0999999999999821,-8.32758620689656));
#16135=CARTESIAN_POINT('',(7.99999999999998,0.,-8.39999999999999));
#16136=CARTESIAN_POINT('Origin',(0.,0.,0.));
#16137=CARTESIAN_POINT('',(7.93103448275862,0.099999999999982,-8.32758620689656));
#16138=CARTESIAN_POINT('Origin',(-10.,-1.73472347597681E-15,10.));
#16139=CARTESIAN_POINT('',(-10.,0.274999999999998,11.25));
#16140=CARTESIAN_POINT('Origin',(-10.,0.274999999999997,10.));
#16141=CARTESIAN_POINT('',(-10.,-1.87350135405495E-15,11.525));
#16142=CARTESIAN_POINT('',(-10.,-1.73472347597681E-15,11.525));
#16143=CARTESIAN_POINT('Origin',(-10.,-1.73472347597681E-15,10.));
#16144=CARTESIAN_POINT('Origin',(-10.,0.,10.));
#16145=CARTESIAN_POINT('',(-10.,1.7,11.25));
#16146=CARTESIAN_POINT('Origin',(-10.,1.7,10.));
#16147=CARTESIAN_POINT('',(-10.,0.,11.25));
#16148=CARTESIAN_POINT('Origin',(10.,-1.73472347597681E-15,10.));
#16149=CARTESIAN_POINT('',(10.,0.274999999999998,11.25));
#16150=CARTESIAN_POINT('Origin',(10.,0.274999999999997,10.));
#16151=CARTESIAN_POINT('',(10.,-1.87350135405495E-15,11.525));
#16152=CARTESIAN_POINT('',(10.,-1.73472347597681E-15,11.525));
#16153=CARTESIAN_POINT('Origin',(10.,-1.73472347597681E-15,10.));
#16154=CARTESIAN_POINT('Origin',(10.,0.,10.));
#16155=CARTESIAN_POINT('',(10.,1.7,11.25));
#16156=CARTESIAN_POINT('Origin',(10.,1.7,10.));
#16157=CARTESIAN_POINT('',(10.,0.,11.25));
#16158=CARTESIAN_POINT('Origin',(-10.,-1.73472347597681E-15,-10.));
#16159=CARTESIAN_POINT('',(-10.,0.274999999999998,-8.75000000000001));
#16160=CARTESIAN_POINT('Origin',(-10.,0.274999999999997,-10.));
#16161=CARTESIAN_POINT('',(-10.,-1.87350135405495E-15,-8.475));
#16162=CARTESIAN_POINT('',(-10.,-1.73472347597681E-15,-8.475));
#16163=CARTESIAN_POINT('Origin',(-10.,-1.73472347597681E-15,-10.));
#16164=CARTESIAN_POINT('Origin',(-10.,0.,-10.));
#16165=CARTESIAN_POINT('',(-10.,1.7,-8.75000000000001));
#16166=CARTESIAN_POINT('Origin',(-10.,1.7,-10.));
#16167=CARTESIAN_POINT('',(-10.,0.,-8.75000000000001));
#16168=CARTESIAN_POINT('Origin',(10.,-1.73472347597681E-15,-10.));
#16169=CARTESIAN_POINT('',(10.,0.274999999999998,-8.75000000000001));
#16170=CARTESIAN_POINT('Origin',(10.,0.274999999999997,-10.));
#16171=CARTESIAN_POINT('',(10.,-1.85206738829384E-15,-8.475));
#16172=CARTESIAN_POINT('',(10.,-1.73472347597681E-15,-8.475));
#16173=CARTESIAN_POINT('Origin',(10.,-1.73472347597681E-15,-10.));
#16174=CARTESIAN_POINT('Origin',(10.,0.,-10.));
#16175=CARTESIAN_POINT('',(10.,1.7,-8.75));
#16176=CARTESIAN_POINT('Origin',(10.,1.7,-10.));
#16177=CARTESIAN_POINT('',(10.,0.,-8.75));
#16178=CARTESIAN_POINT('Origin',(-10.,60.,14.15));
#16179=CARTESIAN_POINT('',(-11.5,60.,14.15));
#16180=CARTESIAN_POINT('Origin',(-10.,60.,14.15));
#16181=CARTESIAN_POINT('',(-11.85,60.,14.5));
#16182=CARTESIAN_POINT('',(-11.5,60.,14.15));
#16183=CARTESIAN_POINT('Origin',(-10.,60.,14.5));
#16184=CARTESIAN_POINT('Origin',(10.25,60.,14.15));
#16185=CARTESIAN_POINT('',(10.25,58.5,14.15));
#16186=CARTESIAN_POINT('',(10.25,61.5,14.15));
#16187=CARTESIAN_POINT('Origin',(10.25,60.,14.15));
#16188=CARTESIAN_POINT('',(10.25,58.15,14.5));
#16189=CARTESIAN_POINT('',(10.25,58.5,14.15));
#16190=CARTESIAN_POINT('',(10.25,61.85,14.5));
#16191=CARTESIAN_POINT('Origin',(10.25,60.,14.5));
#16192=CARTESIAN_POINT('',(10.25,61.85,14.5));
#16193=CARTESIAN_POINT('Origin',(10.,60.,-14.15));
#16194=CARTESIAN_POINT('',(11.5,60.,-14.15));
#16195=CARTESIAN_POINT('Origin',(10.,60.,-14.15));
#16196=CARTESIAN_POINT('',(11.85,60.,-14.5));
#16197=CARTESIAN_POINT('',(11.5,60.,-14.15));
#16198=CARTESIAN_POINT('Origin',(10.,60.,-14.5));
#16199=CARTESIAN_POINT('Origin',(-10.25,60.,-14.15));
#16200=CARTESIAN_POINT('',(-10.25,58.5,-14.15));
#16201=CARTESIAN_POINT('',(-10.25,61.5,-14.15));
#16202=CARTESIAN_POINT('Origin',(-10.25,60.,-14.15));
#16203=CARTESIAN_POINT('',(-10.25,58.15,-14.5));
#16204=CARTESIAN_POINT('',(-10.25,58.15,-14.5));
#16205=CARTESIAN_POINT('',(-10.25,61.85,-14.5));
#16206=CARTESIAN_POINT('Origin',(-10.25,60.,-14.5));
#16207=CARTESIAN_POINT('',(-10.25,61.85,-14.5));
#16208=CARTESIAN_POINT('Origin',(-27.5,70.,-10.));
#16209=CARTESIAN_POINT('',(-27.225,70.,-11.25));
#16210=CARTESIAN_POINT('Origin',(-27.225,70.,-10.));
#16211=CARTESIAN_POINT('',(-27.5,70.,-11.525));
#16212=CARTESIAN_POINT('',(-27.5,70.,-11.525));
#16213=CARTESIAN_POINT('Origin',(-27.5,70.,-10.));
#16214=CARTESIAN_POINT('Origin',(-27.5,70.,-10.));
#16215=CARTESIAN_POINT('',(-22.5,70.,-11.25));
#16216=CARTESIAN_POINT('Origin',(-22.5,70.,-10.));
#16217=CARTESIAN_POINT('',(-27.5,70.,-11.25));
#16218=CARTESIAN_POINT('Origin',(-27.5,50.,-9.99999999999999));
#16219=CARTESIAN_POINT('',(-27.225,50.,-11.25));
#16220=CARTESIAN_POINT('Origin',(-27.225,50.,-9.99999999999999));
#16221=CARTESIAN_POINT('',(-27.5,50.,-11.525));
#16222=CARTESIAN_POINT('',(-27.5,50.,-11.525));
#16223=CARTESIAN_POINT('Origin',(-27.5,50.,-9.99999999999999));
#16224=CARTESIAN_POINT('Origin',(-27.5,50.,-9.99999999999999));
#16225=CARTESIAN_POINT('',(-22.5,50.,-11.25));
#16226=CARTESIAN_POINT('Origin',(-22.5,50.,-9.99999999999999));
#16227=CARTESIAN_POINT('',(-27.5,50.,-11.25));
#16228=CARTESIAN_POINT('Origin',(-27.5,50.,10.));
#16229=CARTESIAN_POINT('',(-27.225,50.,8.75000000000001));
#16230=CARTESIAN_POINT('Origin',(-27.225,50.,10.));
#16231=CARTESIAN_POINT('',(-27.5,50.,8.475));
#16232=CARTESIAN_POINT('',(-27.5,50.,8.475));
#16233=CARTESIAN_POINT('Origin',(-27.5,50.,10.));
#16234=CARTESIAN_POINT('Origin',(-27.5,50.,10.));
#16235=CARTESIAN_POINT('',(-22.5,50.,8.75));
#16236=CARTESIAN_POINT('Origin',(-22.5,50.,10.));
#16237=CARTESIAN_POINT('',(-27.5,50.,8.75));
#16238=CARTESIAN_POINT('Origin',(-27.5,70.,10.));
#16239=CARTESIAN_POINT('',(-27.225,70.,8.75000000000002));
#16240=CARTESIAN_POINT('Origin',(-27.225,70.,10.));
#16241=CARTESIAN_POINT('',(-27.5,70.,8.475));
#16242=CARTESIAN_POINT('',(-27.5,70.,8.475));
#16243=CARTESIAN_POINT('Origin',(-27.5,70.,10.));
#16244=CARTESIAN_POINT('Origin',(-27.5,70.,10.));
#16245=CARTESIAN_POINT('',(-22.5,70.,8.75000000000001));
#16246=CARTESIAN_POINT('Origin',(-22.5,70.,10.));
#16247=CARTESIAN_POINT('',(-27.5,70.,8.75000000000001));
#16248=CARTESIAN_POINT('Origin',(-10.25,60.,-11.3));
#16249=CARTESIAN_POINT('',(-10.25,58.5,-11.2996032045997));
#16250=CARTESIAN_POINT('',(-10.25,61.5,-11.2996032045997));
#16251=CARTESIAN_POINT('Origin',(-10.25,60.,-11.2996032045997));
#16252=CARTESIAN_POINT('',(-10.25,58.5,-11.3));
#16253=CARTESIAN_POINT('',(-10.25,61.5,-11.3));
#16254=CARTESIAN_POINT('Origin',(10.,60.,-11.3));
#16255=CARTESIAN_POINT('',(11.5,60.,-11.2996032045997));
#16256=CARTESIAN_POINT('Origin',(10.,60.,-11.2996032045997));
#16257=CARTESIAN_POINT('',(11.5,60.,-11.3));
#16258=CARTESIAN_POINT('Origin',(10.,70.,-14.5));
#16259=CARTESIAN_POINT('',(11.25,70.,-14.225));
#16260=CARTESIAN_POINT('Origin',(10.,70.,-14.225));
#16261=CARTESIAN_POINT('',(11.525,70.,-14.5));
#16262=CARTESIAN_POINT('',(11.525,70.,-14.5));
#16263=CARTESIAN_POINT('Origin',(10.,70.,-14.5));
#16264=CARTESIAN_POINT('Origin',(10.,70.,-14.5));
#16265=CARTESIAN_POINT('',(11.25,70.,-9.50000000000001));
#16266=CARTESIAN_POINT('Origin',(10.,70.,-9.50000000000001));
#16267=CARTESIAN_POINT('',(11.25,70.,-14.5));
#16268=CARTESIAN_POINT('Origin',(-9.99999999999999,70.,-14.5));
#16269=CARTESIAN_POINT('',(-8.75,70.,-14.225));
#16270=CARTESIAN_POINT('Origin',(-9.99999999999999,70.,-14.225));
#16271=CARTESIAN_POINT('',(-8.47499999999999,70.,-14.5));
#16272=CARTESIAN_POINT('',(-8.47499999999999,70.,-14.5));
#16273=CARTESIAN_POINT('Origin',(-9.99999999999999,70.,-14.5));
#16274=CARTESIAN_POINT('Origin',(-9.99999999999999,70.,-14.5));
#16275=CARTESIAN_POINT('',(-8.74999999999999,70.,-9.50000000000001));
#16276=CARTESIAN_POINT('Origin',(-9.99999999999999,70.,-9.50000000000001));
#16277=CARTESIAN_POINT('',(-8.74999999999999,70.,-14.5));
#16278=CARTESIAN_POINT('Origin',(-9.99999999999999,50.,-14.5));
#16279=CARTESIAN_POINT('',(-8.75,50.,-14.225));
#16280=CARTESIAN_POINT('Origin',(-9.99999999999999,50.,-14.225));
#16281=CARTESIAN_POINT('',(-8.47499999999999,50.,-14.5));
#16282=CARTESIAN_POINT('',(-8.47499999999999,50.,-14.5));
#16283=CARTESIAN_POINT('Origin',(-9.99999999999999,50.,-14.5));
#16284=CARTESIAN_POINT('Origin',(-9.99999999999999,50.,-14.5));
#16285=CARTESIAN_POINT('',(-8.74999999999999,50.,-9.50000000000001));
#16286=CARTESIAN_POINT('Origin',(-9.99999999999999,50.,-9.50000000000001));
#16287=CARTESIAN_POINT('',(-8.74999999999999,50.,-14.5));
#16288=CARTESIAN_POINT('Origin',(10.,50.,-14.5));
#16289=CARTESIAN_POINT('',(11.25,50.,-14.225));
#16290=CARTESIAN_POINT('Origin',(10.,50.,-14.225));
#16291=CARTESIAN_POINT('',(11.525,50.,-14.5));
#16292=CARTESIAN_POINT('',(11.525,50.,-14.5));
#16293=CARTESIAN_POINT('Origin',(10.,50.,-14.5));
#16294=CARTESIAN_POINT('Origin',(10.,50.,-14.5));
#16295=CARTESIAN_POINT('',(11.25,50.,-9.50000000000001));
#16296=CARTESIAN_POINT('Origin',(10.,50.,-9.50000000000001));
#16297=CARTESIAN_POINT('',(11.25,50.,-14.5));
#16298=CARTESIAN_POINT('Origin',(10.25,60.,11.3));
#16299=CARTESIAN_POINT('',(10.25,58.5,11.2996032045997));
#16300=CARTESIAN_POINT('',(10.25,61.5,11.2996032045997));
#16301=CARTESIAN_POINT('Origin',(10.25,60.,11.2996032045997));
#16302=CARTESIAN_POINT('',(10.25,58.5,11.3));
#16303=CARTESIAN_POINT('',(10.25,61.5,11.3));
#16304=CARTESIAN_POINT('Origin',(-10.,60.,11.3));
#16305=CARTESIAN_POINT('',(-11.5,60.,11.2996032045997));
#16306=CARTESIAN_POINT('Origin',(-10.,60.,11.2996032045997));
#16307=CARTESIAN_POINT('',(-11.5,60.,11.3));
#16308=CARTESIAN_POINT('Origin',(-10.,70.,14.5));
#16309=CARTESIAN_POINT('',(-11.25,70.,14.225));
#16310=CARTESIAN_POINT('Origin',(-10.,70.,14.225));
#16311=CARTESIAN_POINT('',(-11.525,70.,14.5));
#16312=CARTESIAN_POINT('',(-11.525,70.,14.5));
#16313=CARTESIAN_POINT('Origin',(-10.,70.,14.5));
#16314=CARTESIAN_POINT('Origin',(-10.,70.,14.5));
#16315=CARTESIAN_POINT('',(-11.25,70.,9.5));
#16316=CARTESIAN_POINT('Origin',(-10.,70.,9.5));
#16317=CARTESIAN_POINT('',(-11.25,70.,14.5));
#16318=CARTESIAN_POINT('Origin',(-9.99999999999998,50.,14.5));
#16319=CARTESIAN_POINT('',(-11.25,50.,14.225));
#16320=CARTESIAN_POINT('Origin',(-9.99999999999998,50.,14.225));
#16321=CARTESIAN_POINT('',(-11.525,50.,14.5));
#16322=CARTESIAN_POINT('',(-11.525,50.,14.5));
#16323=CARTESIAN_POINT('Origin',(-9.99999999999998,50.,14.5));
#16324=CARTESIAN_POINT('Origin',(-9.99999999999998,50.,14.5));
#16325=CARTESIAN_POINT('',(-11.25,50.,9.5));
#16326=CARTESIAN_POINT('Origin',(-9.99999999999998,50.,9.5));
#16327=CARTESIAN_POINT('',(-11.25,50.,14.5));
#16328=CARTESIAN_POINT('Origin',(9.99999999999999,50.,14.5));
#16329=CARTESIAN_POINT('',(8.75,50.,14.225));
#16330=CARTESIAN_POINT('Origin',(9.99999999999999,50.,14.225));
#16331=CARTESIAN_POINT('',(8.47499999999999,50.,14.5));
#16332=CARTESIAN_POINT('',(8.47499999999999,50.,14.5));
#16333=CARTESIAN_POINT('Origin',(9.99999999999999,50.,14.5));
#16334=CARTESIAN_POINT('Origin',(9.99999999999999,50.,14.5));
#16335=CARTESIAN_POINT('',(8.75,50.,9.5));
#16336=CARTESIAN_POINT('Origin',(9.99999999999999,50.,9.5));
#16337=CARTESIAN_POINT('',(8.75,50.,14.5));
#16338=CARTESIAN_POINT('Origin',(10.,70.,14.5));
#16339=CARTESIAN_POINT('',(8.75000000000002,70.,14.225));
#16340=CARTESIAN_POINT('Origin',(10.,70.,14.225));
#16341=CARTESIAN_POINT('',(8.475,70.,14.5));
#16342=CARTESIAN_POINT('',(8.475,70.,14.5));
#16343=CARTESIAN_POINT('Origin',(10.,70.,14.5));
#16344=CARTESIAN_POINT('Origin',(10.,70.,14.5));
#16345=CARTESIAN_POINT('',(8.75000000000001,70.,9.5));
#16346=CARTESIAN_POINT('Origin',(10.,70.,9.5));
#16347=CARTESIAN_POINT('',(8.75000000000001,70.,14.5));
#16348=CARTESIAN_POINT('Origin',(0.,-38.9486841883009,0.));
#16349=CARTESIAN_POINT('',(7.93103448275862,0.099999999999982,8.32758620689655));
#16350=CARTESIAN_POINT('',(-7.93103448275862,0.099999999999982,8.32758620689655));
#16351=CARTESIAN_POINT('Origin',(0.,0.099999999999982,0.));
#16352=CARTESIAN_POINT('',(-7.93103448275862,1.7,8.32758620689655));
#16353=CARTESIAN_POINT('',(-7.93103448275862,-38.9486841883009,8.32758620689655));
#16354=CARTESIAN_POINT('',(7.93103448275862,1.7,8.32758620689655));
#16355=CARTESIAN_POINT('Origin',(0.,1.7,0.));
#16356=CARTESIAN_POINT('',(7.93103448275862,-38.9486841883009,8.32758620689655));
#16357=CARTESIAN_POINT('Origin',(27.3,-6.77927340424307E-31,-4.99999999999999));
#16358=CARTESIAN_POINT('',(27.5,1.7,-5.));
#16359=CARTESIAN_POINT('',(27.5,0.100000000000041,-4.99999999999999));
#16360=CARTESIAN_POINT('',(27.5,-6.77927340424307E-31,-4.99999999999999));
#16361=CARTESIAN_POINT('',(27.05,1.7,-5.));
#16362=CARTESIAN_POINT('',(48.354016399725,1.7,-5.));
#16363=CARTESIAN_POINT('',(27.05,0.100000000000041,-4.99999999999999));
#16364=CARTESIAN_POINT('',(27.05,0.0999999999999838,-4.99999999999999));
#16365=CARTESIAN_POINT('',(27.5,0.100000000000041,-4.99999999999999));
#16366=CARTESIAN_POINT('Origin',(27.3,-6.77927340424307E-31,5.00000000000001));
#16367=CARTESIAN_POINT('',(27.05,0.099999999999989,5.00000000000001));
#16368=CARTESIAN_POINT('',(27.05,1.7,5.));
#16369=CARTESIAN_POINT('',(27.05,1.7,5.00000000000001));
#16370=CARTESIAN_POINT('',(27.5,1.7,5.));
#16371=CARTESIAN_POINT('',(48.354016399725,1.7,5.));
#16372=CARTESIAN_POINT('',(27.5,0.099999999999989,5.00000000000001));
#16373=CARTESIAN_POINT('',(27.5,-6.77927340424307E-31,5.00000000000001));
#16374=CARTESIAN_POINT('',(27.05,0.099999999999989,5.00000000000001));
#16375=CARTESIAN_POINT('Origin',(25.25,109.2,12.));
#16376=CARTESIAN_POINT('',(26.8767352594323,109.5,12.770540327121));
#16377=CARTESIAN_POINT('',(26.8767352594323,109.5,11.229459672879));
#16378=CARTESIAN_POINT('Ctrl Pts',(26.8767352594323,109.500000000001,12.7705403271235));
#16379=CARTESIAN_POINT('Ctrl Pts',(26.8767352594323,109.170148669044,12.));
#16380=CARTESIAN_POINT('Ctrl Pts',(26.8767352594323,109.500000000001,11.2294596728765));
#16381=CARTESIAN_POINT('Origin',(25.25,109.5,12.));
#16382=CARTESIAN_POINT('Origin',(-27.5,72.,-14.5));
#16383=CARTESIAN_POINT('',(-27.5,0.,-13.5));
#16384=CARTESIAN_POINT('',(-27.5,0.,-4.99999999999999));
#16385=CARTESIAN_POINT('',(-27.5,0.,-14.5));
#16386=CARTESIAN_POINT('',(-27.5,109.5,-5.00000000000001));
#16387=CARTESIAN_POINT('',(-27.5,109.5,-5.00000000000001));
#16388=CARTESIAN_POINT('',(-27.5,109.5,-13.5));
#16389=CARTESIAN_POINT('',(-27.5,109.5,-14.5));
#16390=CARTESIAN_POINT('',(-27.5,72.,-13.5));
#16391=CARTESIAN_POINT('',(-27.5,61.85,-10.25));
#16392=CARTESIAN_POINT('',(-27.5,61.85,-9.75));
#16393=CARTESIAN_POINT('',(-27.5,58.15,-10.25));
#16394=CARTESIAN_POINT('',(-27.5,58.15,-10.25));
#16395=CARTESIAN_POINT('Origin',(-27.5,60.,-10.25));
#16396=CARTESIAN_POINT('Origin',(26.3,1.7,13.3));
#16397=CARTESIAN_POINT('',(26.3,1.7,5.75000000000001));
#16398=CARTESIAN_POINT('',(26.3,1.7,11.3));
#16399=CARTESIAN_POINT('',(26.3,1.7,13.3));
#16400=CARTESIAN_POINT('',(26.3,0.0999999999999838,5.75000000000001));
#16401=CARTESIAN_POINT('',(26.3,0.0999999999999838,5.75000000000001));
#16402=CARTESIAN_POINT('',(26.3,0.0999999999999838,11.3));
#16403=CARTESIAN_POINT('',(26.3,0.0999999999999838,13.3));
#16404=CARTESIAN_POINT('',(26.3,1.7,11.3));
#16405=CARTESIAN_POINT('Origin',(26.3,0.0999999999999838,13.3));
#16406=CARTESIAN_POINT('',(26.4,0.,5.75000000000001));
#16407=CARTESIAN_POINT('',(26.725,-0.32500000000001,5.75000000000001));
#16408=CARTESIAN_POINT('',(26.4,0.,11.3));
#16409=CARTESIAN_POINT('',(26.4,0.,3.44336088464569E-15));
#16410=CARTESIAN_POINT('',(26.3,0.0999999999999838,11.3));
#16411=CARTESIAN_POINT('Origin',(-27.5,72.,-14.5));
#16412=CARTESIAN_POINT('',(-27.5,109.5,4.99999999999999));
#16413=CARTESIAN_POINT('',(-27.5,109.5,13.5));
#16414=CARTESIAN_POINT('',(-27.5,109.5,-14.5));
#16415=CARTESIAN_POINT('',(-27.5,0.,5.00000000000001));
#16416=CARTESIAN_POINT('',(-27.5,109.5,4.99999999999999));
#16417=CARTESIAN_POINT('',(-27.5,0.,13.5));
#16418=CARTESIAN_POINT('',(-27.5,0.,-14.5));
#16419=CARTESIAN_POINT('',(-27.5,72.,13.5));
#16420=CARTESIAN_POINT('Origin',(0.,0.,0.));
#16421=CARTESIAN_POINT('',(27.05,0.,5.1));
#16422=CARTESIAN_POINT('Origin',(27.05,0.,5.75000000000001));
#16423=CARTESIAN_POINT('',(27.5,0.,5.1));
#16424=CARTESIAN_POINT('',(27.5,0.,5.1));
#16425=CARTESIAN_POINT('',(27.5,0.,13.5));
#16426=CARTESIAN_POINT('',(27.5,0.,-14.5));
#16427=CARTESIAN_POINT('',(26.7,0.,14.3));
#16428=CARTESIAN_POINT('',(27.5,0.,13.5));
#16429=CARTESIAN_POINT('',(18.,0.,14.3));
#16430=CARTESIAN_POINT('',(0.,0.,14.3));
#16431=CARTESIAN_POINT('',(17.8,0.,14.5));
#16432=CARTESIAN_POINT('',(18.,0.,14.3));
#16433=CARTESIAN_POINT('',(5.44999999999998,0.,14.5));
#16434=CARTESIAN_POINT('',(-27.5,0.,14.5));
#16435=CARTESIAN_POINT('',(5.25,0.,14.3));
#16436=CARTESIAN_POINT('',(5.44999999999999,0.,14.5));
#16437=CARTESIAN_POINT('',(-5.25000000000001,0.,14.3));
#16438=CARTESIAN_POINT('',(0.,0.,14.3));
#16439=CARTESIAN_POINT('',(-5.45,0.,14.5));
#16440=CARTESIAN_POINT('',(-5.25000000000001,0.,14.3));
#16441=CARTESIAN_POINT('',(-17.8,0.,14.5));
#16442=CARTESIAN_POINT('',(-27.5,0.,14.5));
#16443=CARTESIAN_POINT('',(-18.,0.,14.3));
#16444=CARTESIAN_POINT('',(-17.8,0.,14.5));
#16445=CARTESIAN_POINT('',(-26.7,0.,14.3));
#16446=CARTESIAN_POINT('',(0.,0.,14.3));
#16447=CARTESIAN_POINT('',(-26.5,0.,14.5));
#16448=CARTESIAN_POINT('',(-27.3,0.,5.00000000000001));
#16449=CARTESIAN_POINT('',(-27.3,0.,5.00000000000001));
#16450=CARTESIAN_POINT('',(-27.3,0.,-4.99999999999999));
#16451=CARTESIAN_POINT('',(-27.3,0.,-4.99999999999999));
#16452=CARTESIAN_POINT('',(-27.3,0.,-4.99999999999999));
#16453=CARTESIAN_POINT('',(-26.7,0.,-14.3));
#16454=CARTESIAN_POINT('',(-27.5,0.,-13.5));
#16455=CARTESIAN_POINT('',(-18.,0.,-14.3));
#16456=CARTESIAN_POINT('',(0.,0.,-14.3));
#16457=CARTESIAN_POINT('',(-17.8,0.,-14.5));
#16458=CARTESIAN_POINT('',(-18.,0.,-14.3));
#16459=CARTESIAN_POINT('',(-5.45000000000001,0.,-14.5));
#16460=CARTESIAN_POINT('',(-27.5,0.,-14.5));
#16461=CARTESIAN_POINT('',(-5.25000000000001,0.,-14.3));
#16462=CARTESIAN_POINT('',(-5.45,0.,-14.5));
#16463=CARTESIAN_POINT('',(5.25,0.,-14.3));
#16464=CARTESIAN_POINT('',(0.,0.,-14.3));
#16465=CARTESIAN_POINT('',(5.44999999999997,0.,-14.5));
#16466=CARTESIAN_POINT('',(5.24999999999999,0.,-14.3));
#16467=CARTESIAN_POINT('',(17.8,0.,-14.5));
#16468=CARTESIAN_POINT('',(-27.5,0.,-14.5));
#16469=CARTESIAN_POINT('',(18.,0.,-14.3));
#16470=CARTESIAN_POINT('',(17.8,0.,-14.5));
#16471=CARTESIAN_POINT('',(26.7,0.,-14.3));
#16472=CARTESIAN_POINT('',(0.,0.,-14.3));
#16473=CARTESIAN_POINT('',(27.5,0.,-13.5));
#16474=CARTESIAN_POINT('',(26.5,0.,-14.5));
#16475=CARTESIAN_POINT('',(27.5,0.,-5.10000000000003));
#16476=CARTESIAN_POINT('',(27.5,0.,-14.5));
#16477=CARTESIAN_POINT('',(27.05,0.,-5.10000000000003));
#16478=CARTESIAN_POINT('',(27.05,0.,-5.10000000000003));
#16479=CARTESIAN_POINT('',(26.4,0.,-5.74999999999999));
#16480=CARTESIAN_POINT('Origin',(27.05,0.,-5.74999999999999));
#16481=CARTESIAN_POINT('',(26.4,0.,-11.3));
#16482=CARTESIAN_POINT('',(26.4,0.,3.44336088464569E-15));
#16483=CARTESIAN_POINT('',(24.3,0.,-13.4));
#16484=CARTESIAN_POINT('Origin',(24.3,0.,-11.3));
#16485=CARTESIAN_POINT('',(15.0195052886016,0.,-13.4));
#16486=CARTESIAN_POINT('',(1.53545298141305E-15,0.,-13.4));
#16487=CARTESIAN_POINT('',(12.9465595584871,0.,-10.964));
#16488=CARTESIAN_POINT('Origin',(15.0195052886016,0.,-11.3));
#16489=CARTESIAN_POINT('',(10.0839202169004,0.,-7.59999999999999));
#16490=CARTESIAN_POINT('Origin',(10.0839202169004,0.,-10.5));
#16491=CARTESIAN_POINT('',(10.,0.,-7.59999999999999));
#16492=CARTESIAN_POINT('',(10.,0.,-7.59999999999999));
#16493=CARTESIAN_POINT('Origin',(10.,0.,-10.5));
#16494=CARTESIAN_POINT('',(-9.99999999999999,0.,-7.59999999999999));
#16495=CARTESIAN_POINT('Origin',(-9.99999999999999,0.,-10.5));
#16496=CARTESIAN_POINT('',(-10.0839202169004,0.,-7.59999999999999));
#16497=CARTESIAN_POINT('',(-10.0839202169004,0.,-7.59999999999999));
#16498=CARTESIAN_POINT('',(-12.9465595584871,0.,-10.964));
#16499=CARTESIAN_POINT('Origin',(-10.0839202169004,0.,-10.5));
#16500=CARTESIAN_POINT('',(-15.0195052886016,0.,-13.4));
#16501=CARTESIAN_POINT('Origin',(-15.0195052886016,0.,-11.3));
#16502=CARTESIAN_POINT('',(-24.3,0.,-13.4));
#16503=CARTESIAN_POINT('',(-1.53545298141305E-15,0.,-13.4));
#16504=CARTESIAN_POINT('',(-26.4,0.,-11.3));
#16505=CARTESIAN_POINT('Origin',(-24.3,0.,-11.3));
#16506=CARTESIAN_POINT('',(-26.4,1.42301535138722E-16,-5.));
#16507=CARTESIAN_POINT('',(-26.4,0.,-3.44336088464569E-15));
#16508=CARTESIAN_POINT('',(-26.4,3.04931861011548E-16,5.));
#16509=CARTESIAN_POINT('',(-26.4,0.,-3.44336088464569E-15));
#16510=CARTESIAN_POINT('',(-26.4,0.,11.3));
#16511=CARTESIAN_POINT('',(-26.4,0.,-3.44336088464569E-15));
#16512=CARTESIAN_POINT('',(-24.3,0.,13.4));
#16513=CARTESIAN_POINT('Origin',(-24.3,0.,11.3));
#16514=CARTESIAN_POINT('',(-15.0195052886016,0.,13.4));
#16515=CARTESIAN_POINT('',(0.,0.,13.4));
#16516=CARTESIAN_POINT('',(-12.9465595584871,0.,10.964));
#16517=CARTESIAN_POINT('Origin',(-15.0195052886016,0.,11.3));
#16518=CARTESIAN_POINT('',(-10.0839202169004,0.,7.59999999999998));
#16519=CARTESIAN_POINT('Origin',(-10.0839202169004,0.,10.5));
#16520=CARTESIAN_POINT('',(-10.,0.,7.59999999999998));
#16521=CARTESIAN_POINT('',(-10.,0.,7.59999999999998));
#16522=CARTESIAN_POINT('',(-7.99999999999999,0.,8.39999999999999));
#16523=CARTESIAN_POINT('Origin',(-10.,0.,10.5));
#16524=CARTESIAN_POINT('',(7.99999999999999,0.,8.39999999999999));
#16525=CARTESIAN_POINT('Origin',(0.,0.,0.));
#16526=CARTESIAN_POINT('',(10.,0.,7.59999999999998));
#16527=CARTESIAN_POINT('Origin',(10.,0.,10.5));
#16528=CARTESIAN_POINT('',(10.0839202169004,0.,7.59999999999998));
#16529=CARTESIAN_POINT('',(10.0839202169004,0.,7.59999999999998));
#16530=CARTESIAN_POINT('',(12.9465595584871,0.,10.964));
#16531=CARTESIAN_POINT('Origin',(10.0839202169004,0.,10.5));
#16532=CARTESIAN_POINT('',(15.0195052886016,0.,13.4));
#16533=CARTESIAN_POINT('Origin',(15.0195052886016,0.,11.3));
#16534=CARTESIAN_POINT('',(24.3,0.,13.4));
#16535=CARTESIAN_POINT('',(0.,0.,13.4));
#16536=CARTESIAN_POINT('Origin',(24.3,0.,11.3));
#16537=CARTESIAN_POINT('',(6.75,0.,10.25));
#16538=CARTESIAN_POINT('',(6.25,0.,10.25));
#16539=CARTESIAN_POINT('',(6.25,0.,10.25));
#16540=CARTESIAN_POINT('',(6.24999999999999,0.,13.75));
#16541=CARTESIAN_POINT('Origin',(6.25,0.,12.));
#16542=CARTESIAN_POINT('',(6.74999999999999,0.,13.75));
#16543=CARTESIAN_POINT('',(0.,0.,13.75));
#16544=CARTESIAN_POINT('Origin',(6.75,0.,12.));
#16545=CARTESIAN_POINT('Origin',(-26.3,0.0999999999999838,13.3));
#16546=CARTESIAN_POINT('',(-26.3,0.0999999999999883,-5.));
#16547=CARTESIAN_POINT('',(10.4505,36.8505,-5.));
#16548=CARTESIAN_POINT('',(-26.3,0.0999999999999838,-11.3));
#16549=CARTESIAN_POINT('',(-26.4,0.,-11.3));
#16550=CARTESIAN_POINT('',(-26.3,0.0999999999999838,13.3));
#16551=CARTESIAN_POINT('Origin',(0.,-38.9486841883009,0.));
#16552=CARTESIAN_POINT('',(7.93103448275862,1.7,-8.32758620689656));
#16553=CARTESIAN_POINT('',(7.93103448275862,-38.9486841883009,-8.32758620689656));
#16554=CARTESIAN_POINT('',(-7.93103448275862,1.7,-8.32758620689656));
#16555=CARTESIAN_POINT('Origin',(0.,1.7,0.));
#16556=CARTESIAN_POINT('',(-7.93103448275862,-38.9486841883009,-8.32758620689656));
#16557=CARTESIAN_POINT('Origin',(13.,31.4764045897475,7.5));
#16558=CARTESIAN_POINT('',(10.0839202169004,1.7,7.5));
#16559=CARTESIAN_POINT('',(10.,1.69999999999999,7.5));
#16560=CARTESIAN_POINT('',(13.,1.7,7.5));
#16561=CARTESIAN_POINT('',(10.0839202169004,0.0999999999999821,7.5));
#16562=CARTESIAN_POINT('',(10.0839202169004,0.,7.5));
#16563=CARTESIAN_POINT('',(10.,0.099999999999982,7.5));
#16564=CARTESIAN_POINT('',(10.,0.0999999999999821,7.5));
#16565=CARTESIAN_POINT('',(10.,104.868995936621,7.5));
#16566=CARTESIAN_POINT('Origin',(13.,31.4764045897475,-7.5));
#16567=CARTESIAN_POINT('',(-10.0839202169004,1.7,-7.50000000000001));
#16568=CARTESIAN_POINT('',(-9.99999999999999,1.69999999999999,-7.50000000000001));
#16569=CARTESIAN_POINT('',(13.,1.7,-7.5));
#16570=CARTESIAN_POINT('',(-10.0839202169004,0.099999999999982,-7.50000000000001));
#16571=CARTESIAN_POINT('',(-10.0839202169004,0.,-7.50000000000001));
#16572=CARTESIAN_POINT('',(-9.99999999999999,0.099999999999982,-7.50000000000001));
#16573=CARTESIAN_POINT('',(-9.99999999999999,0.0999999999999821,-7.50000000000001));
#16574=CARTESIAN_POINT('',(-9.99999999999999,104.868995936621,-7.50000000000001));
#16575=CARTESIAN_POINT('Origin',(10.0839202169004,-38.9486841883009,-10.5));
#16576=CARTESIAN_POINT('',(10.0839202169004,1.69999999999999,-7.5));
#16577=CARTESIAN_POINT('',(13.0452712599211,1.7,-10.98));
#16578=CARTESIAN_POINT('Origin',(10.0839202169004,1.7,-10.5));
#16579=CARTESIAN_POINT('',(10.0839202169004,0.099999999999982,-7.5));
#16580=CARTESIAN_POINT('',(10.0839202169004,5.,-7.5));
#16581=CARTESIAN_POINT('',(13.0452712599211,0.099999999999982,-10.98));
#16582=CARTESIAN_POINT('Origin',(10.0839202169004,0.099999999999982,-10.5));
#16583=CARTESIAN_POINT('',(13.0452712599211,1.7,-10.98));
#16584=CARTESIAN_POINT('Origin',(-10.0839202169004,-38.9486841883009,-10.5));
#16585=CARTESIAN_POINT('',(-13.0452712599211,1.7,-10.98));
#16586=CARTESIAN_POINT('Origin',(-10.0839202169004,1.7,-10.5));
#16587=CARTESIAN_POINT('',(-13.0452712599211,0.0999999999999838,-10.98));
#16588=CARTESIAN_POINT('',(-13.0452712599211,1.7,-10.98));
#16589=CARTESIAN_POINT('Origin',(-10.0839202169004,0.099999999999982,-10.5));
#16590=CARTESIAN_POINT('Origin',(10.0839202169004,-38.9486841883009,10.5));
#16591=CARTESIAN_POINT('',(13.0452712599211,1.7,10.98));
#16592=CARTESIAN_POINT('Origin',(10.0839202169004,1.7,10.5));
#16593=CARTESIAN_POINT('',(13.0452712599211,0.099999999999982,10.98));
#16594=CARTESIAN_POINT('',(13.0452712599211,1.7,10.98));
#16595=CARTESIAN_POINT('Origin',(10.0839202169004,0.099999999999982,10.5));
#16596=CARTESIAN_POINT('Origin',(-10.0839202169004,-38.9486841883009,10.5));
#16597=CARTESIAN_POINT('',(-10.0839202169004,1.69999999999999,7.5));
#16598=CARTESIAN_POINT('',(-13.0452712599211,1.7,10.98));
#16599=CARTESIAN_POINT('Origin',(-10.0839202169004,1.7,10.5));
#16600=CARTESIAN_POINT('',(-10.0839202169004,0.099999999999982,7.5));
#16601=CARTESIAN_POINT('',(-10.0839202169004,5.,7.5));
#16602=CARTESIAN_POINT('',(-13.0452712599211,0.0999999999999838,10.98));
#16603=CARTESIAN_POINT('Origin',(-10.0839202169004,0.099999999999982,10.5));
#16604=CARTESIAN_POINT('',(-13.0452712599211,1.7,10.98));
#16605=CARTESIAN_POINT('Origin',(0.,109.5,0.));
#16606=CARTESIAN_POINT('',(-27.3,109.5,-5.00000000000001));
#16607=CARTESIAN_POINT('',(-27.3,109.5,-5.00000000000001));
#16608=CARTESIAN_POINT('',(-27.3,109.5,5.00000000000001));
#16609=CARTESIAN_POINT('',(-27.3,109.5,-5.00000000000001));
#16610=CARTESIAN_POINT('',(-27.3,109.5,4.99999999999999));
#16611=CARTESIAN_POINT('',(-26.7,109.5,14.3));
#16612=CARTESIAN_POINT('',(-20.5000000000002,109.5,20.4999999999999));
#16613=CARTESIAN_POINT('',(-18.,109.5,14.3));
#16614=CARTESIAN_POINT('',(0.,109.5,14.3));
#16615=CARTESIAN_POINT('',(-17.8,109.5,14.5));
#16616=CARTESIAN_POINT('',(-16.15,109.5,16.15));
#16617=CARTESIAN_POINT('',(-5.44999999999997,109.5,14.5));
#16618=CARTESIAN_POINT('',(-27.5,109.5,14.5));
#16619=CARTESIAN_POINT('',(-5.24999999999999,109.5,14.3));
#16620=CARTESIAN_POINT('',(4.52499999999981,109.5,4.52499999999949));
#16621=CARTESIAN_POINT('',(5.25000000000002,109.5,14.3));
#16622=CARTESIAN_POINT('',(0.,109.5,14.3));
#16623=CARTESIAN_POINT('',(5.45,109.5,14.5));
#16624=CARTESIAN_POINT('',(-4.52499999999994,109.5,4.52499999999983));
#16625=CARTESIAN_POINT('',(17.8,109.5,14.5));
#16626=CARTESIAN_POINT('',(-27.5,109.5,14.5));
#16627=CARTESIAN_POINT('',(18.,109.5,14.3));
#16628=CARTESIAN_POINT('',(16.1500000000006,109.5,16.1499999999995));
#16629=CARTESIAN_POINT('',(26.7,109.5,14.3));
#16630=CARTESIAN_POINT('',(0.,109.5,14.3));
#16631=CARTESIAN_POINT('',(27.5,109.5,13.5));
#16632=CARTESIAN_POINT('',(20.4999999999999,109.5,20.5));
#16633=CARTESIAN_POINT('',(27.5,109.5,-13.5));
#16634=CARTESIAN_POINT('',(27.5,109.5,-14.5));
#16635=CARTESIAN_POINT('',(26.7,109.5,-14.3));
#16636=CARTESIAN_POINT('',(20.5000000000002,109.5,-20.4999999999999));
#16637=CARTESIAN_POINT('',(18.,109.5,-14.3));
#16638=CARTESIAN_POINT('',(0.,109.5,-14.3));
#16639=CARTESIAN_POINT('',(17.8,109.5,-14.5));
#16640=CARTESIAN_POINT('',(16.1500000000001,109.5,-16.1499999999999));
#16641=CARTESIAN_POINT('',(5.44999999999999,109.5,-14.5));
#16642=CARTESIAN_POINT('',(-27.5,109.5,-14.5));
#16643=CARTESIAN_POINT('',(5.25000000000001,109.5,-14.3));
#16644=CARTESIAN_POINT('',(-4.5249999999998,109.5,-4.52499999999946));
#16645=CARTESIAN_POINT('',(-5.24999999999998,109.5,-14.3));
#16646=CARTESIAN_POINT('',(0.,109.5,-14.3));
#16647=CARTESIAN_POINT('',(-5.44999999999999,109.5,-14.5));
#16648=CARTESIAN_POINT('',(4.52499999999993,109.5,-4.5249999999998));
#16649=CARTESIAN_POINT('',(-17.8,109.5,-14.5));
#16650=CARTESIAN_POINT('',(-27.5,109.5,-14.5));
#16651=CARTESIAN_POINT('',(-18.,109.5,-14.3));
#16652=CARTESIAN_POINT('',(-16.1500000000007,109.5,-16.1499999999995));
#16653=CARTESIAN_POINT('',(-26.7,109.5,-14.3));
#16654=CARTESIAN_POINT('',(0.,109.5,-14.3));
#16655=CARTESIAN_POINT('',(-20.5,109.5,-20.5));
#16656=CARTESIAN_POINT('',(26.8767352594323,109.5,13.8536032045997));
#16657=CARTESIAN_POINT('Origin',(27.5,72.,-14.5));
#16658=CARTESIAN_POINT('',(27.5,1.7,5.00000000000001));
#16659=CARTESIAN_POINT('',(27.5,0.100000000000041,-4.99999999999999));
#16660=CARTESIAN_POINT('',(27.5,72.,-13.5));
#16661=CARTESIAN_POINT('',(27.5,72.,13.5));
#16662=CARTESIAN_POINT('',(27.5,1.38179697569187E-15,5.1));
#16663=CARTESIAN_POINT('Origin',(-27.5,72.,14.5));
#16664=CARTESIAN_POINT('',(-17.8,-6.93889390390644E-17,14.5));
#16665=CARTESIAN_POINT('',(-5.44999999999998,72.,14.5));
#16666=CARTESIAN_POINT('Origin',(-26.5,72.,14.5));
#16667=CARTESIAN_POINT('',(-26.7,72.,14.3));
#16668=CARTESIAN_POINT('Origin',(27.5,72.,13.5));
#16669=CARTESIAN_POINT('',(26.7,72.,14.3));
#16670=CARTESIAN_POINT('Origin',(-27.5,72.,14.5));
#16671=CARTESIAN_POINT('',(17.8,72.,14.5));
#16672=CARTESIAN_POINT('',(5.44999999999998,-4.4408920985004E-17,14.5));
#16673=CARTESIAN_POINT('',(9.74999999999999,61.85,14.5));
#16674=CARTESIAN_POINT('',(-27.5,61.85,14.5));
#16675=CARTESIAN_POINT('',(9.74999999999999,58.15,14.5));
#16676=CARTESIAN_POINT('',(-27.5,58.15,14.5));
#16677=CARTESIAN_POINT('Origin',(9.74999999999999,60.,14.5));
#16678=CARTESIAN_POINT('Origin',(-27.5,72.,-14.5));
#16679=CARTESIAN_POINT('',(5.44999999999999,72.,-14.5));
#16680=CARTESIAN_POINT('',(17.8,0.,-14.5));
#16681=CARTESIAN_POINT('Origin',(-27.5,72.,-13.5));
#16682=CARTESIAN_POINT('',(-26.7,72.,-14.3));
#16683=CARTESIAN_POINT('Origin',(26.5,72.,-14.5));
#16684=CARTESIAN_POINT('',(26.7,72.,-14.3));
#16685=CARTESIAN_POINT('Origin',(-27.5,72.,-14.5));
#16686=CARTESIAN_POINT('',(-5.45000000000001,4.44089209850063E-17,-14.5));
#16687=CARTESIAN_POINT('',(-17.8,72.,-14.5));
#16688=CARTESIAN_POINT('',(-9.74999999999999,58.15,-14.5));
#16689=CARTESIAN_POINT('',(-27.5,58.15,-14.5));
#16690=CARTESIAN_POINT('',(-9.74999999999999,61.85,-14.5));
#16691=CARTESIAN_POINT('Origin',(-9.74999999999999,60.,-14.5));
#16692=CARTESIAN_POINT('',(-27.5,61.85,-14.5));
#16693=CARTESIAN_POINT('Origin',(9.74999999999999,60.,11.3));
#16694=CARTESIAN_POINT('',(9.74999999999999,58.5,11.2996032045997));
#16695=CARTESIAN_POINT('',(9.74999999999999,58.5,14.15));
#16696=CARTESIAN_POINT('',(9.74999999999999,58.5,11.3));
#16697=CARTESIAN_POINT('',(9.74999999999999,61.5,11.2996032045997));
#16698=CARTESIAN_POINT('Origin',(9.74999999999999,60.,11.2996032045997));
#16699=CARTESIAN_POINT('',(9.74999999999999,61.5,14.15));
#16700=CARTESIAN_POINT('',(9.74999999999999,61.5,11.3));
#16701=CARTESIAN_POINT('Origin',(9.74999999999999,60.,14.15));
#16702=CARTESIAN_POINT('Origin',(9.74999999999999,61.5,11.3));
#16703=CARTESIAN_POINT('',(10.25,61.5,11.2996032045997));
#16704=CARTESIAN_POINT('',(9.74999999999999,61.5,14.15));
#16705=CARTESIAN_POINT('Origin',(9.74999999999999,58.5,11.3));
#16706=CARTESIAN_POINT('',(9.74999999999999,58.5,11.2996032045997));
#16707=CARTESIAN_POINT('',(9.74999999999999,58.5,14.15));
#16708=CARTESIAN_POINT('Origin',(-9.74999999999999,60.,-11.3));
#16709=CARTESIAN_POINT('',(-9.74999999999999,58.5,-11.2996032045997));
#16710=CARTESIAN_POINT('',(-9.74999999999999,58.5,-14.15));
#16711=CARTESIAN_POINT('',(-9.74999999999999,58.5,-11.3));
#16712=CARTESIAN_POINT('',(-9.74999999999999,61.5,-11.2996032045997));
#16713=CARTESIAN_POINT('Origin',(-9.74999999999999,60.,-11.2996032045997));
#16714=CARTESIAN_POINT('',(-9.74999999999999,61.5,-14.15));
#16715=CARTESIAN_POINT('',(-9.74999999999999,61.5,-11.3));
#16716=CARTESIAN_POINT('Origin',(-9.74999999999999,60.,-14.15));
#16717=CARTESIAN_POINT('Origin',(-9.74999999999999,61.5,-11.3));
#16718=CARTESIAN_POINT('',(-10.25,61.5,-11.2996032045997));
#16719=CARTESIAN_POINT('',(-9.74999999999999,61.5,-14.15));
#16720=CARTESIAN_POINT('Origin',(-9.74999999999999,58.5,-11.3));
#16721=CARTESIAN_POINT('',(-9.74999999999999,58.5,-11.2996032045997));
#16722=CARTESIAN_POINT('',(-9.74999999999999,58.5,-14.15));
#16723=CARTESIAN_POINT('Origin',(0.,0.,-14.3));
#16724=CARTESIAN_POINT('',(-5.25000000000001,1.16573417585642E-15,-14.3));
#16725=CARTESIAN_POINT('',(5.24999999999999,-1.16573417585641E-15,-14.3));
#16726=CARTESIAN_POINT('Origin',(0.,0.,-14.3));
#16727=CARTESIAN_POINT('',(18.,0.,-14.3));
#16728=CARTESIAN_POINT('Origin',(0.,0.,-14.3));
#16729=CARTESIAN_POINT('',(-18.,6.24500451351651E-15,-14.3));
#16730=CARTESIAN_POINT('Origin',(0.,0.,14.3));
#16731=CARTESIAN_POINT('',(-5.25000000000001,1.16573417585642E-15,14.3));
#16732=CARTESIAN_POINT('',(5.24999999999999,-1.16573417585641E-15,14.3));
#16733=CARTESIAN_POINT('Origin',(0.,0.,14.3));
#16734=CARTESIAN_POINT('',(18.,0.,14.3));
#16735=CARTESIAN_POINT('Origin',(0.,0.,14.3));
#16736=CARTESIAN_POINT('',(-18.,6.24500451351651E-15,14.3));
#16737=CARTESIAN_POINT('Origin',(5.24999999999999,-1.16573417585641E-15,
-14.3));
#16738=CARTESIAN_POINT('Origin',(-17.8,72.,14.5));
#16739=CARTESIAN_POINT('Origin',(-5.25000000000001,1.16573417585642E-15,
14.3));
#16740=CARTESIAN_POINT('Origin',(18.,0.,14.3));
#16741=CARTESIAN_POINT('Origin',(5.45,72.,14.5));
#16742=CARTESIAN_POINT('Origin',(-5.44999999999999,72.,-14.5));
#16743=CARTESIAN_POINT('Origin',(-18.,6.24500451351651E-15,-14.3));
#16744=CARTESIAN_POINT('Origin',(17.8,72.,-14.5));
#16745=CARTESIAN_POINT('Origin',(-9.74999999999999,61.5,-14.15));
#16746=CARTESIAN_POINT('',(-9.74999999999999,61.5,-14.15));
#16747=CARTESIAN_POINT('Origin',(-9.74999999999999,60.,-14.15));
#16748=CARTESIAN_POINT('',(-9.74999999999999,58.5,-14.15));
#16749=CARTESIAN_POINT('Origin',(-9.74999999999999,58.5,-14.15));
#16750=CARTESIAN_POINT('Origin',(9.74999999999999,60.,14.15));
#16751=CARTESIAN_POINT('',(9.74999999999999,61.85,14.5));
#16752=CARTESIAN_POINT('',(9.74999999999999,58.5,14.15));
#16753=CARTESIAN_POINT('Origin',(9.74999999999999,58.5,14.15));
#16754=CARTESIAN_POINT('Origin',(9.74999999999999,61.5,14.15));
#16755=CARTESIAN_POINT('Origin',(10.0839202169004,1.7,10.5));
#16756=CARTESIAN_POINT('',(26.3,1.7,-5.74999999999999));
#16757=CARTESIAN_POINT('Origin',(27.05,1.7,-5.74999999999999));
#16758=CARTESIAN_POINT('Origin',(27.05,1.7,5.75000000000001));
#16759=CARTESIAN_POINT('',(24.3,1.7,13.3));
#16760=CARTESIAN_POINT('Origin',(24.3,1.7,11.3));
#16761=CARTESIAN_POINT('',(15.0195052886016,1.7,13.3));
#16762=CARTESIAN_POINT('',(11.1609531783273,1.7,13.3));
#16763=CARTESIAN_POINT('Origin',(15.0195052886016,1.7,11.3));
#16764=CARTESIAN_POINT('Origin',(10.,1.7,10.5));
#16765=CARTESIAN_POINT('',(-10.,1.7,7.5));
#16766=CARTESIAN_POINT('Origin',(-10.,1.7,10.5));
#16767=CARTESIAN_POINT('',(-10.0839202169004,1.69999999999999,7.5));
#16768=CARTESIAN_POINT('',(-15.0195052886016,1.7,13.3));
#16769=CARTESIAN_POINT('Origin',(-15.0195052886016,1.7,11.3));
#16770=CARTESIAN_POINT('',(-24.3,1.7,13.3));
#16771=CARTESIAN_POINT('',(-26.3,1.7,13.3));
#16772=CARTESIAN_POINT('',(-26.3,1.7,11.3));
#16773=CARTESIAN_POINT('Origin',(-24.3,1.7,11.3));
#16774=CARTESIAN_POINT('',(-26.3,1.7,-11.3));
#16775=CARTESIAN_POINT('',(-26.3,1.7,13.3));
#16776=CARTESIAN_POINT('',(-24.3,1.7,-13.3));
#16777=CARTESIAN_POINT('Origin',(-24.3,1.7,-11.3));
#16778=CARTESIAN_POINT('',(-15.0195052886016,1.7,-13.3));
#16779=CARTESIAN_POINT('',(-26.3,1.7,-13.3));
#16780=CARTESIAN_POINT('Origin',(-15.0195052886016,1.7,-11.3));
#16781=CARTESIAN_POINT('Origin',(-9.99999999999999,1.7,-10.5));
#16782=CARTESIAN_POINT('',(10.,1.7,-7.5));
#16783=CARTESIAN_POINT('Origin',(10.,1.7,-10.5));
#16784=CARTESIAN_POINT('',(10.0839202169004,1.69999999999999,-7.5));
#16785=CARTESIAN_POINT('',(15.0195052886016,1.7,-13.3));
#16786=CARTESIAN_POINT('Origin',(15.0195052886016,1.7,-11.3));
#16787=CARTESIAN_POINT('',(24.3,1.7,-13.3));
#16788=CARTESIAN_POINT('',(11.1609531783273,1.7,-13.3));
#16789=CARTESIAN_POINT('',(26.3,1.7,-11.3));
#16790=CARTESIAN_POINT('Origin',(24.3,1.7,-11.3));
#16791=CARTESIAN_POINT('',(26.3,1.7,13.3));
#16792=CARTESIAN_POINT('Origin',(11.1609531783273,1.7,13.3));
#16793=CARTESIAN_POINT('',(24.3,0.0999999999999838,13.3));
#16794=CARTESIAN_POINT('',(24.3,0.,13.3));
#16795=CARTESIAN_POINT('',(15.0195052886016,0.0999999999999838,13.3));
#16796=CARTESIAN_POINT('',(11.1609531783273,0.0999999999999838,13.3));
#16797=CARTESIAN_POINT('',(15.0195052886016,1.7,13.3));
#16798=CARTESIAN_POINT('Origin',(26.3,1.7,13.3));
#16799=CARTESIAN_POINT('',(26.3,0.0999999999999838,-11.3));
#16800=CARTESIAN_POINT('',(26.3,0.0999999999999838,-5.74999999999999));
#16801=CARTESIAN_POINT('',(26.3,0.0999999999999838,13.3));
#16802=CARTESIAN_POINT('',(26.3,1.7,-5.74999999999999));
#16803=CARTESIAN_POINT('',(26.3,0.,-11.3));
#16804=CARTESIAN_POINT('Origin',(11.1609531783273,1.7,-13.3));
#16805=CARTESIAN_POINT('',(15.0195052886016,0.0999999999999838,-13.3));
#16806=CARTESIAN_POINT('',(15.0195052886016,0.,-13.3));
#16807=CARTESIAN_POINT('',(24.3,0.0999999999999838,-13.3));
#16808=CARTESIAN_POINT('',(11.1609531783273,0.0999999999999838,-13.3));
#16809=CARTESIAN_POINT('',(24.3,1.7,-13.3));
#16810=CARTESIAN_POINT('Origin',(-26.3,1.7,-13.3));
#16811=CARTESIAN_POINT('',(-24.3,0.0999999999999838,-13.3));
#16812=CARTESIAN_POINT('',(-24.3,0.,-13.3));
#16813=CARTESIAN_POINT('',(-15.0195052886016,0.0999999999999838,-13.3));
#16814=CARTESIAN_POINT('',(-26.3,0.0999999999999838,-13.3));
#16815=CARTESIAN_POINT('',(-15.0195052886016,1.7,-13.3));
#16816=CARTESIAN_POINT('Origin',(-26.3,1.7,13.3));
#16817=CARTESIAN_POINT('',(-26.3,0.0999999999999838,11.3));
#16818=CARTESIAN_POINT('',(-26.3,0.0999999999999838,5.));
#16819=CARTESIAN_POINT('',(-26.3,0.0999999999999838,13.3));
#16820=CARTESIAN_POINT('',(-26.3,0.099999999999989,13.3));
#16821=CARTESIAN_POINT('',(-26.3,1.7,-11.3));
#16822=CARTESIAN_POINT('',(-26.3,0.,11.3));
#16823=CARTESIAN_POINT('Origin',(-26.3,1.7,13.3));
#16824=CARTESIAN_POINT('',(-15.0195052886016,0.0999999999999838,13.3));
#16825=CARTESIAN_POINT('',(-15.0195052886016,0.,13.3));
#16826=CARTESIAN_POINT('',(-24.3,0.0999999999999838,13.3));
#16827=CARTESIAN_POINT('',(-26.3,0.0999999999999838,13.3));
#16828=CARTESIAN_POINT('',(-24.3,1.7,13.3));
#16829=CARTESIAN_POINT('Origin',(15.0195052886016,1.7,11.3));
#16830=CARTESIAN_POINT('Origin',(15.0195052886016,0.0999999999999838,11.3));
#16831=CARTESIAN_POINT('Origin',(-15.0195052886016,1.7,11.3));
#16832=CARTESIAN_POINT('Origin',(-15.0195052886016,0.0999999999999838,11.3));
#16833=CARTESIAN_POINT('Origin',(-15.0195052886016,1.7,-11.3));
#16834=CARTESIAN_POINT('Origin',(-15.0195052886016,0.0999999999999838,-11.3));
#16835=CARTESIAN_POINT('Origin',(15.0195052886016,1.7,-11.3));
#16836=CARTESIAN_POINT('Origin',(15.0195052886016,0.0999999999999838,-11.3));
#16837=CARTESIAN_POINT('Origin',(24.3,1.7,-11.3));
#16838=CARTESIAN_POINT('Origin',(24.3,0.0999999999999838,-11.3));
#16839=CARTESIAN_POINT('Origin',(24.3,1.7,11.3));
#16840=CARTESIAN_POINT('Origin',(24.3,0.0999999999999838,11.3));
#16841=CARTESIAN_POINT('Origin',(-24.3,1.7,-11.3));
#16842=CARTESIAN_POINT('Origin',(-24.3,0.0999999999999838,-11.3));
#16843=CARTESIAN_POINT('Origin',(-24.3,1.7,11.3));
#16844=CARTESIAN_POINT('Origin',(-24.3,0.0999999999999838,11.3));
#16845=CARTESIAN_POINT('Origin',(-10.0839202169004,104.868995936621,7.5));
#16846=CARTESIAN_POINT('',(-10.,0.0999999999999821,7.5));
#16847=CARTESIAN_POINT('',(-10.,0.,7.5));
#16848=CARTESIAN_POINT('',(-10.0839202169004,0.0999999999999821,7.5));
#16849=CARTESIAN_POINT('Origin',(10.0839202169004,104.868995936621,-7.5));
#16850=CARTESIAN_POINT('',(10.,0.0999999999999821,-7.5));
#16851=CARTESIAN_POINT('',(10.,0.,-7.5));
#16852=CARTESIAN_POINT('',(10.0839202169004,0.0999999999999821,-7.5));
#16853=CARTESIAN_POINT('Origin',(10.,-38.9486841883009,10.5));
#16854=CARTESIAN_POINT('Origin',(10.,0.099999999999982,10.5));
#16855=CARTESIAN_POINT('Origin',(-10.,-38.9486841883009,10.5));
#16856=CARTESIAN_POINT('Origin',(-10.,0.099999999999982,10.5));
#16857=CARTESIAN_POINT('Origin',(10.,-38.9486841883009,-10.5));
#16858=CARTESIAN_POINT('Origin',(10.,0.099999999999982,-10.5));
#16859=CARTESIAN_POINT('Origin',(-9.99999999999999,-38.9486841883009,-10.5));
#16860=CARTESIAN_POINT('Origin',(-9.99999999999999,0.099999999999982,-10.5));
#16861=CARTESIAN_POINT('Origin',(-24.3,0.,-11.3));
#16862=CARTESIAN_POINT('',(-24.3,0.0999999999999838,-13.3));
#16863=CARTESIAN_POINT('Origin',(-26.3,0.0999999999999838,13.3));
#16864=CARTESIAN_POINT('',(10.4505,36.8505,5.));
#16865=CARTESIAN_POINT('',(-26.4,0.,11.3));
#16866=CARTESIAN_POINT('Origin',(-26.3,0.0999999999999838,-13.3));
#16867=CARTESIAN_POINT('',(-15.0195052886016,0.0999999999999838,-13.3));
#16868=CARTESIAN_POINT('Origin',(-24.3,0.,11.3));
#16869=CARTESIAN_POINT('',(-24.3,0.,13.4));
#16870=CARTESIAN_POINT('Origin',(-15.0195052886016,0.,-11.3));
#16871=CARTESIAN_POINT('',(-13.0452712599211,0.0999999999999838,-10.98));
#16872=CARTESIAN_POINT('Origin',(-26.3,0.0999999999999838,13.3));
#16873=CARTESIAN_POINT('',(-15.0195052886016,0.,13.4));
#16874=CARTESIAN_POINT('Origin',(-10.0839202169004,0.,-10.5));
#16875=CARTESIAN_POINT('',(-10.0839202169004,0.099999999999982,-7.50000000000001));
#16876=CARTESIAN_POINT('Origin',(-15.0195052886016,0.,11.3));
#16877=CARTESIAN_POINT('',(-12.9465595584871,0.,10.964));
#16878=CARTESIAN_POINT('Origin',(1.01414603210952E-15,0.,-7.59999999999999));
#16879=CARTESIAN_POINT('',(-9.99999999999999,0.0999999999999821,-7.50000000000001));
#16880=CARTESIAN_POINT('Origin',(-10.0839202169004,0.,10.5));
#16881=CARTESIAN_POINT('',(-10.0839202169004,0.,7.59999999999998));
#16882=CARTESIAN_POINT('Origin',(-9.99999999999999,0.,-10.5));
#16883=CARTESIAN_POINT('Origin',(0.,0.,7.59999999999998));
#16884=CARTESIAN_POINT('',(-10.,0.,7.59999999999998));
#16885=CARTESIAN_POINT('Origin',(-10.,0.,10.5));
#16886=CARTESIAN_POINT('',(-7.99999999999999,0.,8.39999999999999));
#16887=CARTESIAN_POINT('Origin',(10.,0.,-10.5));
#16888=CARTESIAN_POINT('',(10.,0.0999999999999821,-7.5));
#16889=CARTESIAN_POINT('Origin',(0.,0.099999999999982,0.));
#16890=CARTESIAN_POINT('',(7.99999999999999,0.,8.39999999999999));
#16891=CARTESIAN_POINT('Origin',(1.01414603210952E-15,0.,-7.59999999999999));
#16892=CARTESIAN_POINT('',(10.0839202169004,0.0999999999999821,-7.5));
#16893=CARTESIAN_POINT('Origin',(10.,0.,10.5));
#16894=CARTESIAN_POINT('',(10.,0.,7.59999999999998));
#16895=CARTESIAN_POINT('Origin',(10.0839202169004,0.,-10.5));
#16896=CARTESIAN_POINT('',(13.0452712599211,0.0999999999999821,-10.98));
#16897=CARTESIAN_POINT('Origin',(0.,0.,7.59999999999998));
#16898=CARTESIAN_POINT('',(10.0839202169004,0.,7.59999999999998));
#16899=CARTESIAN_POINT('Origin',(15.0195052886016,0.,-11.3));
#16900=CARTESIAN_POINT('',(15.0195052886016,0.0999999999999838,-13.3));
#16901=CARTESIAN_POINT('Origin',(10.0839202169004,0.,10.5));
#16902=CARTESIAN_POINT('',(12.9465595584871,0.,10.964));
#16903=CARTESIAN_POINT('Origin',(11.1609531783273,0.0999999999999838,-13.3));
#16904=CARTESIAN_POINT('',(24.3,0.0999999999999838,-13.3));
#16905=CARTESIAN_POINT('Origin',(15.0195052886016,0.,11.3));
#16906=CARTESIAN_POINT('',(15.0195052886016,0.,13.4));
#16907=CARTESIAN_POINT('Origin',(24.3,0.,-11.3));
#16908=CARTESIAN_POINT('',(26.3,0.0999999999999838,-11.3));
#16909=CARTESIAN_POINT('Origin',(11.1609531783273,0.0999999999999838,13.3));
#16910=CARTESIAN_POINT('',(24.3,0.,13.4));
#16911=CARTESIAN_POINT('Origin',(26.3,0.0999999999999838,13.3));
#16912=CARTESIAN_POINT('',(26.725,-0.325000000000011,-5.74999999999999));
#16913=CARTESIAN_POINT('Origin',(24.3,0.,11.3));
#16914=CARTESIAN_POINT('Origin',(0.,3.2,13.5));
#16915=CARTESIAN_POINT('',(6.74999999999999,3.2,13.5));
#16916=CARTESIAN_POINT('',(6.74999999999999,0.250000000000021,13.5));
#16917=CARTESIAN_POINT('',(6.74999999999999,3.2,13.5));
#16918=CARTESIAN_POINT('',(6.25,0.250000000000021,13.5));
#16919=CARTESIAN_POINT('',(0.,0.250000000000021,13.5));
#16920=CARTESIAN_POINT('',(6.25,3.2,13.5));
#16921=CARTESIAN_POINT('',(6.25,3.2,13.5));
#16922=CARTESIAN_POINT('',(0.,3.2,13.5));
#16923=CARTESIAN_POINT('Origin',(6.75,3.2,12.));
#16924=CARTESIAN_POINT('',(7.28851648071349,3.2,13.4));
#16925=CARTESIAN_POINT('',(7.28851648071349,1.7,13.4));
#16926=CARTESIAN_POINT('',(7.28851648071349,3.2,13.4));
#16927=CARTESIAN_POINT('',(6.75,1.7,10.5));
#16928=CARTESIAN_POINT('Origin',(6.75,1.7,12.));
#16929=CARTESIAN_POINT('',(6.75,0.250000000000021,10.5));
#16930=CARTESIAN_POINT('',(6.75,3.2,10.5));
#16931=CARTESIAN_POINT('Origin',(6.75,0.250000000000021,12.));
#16932=CARTESIAN_POINT('Origin',(6.75,3.2,12.));
#16933=CARTESIAN_POINT('Origin',(0.,3.2,10.5));
#16934=CARTESIAN_POINT('',(6.25,1.7,10.5));
#16935=CARTESIAN_POINT('',(0.,1.7,10.5));
#16936=CARTESIAN_POINT('',(6.25,0.250000000000021,10.5));
#16937=CARTESIAN_POINT('',(6.25,3.2,10.5));
#16938=CARTESIAN_POINT('',(6.75,0.250000000000021,10.5));
#16939=CARTESIAN_POINT('Origin',(6.25,3.2,12.));
#16940=CARTESIAN_POINT('',(5.71148351928651,1.7,13.4));
#16941=CARTESIAN_POINT('Origin',(6.25,1.7,12.));
#16942=CARTESIAN_POINT('',(5.71148351928651,3.2,13.4));
#16943=CARTESIAN_POINT('',(5.71148351928651,3.2,13.4));
#16944=CARTESIAN_POINT('Origin',(6.25,3.2,12.));
#16945=CARTESIAN_POINT('Origin',(6.25,0.250000000000021,12.));
#16946=CARTESIAN_POINT('Origin',(0.,3.2,0.));
#16947=CARTESIAN_POINT('',(0.,3.2,13.4));
#16948=CARTESIAN_POINT('Origin',(0.,3.2,0.));
#16949=CARTESIAN_POINT('',(0.,3.2,-13.4));
#16950=CARTESIAN_POINT('Origin',(6.75,0.250000000000021,12.));
#16951=CARTESIAN_POINT('',(6.75,0.,10.25));
#16952=CARTESIAN_POINT('',(6.74999999999999,0.250000000000021,13.5));
#16953=CARTESIAN_POINT('Origin',(0.,0.250000000000021,13.5));
#16954=CARTESIAN_POINT('',(6.25,0.250000000000021,13.5));
#16955=CARTESIAN_POINT('Origin',(0.,0.,10.25));
#16956=CARTESIAN_POINT('',(6.25,0.,10.25));
#16957=CARTESIAN_POINT('Origin',(6.25,0.250000000000021,12.));
#16958=CARTESIAN_POINT('Origin',(-24.3,60.,-10.25));
#16959=CARTESIAN_POINT('',(-26.8767352594323,61.5,-10.25));
#16960=CARTESIAN_POINT('',(-26.8767352594323,58.5,-10.25));
#16961=CARTESIAN_POINT('Origin',(-26.8767352594323,60.,-10.25));
#16962=CARTESIAN_POINT('',(-27.15,61.5,-10.25));
#16963=CARTESIAN_POINT('',(-24.3,61.5,-10.25));
#16964=CARTESIAN_POINT('',(-27.15,58.5,-10.25));
#16965=CARTESIAN_POINT('Origin',(-27.15,60.,-10.25));
#16966=CARTESIAN_POINT('',(-24.3,58.5,-10.25));
#16967=CARTESIAN_POINT('Origin',(-24.3,61.5,-10.25));
#16968=CARTESIAN_POINT('',(-26.8767352594323,61.5,-10.25));
#16969=CARTESIAN_POINT('',(-27.15,61.5,-10.25));
#16970=CARTESIAN_POINT('Origin',(-24.3,58.5,-10.25));
#16971=CARTESIAN_POINT('',(-26.8767352594323,58.5,-10.25));
#16972=CARTESIAN_POINT('',(-27.15,58.5,-9.75));
#16973=CARTESIAN_POINT('Origin',(-26.3,0.099999999999989,13.3));
#16974=CARTESIAN_POINT('Origin',(27.05,1.7,-5.74999999999999));
#16975=CARTESIAN_POINT('Origin',(27.05,0.100000000000041,-5.74999999999999));
#16976=CARTESIAN_POINT('Origin',(27.05,1.7,5.75000000000001));
#16977=CARTESIAN_POINT('Origin',(27.05,0.099999999999989,5.75000000000001));
#16978=CARTESIAN_POINT('Origin',(-27.3,109.5,-5.00000000000001));
#16979=CARTESIAN_POINT('',(-27.3,109.5,-5.00000000000001));
#16980=CARTESIAN_POINT('Origin',(-27.3,109.5,4.99999999999999));
#16981=CARTESIAN_POINT('',(-27.3,109.5,4.99999999999999));
#16982=CARTESIAN_POINT('Origin',(-27.3,0.,-2.39272203583008E-17));
#16983=CARTESIAN_POINT('Origin',(-27.5,60.,-10.25));
#16984=CARTESIAN_POINT('',(-27.15,58.5,-10.25));
#16985=CARTESIAN_POINT('',(-27.5,61.85,-10.25));
#16986=CARTESIAN_POINT('Origin',(-27.5,61.85,-14.5));
#16987=CARTESIAN_POINT('Origin',(-27.5,58.15,-14.5));
#16988=CARTESIAN_POINT('Origin',(7.07767178198537E-16,0.,5.1));
#16989=CARTESIAN_POINT('',(27.05,0.099999999999989,5.00000000000001));
#16990=CARTESIAN_POINT('Origin',(27.05,0.,5.75000000000001));
#16991=CARTESIAN_POINT('Origin',(27.05,0.,-5.74999999999999));
#16992=CARTESIAN_POINT('',(27.05,0.100000000000041,-4.99999999999999));
#16993=CARTESIAN_POINT('Origin',(27.3,0.100000000000041,-4.99999999999999));
#16994=CARTESIAN_POINT('Origin',(26.4,168.71216091311,-13.4));
#16995=CARTESIAN_POINT('Origin',(26.4,168.71216091311,-13.4));
#16996=CARTESIAN_POINT('Origin',(26.4,168.71216091311,-13.4));
#16997=CARTESIAN_POINT('Origin',(26.4,168.71216091311,-13.4));
#16998=CARTESIAN_POINT('Origin',(26.4,168.71216091311,-13.4));
#16999=CARTESIAN_POINT('',(26.4,1.7,-13.4));
#17000=CARTESIAN_POINT('Origin',(0.,1.7,0.));
#17001=CARTESIAN_POINT('Origin',(26.4,168.71216091311,13.4));
#17002=CARTESIAN_POINT('',(26.4,1.7,13.4));
#17003=CARTESIAN_POINT('Origin',(0.,1.7,0.));
#17004=CARTESIAN_POINT('Origin',(0.,1.7,0.));
#17005=CARTESIAN_POINT('Origin',(0.,1.7,0.));
#17006=CARTESIAN_POINT('Origin',(0.,1.7,0.));
#17007=CARTESIAN_POINT('Origin',(0.,1.7,0.));
#17008=CARTESIAN_POINT('Origin',(26.8767352594323,36.5,13.8536032045997));
#17009=CARTESIAN_POINT('Origin',(-26.8767352594323,36.5,13.8536032045997));
#17010=CARTESIAN_POINT('Origin',(26.8767352594323,36.5,13.8536032045997));
#17011=CARTESIAN_POINT('Origin',(-10.,60.,11.2996032045997));
#17012=CARTESIAN_POINT('Origin',(9.74999999999999,60.,11.2996032045997));
#17013=CARTESIAN_POINT('Origin',(10.,60.,-11.2996032045997));
#17014=CARTESIAN_POINT('Origin',(-9.74999999999999,60.,-11.2996032045997));
#17015=CARTESIAN_POINT('Origin',(-24.2997352594323,60.,10.));
#17016=CARTESIAN_POINT('Origin',(9.99999999999999,50.,9.5));
#17017=CARTESIAN_POINT('Origin',(-9.99999999999999,50.,9.5));
#17018=CARTESIAN_POINT('Origin',(10.,70.,9.5));
#17019=CARTESIAN_POINT('Origin',(-10.,70.,9.5));
#17020=CARTESIAN_POINT('Origin',(-22.5,50.,10.));
#17021=CARTESIAN_POINT('Origin',(-22.5,50.,-9.99999999999999));
#17022=CARTESIAN_POINT('Origin',(-22.5,70.,10.));
#17023=CARTESIAN_POINT('Origin',(-22.5,70.,-10.));
#17024=CARTESIAN_POINT('Origin',(-9.99999999999999,50.,-9.50000000000001));
#17025=CARTESIAN_POINT('Origin',(10.,50.,-9.50000000000001));
#17026=CARTESIAN_POINT('Origin',(-9.99999999999999,70.,-9.50000000000001));
#17027=CARTESIAN_POINT('Origin',(10.,70.,-9.50000000000001));
#17028=CARTESIAN_POINT('',(0.,0.,0.));
#17029=CARTESIAN_POINT('Origin',(0.,3.5,0.));
#17030=CARTESIAN_POINT('',(-3.06161699786838E-16,2.5,2.5));
#17031=CARTESIAN_POINT('Origin',(0.,2.5,0.));
#17032=CARTESIAN_POINT('',(-3.06161699786838E-16,3.5,2.5));
#17033=CARTESIAN_POINT('',(-3.06161699786838E-16,3.5,2.5));
#17034=CARTESIAN_POINT('',(-2.5,3.5,3.06161699786838E-16));
#17035=CARTESIAN_POINT('Origin',(0.,3.5,0.));
#17036=CARTESIAN_POINT('Origin',(0.,3.5,0.));
#17037=CARTESIAN_POINT('Origin',(0.,2.5,0.));
#17038=CARTESIAN_POINT('',(-2.44929359829471E-16,0.,2.));
#17039=CARTESIAN_POINT('Origin',(0.,0.,0.));
#17040=CARTESIAN_POINT('',(-2.44929359829471E-16,2.5,2.));
#17041=CARTESIAN_POINT('',(-2.44929359829471E-16,2.5,2.));
#17042=CARTESIAN_POINT('Origin',(0.,2.5,0.));
#17043=CARTESIAN_POINT('Origin',(0.,0.,0.));
#17044=CARTESIAN_POINT('Origin',(0.,-4.1125,0.));
#17045=CARTESIAN_POINT('',(-4.90624123908408E-16,3.9,6.00841262928907E-32));
#17046=CARTESIAN_POINT('Origin',(0.,-4.1125,0.));
#17047=CARTESIAN_POINT('Origin',(0.,2.5,0.));
#17048=CARTESIAN_POINT('',(0.,0.,0.));
#17049=CARTESIAN_POINT('Origin',(-5.96725064413603,-5.60987743887929E-15,
70.5252453744034));
#17050=CARTESIAN_POINT('',(-6.11893348915658,-139.499502580766,71.5136745901424));
#17051=CARTESIAN_POINT('',(-6.95567985987524,-139.499502580766,70.373562529383));
#17052=CARTESIAN_POINT('Origin',(-5.96725064413619,-139.499502580766,70.5252453744034));
#17053=CARTESIAN_POINT('',(-6.11893348915658,-138.,71.5136745901424));
#17054=CARTESIAN_POINT('',(-6.11893348915658,-139.5,71.5136745901424));
#17055=CARTESIAN_POINT('',(-6.95567985987524,-138.,70.373562529383));
#17056=CARTESIAN_POINT('Origin',(-5.96725064413619,-138.,70.5252453744034));
#17057=CARTESIAN_POINT('',(-6.95567985987508,-4.4658888172469E-15,70.373562529383));
#17058=CARTESIAN_POINT('Origin',(-6.19477491166661,-5.60987743887929E-15,
72.007889198012));
#17059=CARTESIAN_POINT('',(-6.34645775668716,-142.497174642289,72.996318413751));
#17060=CARTESIAN_POINT('',(-7.18320412740583,-142.497174642289,71.8562063529916));
#17061=CARTESIAN_POINT('Origin',(-6.19477491166677,-142.497174642289,72.007889198012));
#17062=CARTESIAN_POINT('',(-6.34645775668715,-139.499502580766,72.996318413751));
#17063=CARTESIAN_POINT('',(-6.34645775668716,-142.5,72.996318413751));
#17064=CARTESIAN_POINT('',(-7.18320412740583,-139.499502580766,71.8562063529916));
#17065=CARTESIAN_POINT('Origin',(-6.19477491166677,-139.499502580766,72.007889198012));
#17066=CARTESIAN_POINT('',(-7.18320412740567,-4.4658888172469E-15,71.8562063529916));
#17067=CARTESIAN_POINT('Origin',(-3.15671840041653E-14,-137.456422128171,
67.8999987669288));
#17068=CARTESIAN_POINT('',(0.978724926578177,-137.456422128285,61.5222154950503));
#17069=CARTESIAN_POINT('',(5.17587949272466E-10,-137.456422128285,74.3524418658583));
#17070=CARTESIAN_POINT('Origin',(-3.15671840042871E-14,-137.456422128285,
67.8999987669288));
#17071=CARTESIAN_POINT('Origin',(-3.15671840042871E-14,-137.456422128285,
67.8999987669288));
#17072=CARTESIAN_POINT('',(0.928643895724964,-133.682568851416,61.8485645560993));
#17073=CARTESIAN_POINT('',(0.978724926576672,-137.456422128171,61.5222154950601));
#17074=CARTESIAN_POINT('',(6.12141072787624,-133.682568851425,68.0027907597318));
#17075=CARTESIAN_POINT('Origin',(-2.75229073342533E-14,-133.682568851416,
67.8999987669288));
#17076=CARTESIAN_POINT('',(5.99920901886202,-132.282568851432,67.9834629809597));
#17077=CARTESIAN_POINT('Origin',(-236.052026794211,-115.695087184555,2850.98316011947));
#17078=CARTESIAN_POINT('',(0.910065154568635,-132.282568851384,61.9696314476658));
#17079=CARTESIAN_POINT('Origin',(-2.6022587389991E-14,-132.282568851427,
67.8999987669288));
#17080=CARTESIAN_POINT('',(0.862291248737279,-128.682568851421,62.2809463116989));
#17081=CARTESIAN_POINT('',(0.978724926576672,-137.456422128171,61.5222154950601));
#17082=CARTESIAN_POINT('',(5.68473105306225,-128.682568851428,67.9336074963319));
#17083=CARTESIAN_POINT('Origin',(-2.2164621818996E-14,-128.682568851421,
67.8999987669288));
#17084=CARTESIAN_POINT('',(5.56232826510827,-127.282568851435,67.9141523858442));
#17085=CARTESIAN_POINT('Origin',(-189.860012232404,-112.007810345005,2447.37027149287));
#17086=CARTESIAN_POINT('',(0.843712507580555,-127.282568851431,62.4020132032679));
#17087=CARTESIAN_POINT('Origin',(-2.06643018747338E-14,-127.282568851431,
67.8999987669288));
#17088=CARTESIAN_POINT('',(0.792937515135025,-123.45642212909,62.7328844105116));
#17089=CARTESIAN_POINT('',(0.978724926576672,-137.456422128171,61.5222154950601));
#17090=CARTESIAN_POINT('',(-0.792937515048028,-123.456422129068,73.0671131233588));
#17091=CARTESIAN_POINT('Origin',(-1.65639845624222E-14,-123.456422129096,
67.8999987669288));
#17092=CARTESIAN_POINT('Origin',(-1.65639845624526E-14,-123.456422129124,
67.8999987669288));
#17093=CARTESIAN_POINT('',(-5.31061970729414,-127.282568851435,66.24560631704));
#17094=CARTESIAN_POINT('Origin',(-2.06643018747338E-14,-127.282568851431,
67.8999987669288));
#17095=CARTESIAN_POINT('',(-5.43322380765402,-128.682568851428,66.2274630428611));
#17096=CARTESIAN_POINT('Origin',(-532.373738961527,-112.007810562102,2394.80863533939));
#17097=CARTESIAN_POINT('Origin',(-2.2164621818996E-14,-128.682568851421,
67.8999987669288));
#17098=CARTESIAN_POINT('',(-5.74818039502642,-132.282568851432,66.1807264577089));
#17099=CARTESIAN_POINT('Origin',(-2.6022587389991E-14,-132.282568851427,
67.8999987669288));
#17100=CARTESIAN_POINT('',(-5.8705544880519,-133.682568851425,66.1625220056588));
#17101=CARTESIAN_POINT('Origin',(-609.332817863933,-115.695087224944,2793.70005760275));
#17102=CARTESIAN_POINT('Origin',(-2.75229073342533E-14,-133.682568851416,
67.8999987669288));
#17103=CARTESIAN_POINT('',(-5.5623282651082,-127.282568851435,67.8858451480134));
#17104=CARTESIAN_POINT('',(5.31061970729421,-127.282568851435,69.5543912168176));
#17105=CARTESIAN_POINT('Origin',(-2.06643018747338E-14,-127.282568851431,
67.8999987669288));
#17106=CARTESIAN_POINT('',(5.43322380765413,-128.682568851428,69.5725344909965));
#17107=CARTESIAN_POINT('Origin',(532.373741431159,-112.007810339376,-2259.00863774515));
#17108=CARTESIAN_POINT('',(-5.68473105306213,-128.682568851428,67.8663900375257));
#17109=CARTESIAN_POINT('Origin',(-2.2164621818996E-14,-128.682568851421,
67.8999987669288));
#17110=CARTESIAN_POINT('Origin',(189.86001455818,-112.007810546657,-2311.57027325094));
#17111=CARTESIAN_POINT('',(-5.99920901886181,-132.282568851432,67.816534552898));
#17112=CARTESIAN_POINT('',(5.74818039502663,-132.282568851432,69.6192710761488));
#17113=CARTESIAN_POINT('Origin',(-2.6022587389991E-14,-132.282568851427,
67.8999987669288));
#17114=CARTESIAN_POINT('',(5.87055448805215,-133.682568851425,69.6374755281989));
#17115=CARTESIAN_POINT('Origin',(609.332818029406,-115.695087213352,-2657.9000605584));
#17116=CARTESIAN_POINT('',(-6.12141072787598,-133.682568851425,67.7972067741258));
#17117=CARTESIAN_POINT('Origin',(-2.75229073342533E-14,-133.682568851416,
67.8999987669288));
#17118=CARTESIAN_POINT('Origin',(236.052026884307,-115.695087203361,-2715.18316282329));
#17119=CARTESIAN_POINT('',(-0.0682552706533548,-131.182568851427,73.8031562395611));
#17120=CARTESIAN_POINT('',(-0.048867575406678,-129.782568851434,73.6808601548514));
#17121=CARTESIAN_POINT('Origin',(-2577.29482696286,-113.823811385624,-144.126052334958));
#17122=CARTESIAN_POINT('',(1.68680423021393,-129.782568851434,62.3704926483652));
#17123=CARTESIAN_POINT('Origin',(-2.33434446323624E-14,-129.782568851429,
67.8999987669288));
#17124=CARTESIAN_POINT('',(1.70497982194067,-131.182568851427,62.2480105560917));
#17125=CARTESIAN_POINT('Origin',(-2522.27682958068,-113.82381147069,-502.64646368009));
#17126=CARTESIAN_POINT('Origin',(-2.48437645766247E-14,-131.182568851419,
67.8999987669288));
#17127=CARTESIAN_POINT('',(-0.137230770105753,-136.18256885146,74.2395090083897));
#17128=CARTESIAN_POINT('',(-0.117956482523294,-134.782568851431,74.117391180483));
#17129=CARTESIAN_POINT('Origin',(-2996.65069363114,-117.566661785178,-193.379355984343));
#17130=CARTESIAN_POINT('',(1.75179070858364,-134.782568851431,61.9333320702538));
#17131=CARTESIAN_POINT('Origin',(-2.87017301476196E-14,-134.782568851425,
67.8999987669288));
#17132=CARTESIAN_POINT('',(1.77002103819409,-136.18256885146,61.8110540381435));
#17133=CARTESIAN_POINT('Origin',(-2937.10475525216,-117.566661898547,-581.40573732135));
#17134=CARTESIAN_POINT('Origin',(-3.02020500919428E-14,-136.182568851471,
67.8999987669288));
#17135=CARTESIAN_POINT('',(0.00116150851674422,-126.18256885143,73.366107385965));
#17136=CARTESIAN_POINT('',(0.0206928408271981,-124.782568851436,73.2435833143768));
#17137=CARTESIAN_POINT('Origin',(-2189.24104647915,-110.137368333071,-100.340437652401));
#17138=CARTESIAN_POINT('',(1.62204392760364,-124.782568851436,62.8085061069802));
#17139=CARTESIAN_POINT('Origin',(-1.79851591171051E-14,-124.782568851434,
67.8999987669288));
#17140=CARTESIAN_POINT('',(1.64015085490133,-126.18256885143,62.6857634483639));
#17141=CARTESIAN_POINT('Origin',(-2138.95012968647,-110.137368343959,-428.057203752324));
#17142=CARTESIAN_POINT('Origin',(-1.94854790613674E-14,-126.182568851423,
67.8999987669288));
#17143=CARTESIAN_POINT('',(0.137230770105688,-136.18256885146,61.5604885254683));
#17144=CARTESIAN_POINT('',(0.11795648252323,-134.782568851431,61.682606353375));
#17145=CARTESIAN_POINT('Origin',(2996.65069367395,-117.566661867231,329.179353689561));
#17146=CARTESIAN_POINT('',(-1.7517907085836,-134.782568851431,73.8666654636035));
#17147=CARTESIAN_POINT('Origin',(-2.87017301476196E-14,-134.782568851425,
67.8999987669288));
#17148=CARTESIAN_POINT('',(-1.77002103819405,-136.18256885146,73.9889434957137));
#17149=CARTESIAN_POINT('Origin',(2937.1047548399,-117.566661867539,717.205735100173));
#17150=CARTESIAN_POINT('Origin',(-3.02020500919428E-14,-136.182568851471,
67.8999987669288));
#17151=CARTESIAN_POINT('',(-0.00116150851678265,-126.18256885143,62.4338901478927));
#17152=CARTESIAN_POINT('',(-0.0206928408272339,-124.782568851436,62.5564142194808));
#17153=CARTESIAN_POINT('Origin',(2189.24104627982,-110.137368441378,236.140436446911));
#17154=CARTESIAN_POINT('',(-1.62204392760366,-124.782568851436,72.9914914268774));
#17155=CARTESIAN_POINT('Origin',(-1.79851591171051E-14,-124.782568851434,
67.8999987669288));
#17156=CARTESIAN_POINT('',(-1.64015085490135,-126.18256885143,73.1142340854937));
#17157=CARTESIAN_POINT('Origin',(2138.95012976861,-110.137368415119,563.857200385656));
#17158=CARTESIAN_POINT('Origin',(-1.94854790613674E-14,-126.182568851423,
67.8999987669288));
#17159=CARTESIAN_POINT('',(0.0682552706533032,-131.182568851427,61.9968412942967));
#17160=CARTESIAN_POINT('',(0.048867575406629,-129.782568851434,62.1191373790064));
#17161=CARTESIAN_POINT('Origin',(2577.29482693775,-113.82381144568,279.926051153186));
#17162=CARTESIAN_POINT('',(-1.68680423021393,-129.782568851434,73.4295048854923));
#17163=CARTESIAN_POINT('Origin',(-2.33434446323624E-14,-129.782568851429,
67.8999987669288));
#17164=CARTESIAN_POINT('',(-1.70497982194065,-131.182568851427,73.5519869777657));
#17165=CARTESIAN_POINT('Origin',(2522.27682922301,-113.823811424306,638.446461688987));
#17166=CARTESIAN_POINT('Origin',(-2.48437645766247E-14,-131.182568851419,
67.8999987669288));
#17167=CARTESIAN_POINT('Origin',(-2.20823201097579E-14,-124.8,67.8999987669288));
#17168=CARTESIAN_POINT('',(0.222998683677477,-125.,73.039548897842));
#17169=CARTESIAN_POINT('',(1.7538597478006,-125.,63.0638143260564));
#17170=CARTESIAN_POINT('Origin',(-1.66245787803642E-14,-125.,67.8999987669288));
#17171=CARTESIAN_POINT('',(1.76184679069723,-124.993212451436,63.0117673952032));
#17172=CARTESIAN_POINT('Origin',(1.75377524448003,-124.799975562816,63.064091227629));
#17173=CARTESIAN_POINT('Ctrl Pts',(1.76184679072767,-124.993212451384,63.0117673950048));
#17174=CARTESIAN_POINT('Ctrl Pts',(1.76399217192215,-124.989501310384,62.9977871888001));
#17175=CARTESIAN_POINT('Ctrl Pts',(1.76452117388269,-124.984401356763,62.9840696759889));
#17176=CARTESIAN_POINT('Ctrl Pts',(1.76265545965485,-124.971297407449,62.9560821901497));
#17177=CARTESIAN_POINT('Ctrl Pts',(1.75992811301125,-124.963107653887,62.942104306512));
#17178=CARTESIAN_POINT('Ctrl Pts',(1.74780158156117,-124.936276724378,62.9034334370088));
#17179=CARTESIAN_POINT('Ctrl Pts',(1.73404928580652,-124.914221382182,62.8800776368239));
#17180=CARTESIAN_POINT('Ctrl Pts',(1.69263385146017,-124.858815135409,62.8368257318783));
#17181=CARTESIAN_POINT('Ctrl Pts',(1.66346747780327,-124.825183404397,62.8196212684989));
#17182=CARTESIAN_POINT('Ctrl Pts',(1.62814297076466,-124.788775844983,62.809967593749));
#17183=CARTESIAN_POINT('Ctrl Pts',(1.62567472861008,-124.786251769546,62.8093444899294));
#17184=CARTESIAN_POINT('Ctrl Pts',(1.62280936923736,-124.78334418877,62.8086800097724));
#17185=CARTESIAN_POINT('Ctrl Pts',(1.62242682523097,-124.782956469259,62.808592498712));
#17186=CARTESIAN_POINT('Ctrl Pts',(1.6220439276206,-124.782568851419,62.8085061069829));
#17187=CARTESIAN_POINT('',(0.215011640784364,-124.993212451448,73.0915958286723));
#17188=CARTESIAN_POINT('Ctrl Pts',(0.0206928408442105,-124.782568851419,
73.2435833143793));
#17189=CARTESIAN_POINT('Ctrl Pts',(0.0210840243201767,-124.782956469264,
73.2436157119568));
#17190=CARTESIAN_POINT('Ctrl Pts',(0.0214752060838104,-124.783344188775,
73.2436469356789));
#17191=CARTESIAN_POINT('Ctrl Pts',(0.0244071769146809,-124.786250990271,
73.2438721652402));
#17192=CARTESIAN_POINT('Ctrl Pts',(0.0269478970563144,-124.788774283705,
73.2440178200482));
#17193=CARTESIAN_POINT('Ctrl Pts',(0.063540983609029,-124.825181148602,
73.2454010284189));
#17194=CARTESIAN_POINT('Ctrl Pts',(0.0965243358404656,-124.858813067952,
73.2377342879709));
#17195=CARTESIAN_POINT('Ctrl Pts',(0.149003889315936,-124.914219802604,
73.2088917458392));
#17196=CARTESIAN_POINT('Ctrl Pts',(0.169127013417717,-124.936275407773,
73.1907344929343));
#17197=CARTESIAN_POINT('Ctrl Pts',(0.192291722804321,-124.963106855243,
73.1574791932924));
#17198=CARTESIAN_POINT('Ctrl Pts',(0.199085134308771,-124.971296849212,
73.1449621216512));
#17199=CARTESIAN_POINT('Ctrl Pts',(0.209257505693158,-124.984401156483,
73.1188214753619));
#17200=CARTESIAN_POINT('Ctrl Pts',(0.212866217302794,-124.989501237292,
73.1055763104437));
#17201=CARTESIAN_POINT('Ctrl Pts',(0.215011640750641,-124.993212451384,
73.091595828892));
#17202=CARTESIAN_POINT('Origin',(0.223001099553426,-124.799975564094,73.039259399344));
#17203=CARTESIAN_POINT('Origin',(-3.51917367423848E-14,-127.3,67.8999987669288));
#17204=CARTESIAN_POINT('',(5.35976883945667,-127.5,67.7107945115287));
#17205=CARTESIAN_POINT('',(-5.05640314941591,-127.5,66.1123445908508));
#17206=CARTESIAN_POINT('Origin',(-3.87279078955653E-16,-127.5,67.8999987669288));
#17207=CARTESIAN_POINT('',(-5.10698924257839,-127.493574278853,66.1045817258857));
#17208=CARTESIAN_POINT('Origin',(-5.05615930487468,-127.299982431422,66.1124191833598));
#17209=CARTESIAN_POINT('Ctrl Pts',(-5.106989242701,-127.493574278822,66.1045817258669));
#17210=CARTESIAN_POINT('Ctrl Pts',(-5.12119704309941,-127.489904257422,
66.1024014184135));
#17211=CARTESIAN_POINT('Ctrl Pts',(-5.13513704355794,-127.484793879833,
66.1018879252289));
#17212=CARTESIAN_POINT('Ctrl Pts',(-5.16358386256824,-127.471570310386,
66.1038795369817));
#17213=CARTESIAN_POINT('Ctrl Pts',(-5.1777799668645,-127.463262959208,66.1067312543355));
#17214=CARTESIAN_POINT('Ctrl Pts',(-5.21653936169574,-127.436304788067,
66.1191948985222));
#17215=CARTESIAN_POINT('Ctrl Pts',(-5.23977213583327,-127.414273621333,
66.133094182599));
#17216=CARTESIAN_POINT('Ctrl Pts',(-5.28274413063124,-127.358874245345,
66.1747901350768));
#17217=CARTESIAN_POINT('Ctrl Pts',(-5.29976733229047,-127.325212921307,
66.2040896648088));
#17218=CARTESIAN_POINT('Ctrl Pts',(-5.30919726444855,-127.288778001724,
66.2394968828638));
#17219=CARTESIAN_POINT('Ctrl Pts',(-5.30980398660153,-127.286255380754,
66.2419672572114));
#17220=CARTESIAN_POINT('Ctrl Pts',(-5.31045002100835,-127.283347560066,
66.244836569064));
#17221=CARTESIAN_POINT('Ctrl Pts',(-5.31053542898846,-127.282958154515,
66.2452212685104));
#17222=CARTESIAN_POINT('Ctrl Pts',(-5.31061970729376,-127.282568851422,
66.2456063170272));
#17223=CARTESIAN_POINT('',(5.41035493256057,-127.493574278873,67.7185573764848));
#17224=CARTESIAN_POINT('Ctrl Pts',(5.56232826511165,-127.282568851422,67.9141523858318));
#17225=CARTESIAN_POINT('Ctrl Pts',(5.56236332382341,-127.282958154513,67.9137597841534));
#17226=CARTESIAN_POINT('Ctrl Pts',(5.56239720017227,-127.283347560063,67.9133671767359));
#17227=CARTESIAN_POINT('Ctrl Pts',(5.56264119400591,-127.286254448563,67.9104371199831));
#17228=CARTESIAN_POINT('Ctrl Pts',(5.56280310409474,-127.288776134084,67.9078994317115));
#17229=CARTESIAN_POINT('Ctrl Pts',(5.5644246373063,-127.325210223556,67.8712946620322));
#17230=CARTESIAN_POINT('Ctrl Pts',(5.55697081626538,-127.358871773796,67.8382385909221));
#17231=CARTESIAN_POINT('Ctrl Pts',(5.52847951279109,-127.414271734022,67.7855752571686));
#17232=CARTESIAN_POINT('Ctrl Pts',(5.51048372527777,-127.436303215083,67.7653487451276));
#17233=CARTESIAN_POINT('Ctrl Pts',(5.47724504676594,-127.463262006624,67.7418357886645));
#17234=CARTESIAN_POINT('Ctrl Pts',(5.46455705349752,-127.471569646512,67.7348582488748));
#17235=CARTESIAN_POINT('Ctrl Pts',(5.43801587377973,-127.484793643832,67.7244279758253));
#17236=CARTESIAN_POINT('Ctrl Pts',(5.42456306224364,-127.489904172411,67.7207377344691));
#17237=CARTESIAN_POINT('Ctrl Pts',(5.41035493273916,-127.493574278823,67.7185573765123));
#17238=CARTESIAN_POINT('Origin',(5.35951384881019,-127.299982433582,67.7107925535603));
#17239=CARTESIAN_POINT('Origin',(-3.01135645957731E-14,-133.7,67.8999987669288));
#17240=CARTESIAN_POINT('',(5.61877512801596,-133.5,69.7739536920291));
#17241=CARTESIAN_POINT('',(-5.92214081805686,-133.5,68.0029022733066));
#17242=CARTESIAN_POINT('Origin',(-2.98992331751626E-14,-133.5,67.8999987669288));
#17243=CARTESIAN_POINT('',(-5.93511731923218,-133.500419071322,68.0009109191607));
#17244=CARTESIAN_POINT('Origin',(-5.92194251411911,-133.700031413145,68.0029312854439));
#17245=CARTESIAN_POINT('Ctrl Pts',(-6.12141072788158,-133.682568851444,
67.7972067741443));
#17246=CARTESIAN_POINT('Ctrl Pts',(-6.12138318415266,-133.682176115876,
67.7976129759786));
#17247=CARTESIAN_POINT('Ctrl Pts',(-6.12135443912059,-133.681783482959,
67.7980191971537));
#17248=CARTESIAN_POINT('Ctrl Pts',(-6.1197886135823,-133.661258986716,67.8192605402617));
#17249=CARTESIAN_POINT('Ctrl Pts',(-6.11508518127034,-133.64129907061,67.8402463959967));
#17250=CARTESIAN_POINT('Ctrl Pts',(-6.09909727660964,-133.602791455873,
67.8813536352393));
#17251=CARTESIAN_POINT('Ctrl Pts',(-6.08758119985774,-133.584030872518,
67.9017142809701));
#17252=CARTESIAN_POINT('Ctrl Pts',(-6.05461667155919,-133.547126334634,
67.942612916982));
#17253=CARTESIAN_POINT('Ctrl Pts',(-6.03285952147949,-133.530915202883,
67.9611713892382));
#17254=CARTESIAN_POINT('Ctrl Pts',(-5.99713293243847,-133.514031018022,
67.9815914428713));
#17255=CARTESIAN_POINT('Ctrl Pts',(-5.98486781074239,-133.509535764296,
67.9872590089501));
#17256=CARTESIAN_POINT('Ctrl Pts',(-5.96005642833357,-133.50323060223,67.9958649844443));
#17257=CARTESIAN_POINT('Ctrl Pts',(-5.94776702652736,-133.501236990507,
67.9989697143071));
#17258=CARTESIAN_POINT('Ctrl Pts',(-5.93511731934539,-133.500419071337,
68.0009109191433));
#17259=CARTESIAN_POINT('',(5.63175162919143,-133.500419071322,69.775945046175));
#17260=CARTESIAN_POINT('Ctrl Pts',(5.87055448805165,-133.682568851444,69.6374755282181));
#17261=CARTESIAN_POINT('Ctrl Pts',(5.87040640989897,-133.682176115876,69.6378547793855));
#17262=CARTESIAN_POINT('Ctrl Pts',(5.87025717992224,-133.68178348296,69.6382336887863));
#17263=CARTESIAN_POINT('Ctrl Pts',(5.86239467304168,-133.661260553907,69.6580265707369));
#17264=CARTESIAN_POINT('Ctrl Pts',(5.85161602761385,-133.641302186888,69.6766350101802));
#17265=CARTESIAN_POINT('Ctrl Pts',(5.82404057739173,-133.602797206038,69.7110545113298));
#17266=CARTESIAN_POINT('Ctrl Pts',(5.80695111491998,-133.584037766501,69.7270243235928));
#17267=CARTESIAN_POINT('Ctrl Pts',(5.76324135703333,-133.547131735597,69.7561583327482));
#17268=CARTESIAN_POINT('Ctrl Pts',(5.73691912829426,-133.530918715325,69.7673405139692));
#17269=CARTESIAN_POINT('Ctrl Pts',(5.69671098718764,-133.514032548068,69.7761096534366));
#17270=CARTESIAN_POINT('Ctrl Pts',(5.68330990470739,-133.50953675249,69.7778390292841));
#17271=CARTESIAN_POINT('Ctrl Pts',(5.6570579028691,-133.503230869721,69.7786095277822));
#17272=CARTESIAN_POINT('Ctrl Pts',(5.6444021867471,-133.501237045484,69.7778863815088));
#17273=CARTESIAN_POINT('Ctrl Pts',(5.63175162930475,-133.500419071337,69.7759450461924));
#17274=CARTESIAN_POINT('Origin',(5.61857721750578,-133.700032350057,69.773921901677));
#17275=CARTESIAN_POINT('Origin',(-2.23148659292651E-14,-128.7,67.8999987669288));
#17276=CARTESIAN_POINT('',(5.17958160977331,-128.5,69.7065557223002));
#17277=CARTESIAN_POINT('',(-5.48294729981399,-128.5,68.0703002430355));
#17278=CARTESIAN_POINT('Origin',(-2.21005345086546E-14,-128.5,67.8999987669288));
#17279=CARTESIAN_POINT('',(-5.49840110663446,-128.500591734451,68.0679287253308));
#17280=CARTESIAN_POINT('Origin',(-5.4826960562191,-128.700044075889,68.0703364439399));
#17281=CARTESIAN_POINT('Ctrl Pts',(-5.68473105306833,-128.682568851451,
67.8663900375479));
#17282=CARTESIAN_POINT('Ctrl Pts',(-5.68469933118299,-128.682178985837,
67.8667938754471));
#17283=CARTESIAN_POINT('Ctrl Pts',(-5.68466642211202,-128.681789221573,
67.8671977194222));
#17284=CARTESIAN_POINT('Ctrl Pts',(-5.68288583087043,-128.66144006421,67.888287726621));
#17285=CARTESIAN_POINT('Ctrl Pts',(-5.67801605344271,-128.641651596945,
67.9090864613903));
#17286=CARTESIAN_POINT('Ctrl Pts',(-5.66180483472349,-128.60344980778,67.9497680307074));
#17287=CARTESIAN_POINT('Ctrl Pts',(-5.65023648192996,-128.584830220266,
67.9698805000095));
#17288=CARTESIAN_POINT('Ctrl Pts',(-5.61730013137344,-128.548083279942,
68.0102757313989));
#17289=CARTESIAN_POINT('Ctrl Pts',(-5.5956217118164,-128.531853026403,68.0286078521524));
#17290=CARTESIAN_POINT('Ctrl Pts',(-5.56008526312138,-128.514783251854,
68.0487894175214));
#17291=CARTESIAN_POINT('Ctrl Pts',(-5.5478864975191,-128.510201719655,68.0543954842159));
#17292=CARTESIAN_POINT('Ctrl Pts',(-5.52321641834414,-128.503678649979,
68.0629158084632));
#17293=CARTESIAN_POINT('Ctrl Pts',(-5.51099139992545,-128.501557389317,
68.0659966380603));
#17294=CARTESIAN_POINT('Ctrl Pts',(-5.49840110680233,-128.500591734476,
68.0679287253051));
#17295=CARTESIAN_POINT('',(5.19503541659367,-128.500591734451,69.7089272400048));
#17296=CARTESIAN_POINT('Ctrl Pts',(5.43322380765322,-128.682568851451,69.5725344910195));
#17297=CARTESIAN_POINT('Ctrl Pts',(5.43307245244261,-128.682178985837,69.5729102341857));
#17298=CARTESIAN_POINT('Ctrl Pts',(5.43291996285308,-128.681789221574,69.5732856271646));
#17299=CARTESIAN_POINT('Ctrl Pts',(5.42489689673539,-128.661438911236,69.5928723594669));
#17300=CARTESIAN_POINT('Ctrl Pts',(5.41401378354377,-128.641649304547,69.6112548229964));
#17301=CARTESIAN_POINT('Ctrl Pts',(5.38634772152306,-128.603445571954,69.6452049320282));
#17302=CARTESIAN_POINT('Ctrl Pts',(5.36927942102019,-128.58482513825,69.6609236434828));
#17303=CARTESIAN_POINT('Ctrl Pts',(5.32574477674833,-128.548079278103,69.6895825059342));
#17304=CARTESIAN_POINT('Ctrl Pts',(5.29956793411406,-128.531850409842,69.7005694444135));
#17305=CARTESIAN_POINT('Ctrl Pts',(5.25961696566529,-128.514782098194,69.7091654275304));
#17306=CARTESIAN_POINT('Ctrl Pts',(5.24629917919595,-128.510200968141,69.7108553929171));
#17307=CARTESIAN_POINT('Ctrl Pts',(5.2202107430275,-128.503678439015,69.7115859304603));
#17308=CARTESIAN_POINT('Ctrl Pts',(5.20762508259299,-128.501557341205,69.7108592310131));
#17309=CARTESIAN_POINT('Ctrl Pts',(5.19503541676156,-128.500591734476,69.7089272400306));
#17310=CARTESIAN_POINT('Origin',(5.17933107960237,-128.700043885697,69.7065149217623));
#17311=CARTESIAN_POINT('Origin',(-2.35075824256744E-14,-131.2,67.8999987669288));
#17312=CARTESIAN_POINT('',(-1.84027645656764,-131.,73.2993108288703));
#17313=CARTESIAN_POINT('',(-0.136581974910518,-131.,62.1973210149466));
#17314=CARTESIAN_POINT('Origin',(-2.33667733263941E-14,-131.,67.8999987669288));
#17315=CARTESIAN_POINT('',(-0.134408120512277,-131.000498364588,62.1831552653678));
#17316=CARTESIAN_POINT('Origin',(-0.136614321110934,-131.200037412254,62.1975437052115));
#17317=CARTESIAN_POINT('Ctrl Pts',(0.0682552706332955,-131.182568851447,
61.9968412942916));
#17318=CARTESIAN_POINT('Ctrl Pts',(0.0678501977097311,-131.182177494808,
61.996870852193));
#17319=CARTESIAN_POINT('Ctrl Pts',(0.0674451118634785,-131.181786240191,
61.9969016046287));
#17320=CARTESIAN_POINT('Ctrl Pts',(0.0462619250547641,-131.161332286664,
61.9985721603899));
#17321=CARTESIAN_POINT('Ctrl Pts',(0.025351307589664,-131.141441210743,
62.0033613938369));
#17322=CARTESIAN_POINT('Ctrl Pts',(-0.0155769932779179,-131.103057396191,
62.0194770109478));
#17323=CARTESIAN_POINT('Ctrl Pts',(-0.0358298100490434,-131.084354461157,
62.0310328843465));
#17324=CARTESIAN_POINT('Ctrl Pts',(-0.0764741381014679,-131.047538134534,
62.0640025380313));
#17325=CARTESIAN_POINT('Ctrl Pts',(-0.0949059819457668,-131.031333851472,
62.0857148255463));
#17326=CARTESIAN_POINT('Ctrl Pts',(-0.115191975776221,-131.014376927137,
62.1213335441469));
#17327=CARTESIAN_POINT('Ctrl Pts',(-0.120824542040928,-131.009844626971,
62.1335602995367));
#17328=CARTESIAN_POINT('Ctrl Pts',(-0.129381668065188,-131.003440428607,
62.1582899326625));
#17329=CARTESIAN_POINT('Ctrl Pts',(-0.132472424536777,-131.001387039529,
62.1705414562382));
#17330=CARTESIAN_POINT('Ctrl Pts',(-0.134408120491262,-131.000498364607,
62.1831552652306));
#17331=CARTESIAN_POINT('',(-1.84245031096581,-131.000498364588,73.313476578449));
#17332=CARTESIAN_POINT('Ctrl Pts',(-1.70497982196128,-131.182568851447,
73.5519869777646));
#17333=CARTESIAN_POINT('Ctrl Pts',(-1.70535739220221,-131.18217749481,73.5518373166333));
#17334=CARTESIAN_POINT('Ctrl Pts',(-1.70573461659068,-131.181786240192,
73.5516865120573));
#17335=CARTESIAN_POINT('Ctrl Pts',(-1.7254405970012,-131.161333873361,73.5437415486202));
#17336=CARTESIAN_POINT('Ctrl Pts',(-1.74395151891826,-131.141444365738,
73.5329036310698));
#17337=CARTESIAN_POINT('Ctrl Pts',(-1.77816200384445,-131.103063220836,
73.5052600461329));
#17338=CARTESIAN_POINT('Ctrl Pts',(-1.79401701252386,-131.084361446453,
73.4881649767676));
#17339=CARTESIAN_POINT('Ctrl Pts',(-1.82290690149483,-131.047543620636,
73.4445265916338));
#17340=CARTESIAN_POINT('Ctrl Pts',(-1.83398174717818,-131.031337428339,
73.4182851087251));
#17341=CARTESIAN_POINT('Ctrl Pts',(-1.84265535269776,-131.014378494077,
73.3782200387284));
#17342=CARTESIAN_POINT('Ctrl Pts',(-1.84436284613067,-131.009845643257,
73.3648660403818));
#17343=CARTESIAN_POINT('Ctrl Pts',(-1.84511125799648,-131.003440708686,
73.3387066515228));
#17344=CARTESIAN_POINT('Ctrl Pts',(-1.84438613921103,-131.001387100253,
73.3260912494991));
#17345=CARTESIAN_POINT('Ctrl Pts',(-1.8424503109869,-131.000498364607,73.3134765785862));
#17346=CARTESIAN_POINT('Origin',(-1.84024054053106,-131.200037232787,73.29908869369));
#17347=CARTESIAN_POINT('Origin',(-2.55073021236806E-14,-126.2,67.8999987669289));
#17348=CARTESIAN_POINT('',(-1.77279112958097,-126.,72.8595480539938));
#17349=CARTESIAN_POINT('',(-0.2040673018972,-126.,62.6370837898232));
#17350=CARTESIAN_POINT('Origin',(-2.5374133873738E-14,-126.,67.8999987669289));
#17351=CARTESIAN_POINT('',(-0.201480958206165,-126.00070195408,62.6202300865204));
#17352=CARTESIAN_POINT('Origin',(-0.204107988238666,-126.20005222751,62.6373687140789));
#17353=CARTESIAN_POINT('Ctrl Pts',(-0.00116150854201145,-126.182568851455,
62.4338901478868));
#17354=CARTESIAN_POINT('Ctrl Pts',(-0.00156399004225691,-126.182180603249,
62.4339242007287));
#17355=CARTESIAN_POINT('Ctrl Pts',(-0.00196647029631312,-126.181792455679,
62.4339594327508));
#17356=CARTESIAN_POINT('Ctrl Pts',(-0.0229934363911987,-126.161519430763,
62.4358616906842));
#17357=CARTESIAN_POINT('Ctrl Pts',(-0.043709811663299,-126.141805148117,
62.4408328456525));
#17358=CARTESIAN_POINT('Ctrl Pts',(-0.0841927777909309,-126.103737716519,
62.4571995271759));
#17359=CARTESIAN_POINT('Ctrl Pts',(-0.104184563467101,-126.085181143968,
62.4688195431566));
#17360=CARTESIAN_POINT('Ctrl Pts',(-0.144351001183089,-126.048478560423,
62.5018279738808));
#17361=CARTESIAN_POINT('Ctrl Pts',(-0.162469898074312,-126.032319758579,
62.5234173623047));
#17362=CARTESIAN_POINT('Ctrl Pts',(-0.182470413801007,-126.015191153589,
62.5587909276819));
#17363=CARTESIAN_POINT('Ctrl Pts',(-0.188033068043788,-126.010570171321,
62.5709414625411));
#17364=CARTESIAN_POINT('Ctrl Pts',(-0.196492749142178,-126.00393749932,
62.5955088711164));
#17365=CARTESIAN_POINT('Ctrl Pts',(-0.199555955464516,-126.001748777985,
62.6076859589983));
#17366=CARTESIAN_POINT('Ctrl Pts',(-0.201480958174468,-126.000701954114,
62.6202300863134));
#17367=CARTESIAN_POINT('',(-1.77537747327183,-126.00070195408,72.8764017572964));
#17368=CARTESIAN_POINT('Ctrl Pts',(-1.64015085492716,-126.182568851455,
73.1142340854917));
#17369=CARTESIAN_POINT('Ctrl Pts',(-1.64052460516262,-126.182180603246,
73.1140809133068));
#17370=CARTESIAN_POINT('Ctrl Pts',(-1.64089800061329,-126.181792455665,
73.1139266165789));
#17371=CARTESIAN_POINT('Ctrl Pts',(-1.66038797494358,-126.16151841741,73.1058064341393));
#17372=CARTESIAN_POINT('Ctrl Pts',(-1.67866134377518,-126.141803133019,
73.0948513965094));
#17373=CARTESIAN_POINT('Ctrl Pts',(-1.71237517807521,-126.103733991037,
73.0670968393101));
#17374=CARTESIAN_POINT('Ctrl Pts',(-1.72796319501714,-126.085176672957,
73.0500156131236));
#17375=CARTESIAN_POINT('Ctrl Pts',(-1.75638234747587,-126.048475033456,
73.0064809583644));
#17376=CARTESIAN_POINT('Ctrl Pts',(-1.7671927283391,-126.03231744262,72.9804528631763));
#17377=CARTESIAN_POINT('Ctrl Pts',(-1.77566497558373,-126.015190126453,
72.9407113589937));
#17378=CARTESIAN_POINT('Ctrl Pts',(-1.77732802259456,-126.010569499112,
72.9274525221212));
#17379=CARTESIAN_POINT('Ctrl Pts',(-1.77803152743565,-126.003937306993,
72.9014800584783));
#17380=CARTESIAN_POINT('Ctrl Pts',(-1.77730239127259,-126.001748731902,
72.8889453326029));
#17381=CARTESIAN_POINT('Ctrl Pts',(-1.77537747330366,-126.000701954114,
72.8764017575033));
#17382=CARTESIAN_POINT('Origin',(-1.77274450804982,-126.200052163099,72.8592640434385));
#17383=CARTESIAN_POINT('Origin',(1.8457440447757E-14,-132.3,67.8999987669288));
#17384=CARTESIAN_POINT('',(5.79927259878598,-132.500000000001,67.7782400903832));
#17385=CARTESIAN_POINT('',(-5.4959069087449,-132.5,66.0448990119963));
#17386=CARTESIAN_POINT('Origin',(1.82431090271466E-14,-132.5,67.8999987669288));
#17387=CARTESIAN_POINT('',(-5.54391479536764,-132.494191930478,66.0375317946879));
#17388=CARTESIAN_POINT('Origin',(-5.49571481521895,-132.299991498189,66.044958039575));
#17389=CARTESIAN_POINT('',(-5.74388294235926,-132.300021859619,66.1637856429384));
#17390=CARTESIAN_POINT('Ctrl Pts',(-5.74388370634882,-132.300021859619,
66.163785412006));
#17391=CARTESIAN_POINT('Ctrl Pts',(-5.73264651338242,-132.338767953796,
66.1266100533332));
#17392=CARTESIAN_POINT('Ctrl Pts',(-5.71078035556667,-132.377948710599,
66.0932838875476));
#17393=CARTESIAN_POINT('Ctrl Pts',(-5.64402567359354,-132.448666421435,
66.0446985422219));
#17394=CARTESIAN_POINT('Ctrl Pts',(-5.59708420426194,-132.481132881284,
66.0293724980173));
#17395=CARTESIAN_POINT('Ctrl Pts',(-5.54391479536764,-132.494191930478,
66.0375317946879));
#17396=CARTESIAN_POINT('',(0.910180594374068,-132.3,61.9688791933398));
#17397=CARTESIAN_POINT('Origin',(2.16121565088656E-11,-132.300010894456,
67.8999987669633));
#17398=CARTESIAN_POINT('',(6.00018963866756,-132.300033225569,67.9660018908353));
#17399=CARTESIAN_POINT('Origin',(7.10518310853558E-10,-132.300016553956,
67.8999987635648));
#17400=CARTESIAN_POINT('',(5.8472804853688,-132.494191930489,67.7856073076855));
#17401=CARTESIAN_POINT('Ctrl Pts',(5.8472804853688,-132.494191930489,67.7856073076855));
#17402=CARTESIAN_POINT('Ctrl Pts',(5.90042970706571,-132.481137839521,67.7937635064597));
#17403=CARTESIAN_POINT('Ctrl Pts',(5.94076043701068,-132.448532957009,67.8225852630543));
#17404=CARTESIAN_POINT('Ctrl Pts',(5.98976421317548,-132.377882160552,67.8888950315354));
#17405=CARTESIAN_POINT('Ctrl Pts',(6.00061489292837,-132.338778722031,67.927168239288));
#17406=CARTESIAN_POINT('Ctrl Pts',(6.00019063996797,-132.300033225735,67.9660019018498));
#17407=CARTESIAN_POINT('Origin',(5.79907164443094,-132.299991495305,67.7782388014414));
#17408=CARTESIAN_POINT('Origin',(-8.5186378920499E-15,-115.949033200812,
67.8999987669288));
#17409=CARTESIAN_POINT('',(2.85288184661548,-132.5,69.3495039132638));
#17410=CARTESIAN_POINT('',(-3.15624753665631,-132.5,68.4273520520719));
#17411=CARTESIAN_POINT('Origin',(-2.62555990247844E-14,-132.5,67.8999987669288));
#17412=CARTESIAN_POINT('',(-3.15624753665631,-133.5,68.4273520520719));
#17413=CARTESIAN_POINT('',(-3.15624753665629,-115.949033200812,68.4273520520719));
#17414=CARTESIAN_POINT('',(2.85288184661548,-133.5,69.3495039132638));
#17415=CARTESIAN_POINT('Origin',(-2.73272561278368E-14,-133.5,67.8999987669288));
#17416=CARTESIAN_POINT('',(2.85288184661548,-132.5,69.3495039132638));
#17417=CARTESIAN_POINT('Origin',(-8.5186378920499E-15,-115.949033200812,
67.8999987669288));
#17418=CARTESIAN_POINT('',(2.85288184661549,-127.5,69.3495039132638));
#17419=CARTESIAN_POINT('',(-3.1562475366563,-127.5,68.4273520520719));
#17420=CARTESIAN_POINT('Origin',(-2.08973135095223E-14,-127.5,67.8999987669288));
#17421=CARTESIAN_POINT('',(-3.15624753665631,-128.5,68.4273520520719));
#17422=CARTESIAN_POINT('',(-3.15624753665629,-115.949033200812,68.4273520520719));
#17423=CARTESIAN_POINT('',(2.85288184661549,-128.5,69.3495039132638));
#17424=CARTESIAN_POINT('Origin',(-2.19689706125747E-14,-128.5,67.8999987669288));
#17425=CARTESIAN_POINT('',(2.85288184661549,-127.5,69.3495039132638));
#17426=CARTESIAN_POINT('Origin',(-3.69721700553087E-14,-142.5,67.8999987669288));
#17427=CARTESIAN_POINT('',(0.485385104065198,-145.5,64.7370252765638));
#17428=CARTESIAN_POINT('Origin',(-4.01871413644659E-14,-145.5,67.8999987669288));
#17429=CARTESIAN_POINT('',(0.485385104065201,-142.5,64.7370252765638));
#17430=CARTESIAN_POINT('',(0.485385104065201,-142.5,64.7370252765638));
#17431=CARTESIAN_POINT('Origin',(-3.69721700553087E-14,-142.5,67.8999987669288));
#17432=CARTESIAN_POINT('Origin',(-6.51118211201901E-14,-132.758073580374,
67.8999987669288));
#17433=CARTESIAN_POINT('',(3.44999999999996,-105.,67.8999987669288));
#17434=CARTESIAN_POINT('Origin',(-3.53646844007301E-14,-105.,67.8999987669288));
#17435=CARTESIAN_POINT('',(3.44999999999994,-123.,67.8999987669288));
#17436=CARTESIAN_POINT('',(3.44999999999993,-132.758073580374,67.8999987669288));
#17437=CARTESIAN_POINT('Origin',(-5.46545122556737E-14,-123.,67.8999987669288));
#17438=CARTESIAN_POINT('Origin',(6.87008485920865,-138.,62.8579342450931));
#17439=CARTESIAN_POINT('',(0.68257280261958,-138.,63.4520672965874));
#17440=CARTESIAN_POINT('',(-3.17161889377161,-138.,62.8606088972873));
#17441=CARTESIAN_POINT('',(6.63864749296993,-138.,64.3660774657276));
#17442=CARTESIAN_POINT('',(0.903172103258611,-138.000000000157,62.0145494692093));
#17443=CARTESIAN_POINT('Origin',(-8.74641075912508E-6,-137.999999998117,
67.9001832113314));
#17444=CARTESIAN_POINT('',(5.20773316004522E-10,-138.000000000165,73.8543445147176));
#17445=CARTESIAN_POINT('Origin',(4.27065327546217E-11,-138.000000000157,
67.8999987669354));
#17446=CARTESIAN_POINT('',(-0.903172103258675,-138.000000000157,73.7854480646483));
#17447=CARTESIAN_POINT('Origin',(4.27065327546217E-11,-138.000000000157,
67.8999987669354));
#17448=CARTESIAN_POINT('',(-4.53677588319308,-138.,71.7564700912108));
#17449=CARTESIAN_POINT('Origin',(5.79662673522163E-5,-137.999999998117,
67.8997783455533));
#17450=CARTESIAN_POINT('',(-0.682572802291724,-138.,72.3479302373205));
#17451=CARTESIAN_POINT('',(5.27350188807436,-138.,73.261940405503));
#17452=CARTESIAN_POINT('Origin',(-3.21497130915727E-14,-138.,67.8999987669288));
#17453=CARTESIAN_POINT('Origin',(-5.51469283218157,-139.499502580766,60.983484979862));
#17454=CARTESIAN_POINT('',(-4.52626361644252,-139.499502580766,61.1351678248824));
#17455=CARTESIAN_POINT('',(-1.56097596922535,-139.499502580766,61.5902163599436));
#17456=CARTESIAN_POINT('',(-5.51469283218157,-139.499502580766,60.983484979862));
#17457=CARTESIAN_POINT('',(-5.66637567720195,-139.499502580766,61.971914195601));
#17458=CARTESIAN_POINT('Origin',(-4.6779464614629,-139.499502580766,62.1235970406214));
#17459=CARTESIAN_POINT('',(-5.89389994473253,-139.499502580766,63.4545580192096));
#17460=CARTESIAN_POINT('',(-5.51469283218157,-139.499502580766,60.983484979862));
#17461=CARTESIAN_POINT('',(-4.75378788397309,-139.499502580766,62.6178116484909));
#17462=CARTESIAN_POINT('Origin',(-4.90547072899348,-139.499502580766,63.60624086423));
#17463=CARTESIAN_POINT('',(-1.78850023675593,-139.499502580766,63.0728601835521));
#17464=CARTESIAN_POINT('',(0.682572802591707,-139.499502580766,63.4520672961031));
#17465=CARTESIAN_POINT('',(-1.56097596922535,-139.499502580766,61.5902163599435));
#17466=CARTESIAN_POINT('Origin',(-5.51469283218157,-139.499502580766,60.983484979862));
#17467=CARTESIAN_POINT('',(-5.51469283218157,-139.499502580766,60.983484979862));
#17468=CARTESIAN_POINT('',(-3.38117010946999,-139.499502580766,73.4513669488122));
#17469=CARTESIAN_POINT('',(-7.33488697242621,-139.499502580766,72.8446355687306));
#17470=CARTESIAN_POINT('',(-3.15364584193941,-139.499502580579,71.9687231252036));
#17471=CARTESIAN_POINT('',(-1.56097596922535,-139.499502580766,61.5902163599435));
#17472=CARTESIAN_POINT('',(-4.14207505767846,-139.499502580766,71.8170402801832));
#17473=CARTESIAN_POINT('Origin',(-4.21791648018866,-139.5,72.3112548880527));
#17474=CARTESIAN_POINT('',(-4.36959932520905,-142.5,73.2996841037918));
#17475=CARTESIAN_POINT('',(-4.36959932520905,-142.497174642289,73.2996841037918));
#17476=CARTESIAN_POINT('',(-4.36959932520904,-139.5,73.2996841037918));
#17477=CARTESIAN_POINT('',(-5.20634569592772,-142.497174642289,72.1595720430323));
#17478=CARTESIAN_POINT('Origin',(-4.21791648018866,-142.497174642289,72.3112548880527));
#17479=CARTESIAN_POINT('',(-5.20634569592772,-142.5,72.1595720430323));
#17480=CARTESIAN_POINT('',(-5.20634569592772,-142.5,72.1595720430323));
#17481=CARTESIAN_POINT('Origin',(-4.21791648018866,-142.5,72.3112548880527));
#17482=CARTESIAN_POINT('Origin',(-2.70108802998479,-139.5,62.4269627306622));
#17483=CARTESIAN_POINT('',(-3.68951724572385,-142.497174642289,62.2752798856418));
#17484=CARTESIAN_POINT('',(-3.68951724572385,-142.5,62.2752798856418));
#17485=CARTESIAN_POINT('',(-3.68951724572385,-142.5,62.2752798856418));
#17486=CARTESIAN_POINT('',(-2.54940518496441,-142.497174642289,61.4385335149232));
#17487=CARTESIAN_POINT('Origin',(-2.70108802998479,-142.497174642289,62.4269627306622));
#17488=CARTESIAN_POINT('',(-2.54940518491372,-142.5,61.4385335149309));
#17489=CARTESIAN_POINT('',(-2.54940518486304,-139.5,61.4385335149387));
#17490=CARTESIAN_POINT('Origin',(-2.70108802998479,-142.5,62.4269627306622));
#17491=CARTESIAN_POINT('Origin',(6.90294340514817,-139.5,62.8890765618531));
#17492=CARTESIAN_POINT('',(-0.910097070122355,-139.5,73.8305740613631));
#17493=CARTESIAN_POINT('',(5.08274926490353,-139.5,74.7502271507217));
#17494=CARTESIAN_POINT('',(0.910097070122287,-139.5,61.9694234724945));
#17495=CARTESIAN_POINT('Origin',(-3.37571987461514E-14,-139.5,67.8999987669288));
#17496=CARTESIAN_POINT('',(6.90294340514817,-139.5,62.8890765618531));
#17497=CARTESIAN_POINT('',(0.682572802691556,-139.5,63.4520672961184));
#17498=CARTESIAN_POINT('',(0.682572802591707,-139.5,63.4520672961031));
#17499=CARTESIAN_POINT('',(-0.682572802363703,-139.499999999813,72.3479302377895));
#17500=CARTESIAN_POINT('Origin',(-3.37571987461514E-14,-139.5,67.8999987669288));
#17501=CARTESIAN_POINT('',(-4.14207505767846,-139.499999999625,71.8170402801832));
#17502=CARTESIAN_POINT('Origin',(-3.68951724572385,-142.5,62.2752798856418));
#17503=CARTESIAN_POINT('',(-3.68951724572385,-142.497174642289,62.2752798856418));
#17504=CARTESIAN_POINT('',(-3.68951724572385,-142.5,62.2752798856418));
#17505=CARTESIAN_POINT('Origin',(-4.14207505767846,-139.5,71.8170402801832));
#17506=CARTESIAN_POINT('',(-0.682572802135632,-139.5,72.3479302378246));
#17507=CARTESIAN_POINT('',(-7.10736270489563,-138.,71.3619917451221));
#17508=CARTESIAN_POINT('Origin',(0.682572802591709,-138.,63.4520672961031));
#17509=CARTESIAN_POINT('',(-4.75378788404507,-138.,62.61781164896));
#17510=CARTESIAN_POINT('',(-4.75378788397309,-138.,62.6178116484909));
#17511=CARTESIAN_POINT('',(-5.74221709978413,-138.,62.4661288039396));
#17512=CARTESIAN_POINT('',(0.682572802791407,-138.,63.4520672961337));
#17513=CARTESIAN_POINT('Origin',(5.45687105772395,-123.,63.895114326018));
#17514=CARTESIAN_POINT('',(-0.717384691921228,-122.99999999985,72.5747791504559));
#17515=CARTESIAN_POINT('',(0.717384691963143,-122.99999999985,63.2252183834081));
#17516=CARTESIAN_POINT('Origin',(1.02100272680872E-11,-122.99999999985,
67.8999987669304));
#17517=CARTESIAN_POINT('Origin',(1.07272524196844E-11,-122.99999999985,
67.8999987669305));
#17518=CARTESIAN_POINT('Origin',(2.25806318088217E-10,-123.500000000508,
67.8999987669025));
#17519=CARTESIAN_POINT('Origin',(-0.717384691993291,-123.500000000185,72.5747791509255));
#17520=CARTESIAN_POINT('Origin',(0.717384691734543,-123.500000000181,63.2252183828901));
#17521=CARTESIAN_POINT('Origin',(-2.25880703030867E-10,-123.500000000508,
67.8999987669551));
#17522=CARTESIAN_POINT('Ctrl Pts',(0.0208101673335555,-124.774168870377,
73.2428479500587));
#17523=CARTESIAN_POINT('Ctrl Pts',(0.191871569887624,-124.776507327596,
73.2423862633159));
#17524=CARTESIAN_POINT('Ctrl Pts',(0.217719989283551,-124.791600018936,
73.0739470907241));
#17525=CARTESIAN_POINT('Ctrl Pts',(0.0142137628651235,-125.246434465717,
73.2841918419661));
#17526=CARTESIAN_POINT('Ctrl Pts',(0.185490709323677,-125.24901125035,73.283966634529));
#17527=CARTESIAN_POINT('Ctrl Pts',(0.211375569088974,-125.263865614301,
73.1152900011659));
#17528=CARTESIAN_POINT('Ctrl Pts',(0.0076253793370208,-125.71870115938,
73.3255229870914));
#17529=CARTESIAN_POINT('Ctrl Pts',(0.179116073329655,-125.721250693994,
73.3255064438311));
#17530=CARTESIAN_POINT('Ctrl Pts',(0.20503302808773,-125.736132307963,73.1566206659936));
#17531=CARTESIAN_POINT('Ctrl Pts',(0.00104445572877089,-126.190968869903,
73.3668423159909));
#17532=CARTESIAN_POINT('Ctrl Pts',(0.17274701317123,-126.193259531245,73.3670099186409));
#17533=CARTESIAN_POINT('Ctrl Pts',(0.198692233721394,-126.208400018462,
73.1979399490137));
#17534=CARTESIAN_POINT('',(0.20148095820613,-126.00070195408,73.1797674473371));
#17535=CARTESIAN_POINT('Ctrl Pts',(0.001161508542,-126.182568851455,73.3661073859708));
#17536=CARTESIAN_POINT('Ctrl Pts',(0.00156399004312753,-126.182180603248,
73.3660733331289));
#17537=CARTESIAN_POINT('Ctrl Pts',(0.00196647029509468,-126.181792455679,
73.3660381011067));
#17538=CARTESIAN_POINT('Ctrl Pts',(0.0229934363954874,-126.161519430783,
73.3641358431751));
#17539=CARTESIAN_POINT('Ctrl Pts',(0.043709811662319,-126.141805148118,
73.3591646882055));
#17540=CARTESIAN_POINT('Ctrl Pts',(0.0841927777904287,-126.10373771652,
73.3427980066819));
#17541=CARTESIAN_POINT('Ctrl Pts',(0.104184563466573,-126.085181143968,
73.3311779907013));
#17542=CARTESIAN_POINT('Ctrl Pts',(0.144351001185983,-126.04847856042,73.2981695599745));
#17543=CARTESIAN_POINT('Ctrl Pts',(0.162469898075997,-126.032319758578,
73.2765801715498));
#17544=CARTESIAN_POINT('Ctrl Pts',(0.18247041380089,-126.015191153589,73.2412066061759));
#17545=CARTESIAN_POINT('Ctrl Pts',(0.188033068043695,-126.010570171321,
73.2290560713166));
#17546=CARTESIAN_POINT('Ctrl Pts',(0.196492749141931,-126.00393749932,73.2044886627419));
#17547=CARTESIAN_POINT('Ctrl Pts',(0.19955595546444,-126.001748777985,73.1923115748595));
#17548=CARTESIAN_POINT('Ctrl Pts',(0.201480958174441,-126.000701954114,
73.1797674475441));
#17549=CARTESIAN_POINT('',(0.215011640787891,-124.99321245146,73.0915958286493));
#17550=CARTESIAN_POINT('Origin',(-1.42660016181325E-14,-126.2,67.8999987669288));
#17551=CARTESIAN_POINT('',(1.7753774732718,-126.00070195408,62.9235957765612));
#17552=CARTESIAN_POINT('Ctrl Pts',(1.64015085492716,-126.182568851455,62.6857634483659));
#17553=CARTESIAN_POINT('Ctrl Pts',(1.64052460516084,-126.182180603248,62.6859166205501));
#17554=CARTESIAN_POINT('Ctrl Pts',(1.64089800061601,-126.181792455669,62.6860709172793));
#17555=CARTESIAN_POINT('Ctrl Pts',(1.66038797492908,-126.161518417351,62.6941910997191));
#17556=CARTESIAN_POINT('Ctrl Pts',(1.67866134377709,-126.141803133017,62.7051461373498));
#17557=CARTESIAN_POINT('Ctrl Pts',(1.71237517807518,-126.103733991037,62.7329006945475));
#17558=CARTESIAN_POINT('Ctrl Pts',(1.72796319501705,-126.085176672957,62.7499819207339));
#17559=CARTESIAN_POINT('Ctrl Pts',(1.75638234747382,-126.048475033458,62.79351657549));
#17560=CARTESIAN_POINT('Ctrl Pts',(1.76719272833834,-126.032317442621,62.8195446706779));
#17561=CARTESIAN_POINT('Ctrl Pts',(1.77566497558369,-126.015190126453,62.8592861748638));
#17562=CARTESIAN_POINT('Ctrl Pts',(1.77732802259453,-126.010569499112,62.8725450117362));
#17563=CARTESIAN_POINT('Ctrl Pts',(1.77803152743562,-126.003937306993,62.8985174753791));
#17564=CARTESIAN_POINT('Ctrl Pts',(1.77730239127257,-126.001748731902,62.9110522012545));
#17565=CARTESIAN_POINT('Ctrl Pts',(1.77537747330363,-126.000701954114,62.9235957763543));
#17566=CARTESIAN_POINT('',(1.77279112958092,-126.,62.9404494798639));
#17567=CARTESIAN_POINT('Origin',(1.77274450829218,-126.200052126069,62.9407334888495));
#17568=CARTESIAN_POINT('',(0.204067301897165,-126.,73.1629137440344));
#17569=CARTESIAN_POINT('Origin',(-1.39705070268541E-14,-126.,67.8999987669288));
#17570=CARTESIAN_POINT('Origin',(0.204107986234169,-126.200052449973,73.1626288109443));
#17571=CARTESIAN_POINT('Ctrl Pts',(1.75913844219452,-124.791600018936,63.0294161331743));
#17572=CARTESIAN_POINT('Ctrl Pts',(1.78498686159045,-124.776507327596,62.8609769605825));
#17573=CARTESIAN_POINT('Ctrl Pts',(1.62193535224384,-124.774168870377,62.8092428142359));
#17574=CARTESIAN_POINT('Ctrl Pts',(1.7654828623891,-125.263865614301,62.9880732227325));
#17575=CARTESIAN_POINT('Ctrl Pts',(1.79136772215368,-125.24901125035,62.8193965893693));
#17576=CARTESIAN_POINT('Ctrl Pts',(1.62803967761225,-125.246434465717,62.7678234086178));
#17577=CARTESIAN_POINT('Ctrl Pts',(1.77182540339034,-125.736132307963,62.9467425579048));
#17578=CARTESIAN_POINT('Ctrl Pts',(1.79774235814842,-125.721250693994,62.7778567800673));
#17579=CARTESIAN_POINT('Ctrl Pts',(1.63414783264157,-125.71870115938,62.7264185683571));
#17580=CARTESIAN_POINT('Ctrl Pts',(1.77816619775668,-126.208400018462,62.9054232748847));
#17581=CARTESIAN_POINT('Ctrl Pts',(1.80411141830684,-126.193259531245,62.7363533052574));
#17582=CARTESIAN_POINT('Ctrl Pts',(1.64025956115936,-126.190968869903,62.6850272374921));
#17583=CARTESIAN_POINT('',(1.77537747326385,-126.000701954081,62.9235957766135));
#17584=CARTESIAN_POINT('Ctrl Pts',(-0.22518329595554,-134.782568851425,
74.1144315358255));
#17585=CARTESIAN_POINT('Ctrl Pts',(9.79873131430094,-134.782568851425,74.4776534442854));
#17586=CARTESIAN_POINT('Ctrl Pts',(11.3201850631104,-134.782568851425,64.5632208957866));
#17587=CARTESIAN_POINT('Ctrl Pts',(1.64861051098554,-134.782568851425,61.9040029748203));
#17588=CARTESIAN_POINT('Ctrl Pts',(-0.225201663018327,-134.788366317025,
74.1149384156826));
#17589=CARTESIAN_POINT('Ctrl Pts',(9.79953054726587,-134.788366317025,74.4781899503168));
#17590=CARTESIAN_POINT('Ctrl Pts',(11.3211083933643,-134.788366317025,64.5629487316885));
#17591=CARTESIAN_POINT('Ctrl Pts',(1.64874497980854,-134.788366317025,61.903513911763));
#17592=CARTESIAN_POINT('Ctrl Pts',(-0.225210855298734,-134.794180389023,
74.1151920970595));
#17593=CARTESIAN_POINT('Ctrl Pts',(9.79993054445704,-134.794180389023,74.4784584588932));
#17594=CARTESIAN_POINT('Ctrl Pts',(11.3215704983127,-134.794180389023,64.562812519996));
#17595=CARTESIAN_POINT('Ctrl Pts',(1.64881227827326,-134.794180389023,61.9032691472727));
#17596=CARTESIAN_POINT('Ctrl Pts',(-0.225210855298735,-134.8,74.1151920970595));
#17597=CARTESIAN_POINT('Ctrl Pts',(9.79993054445703,-134.8,74.4784584588932));
#17598=CARTESIAN_POINT('Ctrl Pts',(11.3215704983127,-134.8,64.562812519996));
#17599=CARTESIAN_POINT('Ctrl Pts',(1.64881227827326,-134.8,61.9032691472727));
#17600=CARTESIAN_POINT('Ctrl Pts',(-0.225210855298735,-134.8002,74.1151920970595));
#17601=CARTESIAN_POINT('Ctrl Pts',(9.79993054445703,-134.8002,74.4784584588932));
#17602=CARTESIAN_POINT('Ctrl Pts',(11.3215704983127,-134.8002,64.562812519996));
#17603=CARTESIAN_POINT('Ctrl Pts',(1.64881227827326,-134.8002,61.9032691472727));
#17604=CARTESIAN_POINT('Ctrl Pts',(-0.225210855298735,-134.8004,74.1151920970595));
#17605=CARTESIAN_POINT('Ctrl Pts',(9.79993054445703,-134.8004,74.4784584588932));
#17606=CARTESIAN_POINT('Ctrl Pts',(11.3215704983127,-134.8004,64.562812519996));
#17607=CARTESIAN_POINT('Ctrl Pts',(1.64881227827326,-134.8004,61.9032691472727));
#17608=CARTESIAN_POINT('Ctrl Pts',(-0.225210855298735,-134.8006,74.1151920970595));
#17609=CARTESIAN_POINT('Ctrl Pts',(9.79993054445703,-134.8006,74.4784584588932));
#17610=CARTESIAN_POINT('Ctrl Pts',(11.3215704983127,-134.8006,64.562812519996));
#17611=CARTESIAN_POINT('Ctrl Pts',(1.64881227827326,-134.8006,61.9032691472727));
#17612=CARTESIAN_POINT('',(1.76875128079762,-134.800020500718,61.9375423643129));
#17613=CARTESIAN_POINT('Origin',(1.72001540689362,-134.809677935376,62.1281916614658));
#17614=CARTESIAN_POINT('',(-0.100503274430824,-134.800033549129,74.1184619868485));
#17615=CARTESIAN_POINT('Origin',(-0.0841955147320832,-134.815309738054,
73.9184349888268));
#17616=CARTESIAN_POINT('Origin',(-3.94682550530767E-12,-134.800027025329,
67.8999987669282));
#17617=CARTESIAN_POINT('Ctrl Pts',(0.0646545387783671,-136.208400011465,
74.0713859453239));
#17618=CARTESIAN_POINT('Ctrl Pts',(0.0381319809496329,-136.192970730492,
74.2442180874855));
#17619=CARTESIAN_POINT('Ctrl Pts',(-0.13734633137278,-136.190968862906,
74.2402415840034));
#17620=CARTESIAN_POINT('Ctrl Pts',(0.0709756161176348,-135.73613269661,
74.0301951467452));
#17621=CARTESIAN_POINT('Ctrl Pts',(0.0444741759796534,-135.720897675948,
74.2028896771464));
#17622=CARTESIAN_POINT('Ctrl Pts',(-0.130849247875018,-135.718701548042,
74.1990545981801));
#17623=CARTESIAN_POINT('Ctrl Pts',(0.0772977850141972,-135.263866015192,
73.98899723512));
#17624=CARTESIAN_POINT('Ctrl Pts',(0.0508202654430579,-135.248650414002,
74.1615358890522));
#17625=CARTESIAN_POINT('Ctrl Pts',(-0.124347487147164,-135.246434866623,
74.1578603439059));
#17626=CARTESIAN_POINT('Ctrl Pts',(0.0836211155200732,-134.791600011722,
73.94779175396));
#17627=CARTESIAN_POINT('Ctrl Pts',(0.0571706442041861,-134.776207138881,
74.1201541500845));
#17628=CARTESIAN_POINT('Ctrl Pts',(-0.117840750579498,-134.774168863163,
74.1166583393251));
#17629=CARTESIAN_POINT('',(0.0809050640519188,-134.994457142667,73.9654906876939));
#17630=CARTESIAN_POINT('Ctrl Pts',(0.0809050640519188,-134.994457142667,
73.9654906876939));
#17631=CARTESIAN_POINT('Ctrl Pts',(0.0727096543947636,-134.981642865,74.0188954239973));
#17632=CARTESIAN_POINT('Ctrl Pts',(0.0436411777701298,-134.948987625038,
74.0594028858886));
#17633=CARTESIAN_POINT('Ctrl Pts',(-0.023104611122355,-134.878135035814,
74.1083869991012));
#17634=CARTESIAN_POINT('Ctrl Pts',(-0.0615415901338235,-134.838914315006,
74.1190887372402));
#17635=CARTESIAN_POINT('Ctrl Pts',(-0.100503274430821,-134.800033549129,
74.1184619868485));
#17636=CARTESIAN_POINT('',(0.0674392409181873,-136.000351602575,74.053239654939));
#17637=CARTESIAN_POINT('Ctrl Pts',(-0.137230770105625,-136.182568851458,
74.2395090083915));
#17638=CARTESIAN_POINT('Ctrl Pts',(-0.136823532627731,-136.182174836849,
74.2394833439349));
#17639=CARTESIAN_POINT('Ctrl Pts',(-0.136416269776553,-136.181780925459,
74.2394564719191));
#17640=CARTESIAN_POINT('Ctrl Pts',(-0.115121616705454,-136.161191037159,
74.2379883564643));
#17641=CARTESIAN_POINT('Ctrl Pts',(-0.0940664100173716,-136.141167297971,
74.2333651533147));
#17642=CARTESIAN_POINT('Ctrl Pts',(-0.0527936563769042,-136.102545003946,
74.2174970476849));
#17643=CARTESIAN_POINT('Ctrl Pts',(-0.0323329694175081,-136.083731051172,
74.2060185832514));
#17644=CARTESIAN_POINT('Ctrl Pts',(0.00880223381319365,-136.046745222693,
74.1730599843448));
#17645=CARTESIAN_POINT('Ctrl Pts',(0.0274786900475946,-136.030528401663,
74.1512615286993));
#17646=CARTESIAN_POINT('Ctrl Pts',(0.0480236802344021,-136.013713223381,
74.1154349169877));
#17647=CARTESIAN_POINT('Ctrl Pts',(0.0537238222657749,-136.009252931175,
74.1031342271019));
#17648=CARTESIAN_POINT('Ctrl Pts',(0.0623752598087832,-136.003040870368,
74.0782470154827));
#17649=CARTESIAN_POINT('Ctrl Pts',(0.065492949069506,-136.001103327895,
74.0659225112338));
#17650=CARTESIAN_POINT('Ctrl Pts',(0.0674392409037865,-136.000351602587,
74.0532396550329));
#17651=CARTESIAN_POINT('',(0.0809050640535529,-134.994457142672,73.9654906876832));
#17652=CARTESIAN_POINT('Origin',(-3.07374129231914E-14,-136.2,67.8999987669288));
#17653=CARTESIAN_POINT('',(1.90941919055983,-136.000351602575,62.0501235689594));
#17654=CARTESIAN_POINT('Ctrl Pts',(1.77002103819475,-136.182568851458,61.8110540381419));
#17655=CARTESIAN_POINT('Ctrl Pts',(1.7704018408591,-136.18217483685,61.8112006340406));
#17656=CARTESIAN_POINT('Ctrl Pts',(1.77078230564016,-136.181780925462,61.8113483895418));
#17657=CARTESIAN_POINT('Ctrl Pts',(1.79065536138933,-136.161192584303,61.8191336831438));
#17658=CARTESIAN_POINT('Ctrl Pts',(1.80935403200673,-136.14117037457,61.8298566063844));
#17659=CARTESIAN_POINT('Ctrl Pts',(1.84396737181276,-136.102550678138,61.8573674461018));
#17660=CARTESIAN_POINT('Ctrl Pts',(1.86004390412972,-136.083737852239,61.8744510508099));
#17661=CARTESIAN_POINT('Ctrl Pts',(1.88940534936612,-136.046750538493,61.9182260964603));
#17662=CARTESIAN_POINT('Ctrl Pts',(1.90068768484885,-136.030531850494,61.9446230856928));
#17663=CARTESIAN_POINT('Ctrl Pts',(1.90954600683503,-136.013714717701,61.9849640751891));
#17664=CARTESIAN_POINT('Ctrl Pts',(1.91129579149108,-136.009253892432,61.9984088454086));
#17665=CARTESIAN_POINT('Ctrl Pts',(1.91208691989868,-136.003041126059,62.0247467963092));
#17666=CARTESIAN_POINT('Ctrl Pts',(1.91136561107455,-136.001103377591,62.0374398742251));
#17667=CARTESIAN_POINT('Ctrl Pts',(1.90941919057428,-136.000351602587,62.0501235688654));
#17668=CARTESIAN_POINT('',(1.90759687131307,-136.,62.0619985676363));
#17669=CARTESIAN_POINT('Origin',(1.90756859848371,-136.200027072255,62.0621756241975));
#17670=CARTESIAN_POINT('',(0.0692615601650032,-136.,74.041364656262));
#17671=CARTESIAN_POINT('Origin',(-3.05508227476757E-14,-136.,67.8999987669288));
#17672=CARTESIAN_POINT('Origin',(0.0692876810575876,-136.200027237076,74.0411872604685));
#17673=CARTESIAN_POINT('Ctrl Pts',(1.7701304613567,-136.190968862906,61.8103205205857));
#17674=CARTESIAN_POINT('Ctrl Pts',(1.93872645052842,-136.192970730492,61.8591451364129));
#17675=CARTESIAN_POINT('Ctrl Pts',(1.91220389269968,-136.208400011465,62.0319772785745));
#17676=CARTESIAN_POINT('Ctrl Pts',(1.76397843446291,-135.718701548042,61.851560458271));
#17677=CARTESIAN_POINT('Ctrl Pts',(1.93238425549701,-135.720897675948,61.9004735467515));
#17678=CARTESIAN_POINT('Ctrl Pts',(1.90588281536045,-135.73613269661,62.073168077153));
#17679=CARTESIAN_POINT('Ctrl Pts',(1.75782869008977,-135.246434866623,61.8928087324399));
#17680=CARTESIAN_POINT('Ctrl Pts',(1.92603816603496,-135.248650414002,61.9418273348461));
#17681=CARTESIAN_POINT('Ctrl Pts',(1.89956064646387,-135.263866015192,62.1143659887782));
#17682=CARTESIAN_POINT('Ctrl Pts',(1.75168136861915,-134.774168863163,61.9340658923152));
#17683=CARTESIAN_POINT('Ctrl Pts',(1.91968778727386,-134.776207138881,61.9832090738139));
#17684=CARTESIAN_POINT('Ctrl Pts',(1.89323731595798,-134.791600011722,62.1555714699383));
#17685=CARTESIAN_POINT('',(1.89595336743119,-134.994457142657,62.1378725361716));
#17686=CARTESIAN_POINT('Ctrl Pts',(1.76875150242303,-134.800020500718,61.9375416172141));
#17687=CARTESIAN_POINT('Ctrl Pts',(1.80607106123177,-134.838863766782,61.9486123437705));
#17688=CARTESIAN_POINT('Ctrl Pts',(1.83958533473269,-134.878143665199,61.9703685735448));
#17689=CARTESIAN_POINT('Ctrl Pts',(1.88857233879133,-134.949001282208,62.0371241600103));
#17690=CARTESIAN_POINT('Ctrl Pts',(1.90413383963657,-134.981666221067,62.0845651385864));
#17691=CARTESIAN_POINT('Ctrl Pts',(1.89595336743119,-134.994457142657,62.1378725361716));
#17692=CARTESIAN_POINT('',(1.90941919055622,-136.000351602575,62.050123568983));
#17693=CARTESIAN_POINT('Origin',(-1.64815788460449E-14,-129.8,67.8999987669288));
#17694=CARTESIAN_POINT('',(1.82895589244238,-129.993899060909,62.5744562622402));
#17695=CARTESIAN_POINT('Ctrl Pts',(1.68680423022308,-129.782568851424,62.3704926483652));
#17696=CARTESIAN_POINT('Ctrl Pts',(1.6871912459841,-129.782959704852,62.3705749585723));
#17697=CARTESIAN_POINT('Ctrl Pts',(1.6875779169659,-129.783350661467,62.3706584079699));
#17698=CARTESIAN_POINT('Ctrl Pts',(1.69045070878223,-129.786258657695,62.3712874242641));
#17699=CARTESIAN_POINT('Ctrl Pts',(1.69292289973123,-129.78877989531,62.3718790471792));
#17700=CARTESIAN_POINT('Ctrl Pts',(1.72840488156063,-129.825239980587,62.3811022956174));
#17701=CARTESIAN_POINT('Ctrl Pts',(1.75782599206064,-129.858928605975,62.397957604043));
#17702=CARTESIAN_POINT('Ctrl Pts',(1.79977835394985,-129.914321394992,62.4406698637429));
#17703=CARTESIAN_POINT('Ctrl Pts',(1.81381197729127,-129.93633008563,62.4637881735572));
#17704=CARTESIAN_POINT('Ctrl Pts',(1.82658798039358,-129.9634055731,62.5026263454878));
#17705=CARTESIAN_POINT('Ctrl Pts',(1.82955664751745,-129.971820988391,62.5170230581922));
#17706=CARTESIAN_POINT('Ctrl Pts',(1.83166698596284,-129.985152127119,62.5458935855628));
#17707=CARTESIAN_POINT('Ctrl Pts',(1.83116838155247,-129.990269945402,62.5600387526303));
#17708=CARTESIAN_POINT('Ctrl Pts',(1.82895589245774,-129.993899060884,62.5744562621401));
#17709=CARTESIAN_POINT('',(0.147902539043028,-129.993899060925,73.5289069616103));
#17710=CARTESIAN_POINT('Ctrl Pts',(-0.0488675753979493,-129.782568851424,
73.6808601548541));
#17711=CARTESIAN_POINT('Ctrl Pts',(-0.0484736871486979,-129.782959704845,
73.6808976809898));
#17712=CARTESIAN_POINT('Ctrl Pts',(-0.0480797861972641,-129.783350661462,
73.6809340169725));
#17713=CARTESIAN_POINT('Ctrl Pts',(-0.0451516993920958,-129.786257539442,
73.6811952670543));
#17714=CARTESIAN_POINT('Ctrl Pts',(-0.042616992790927,-129.788777654899,
73.6813721112598));
#17715=CARTESIAN_POINT('Ctrl Pts',(-0.0060030349969782,-129.825236745138,
73.6832133284757));
#17716=CARTESIAN_POINT('Ctrl Pts',(0.0271187299298579,-129.858925642884,
73.6759562180589));
#17717=CARTESIAN_POINT('Ctrl Pts',(0.0799489161672608,-129.914319133438,
73.6477896979529));
#17718=CARTESIAN_POINT('Ctrl Pts',(0.100269327839289,-129.936328200857,
73.6299434207795));
#17719=CARTESIAN_POINT('Ctrl Pts',(0.124104015713124,-129.963404433435,
73.5967232383847));
#17720=CARTESIAN_POINT('Ctrl Pts',(0.131253333370429,-129.971820196318,
73.5838788926144));
#17721=CARTESIAN_POINT('Ctrl Pts',(0.141923999075682,-129.985151847999,
73.5569689959322));
#17722=CARTESIAN_POINT('Ctrl Pts',(0.145689989393448,-129.990269846111,
73.5433248657243));
#17723=CARTESIAN_POINT('Ctrl Pts',(0.147902539020579,-129.993899060885,
73.5289069617566));
#17724=CARTESIAN_POINT('',(0.155459521256234,-130.,73.4796624870532));
#17725=CARTESIAN_POINT('Origin',(0.155461110986785,-129.799987596235,73.4794366782676));
#17726=CARTESIAN_POINT('',(1.82139891022183,-130.,62.6237007368452));
#17727=CARTESIAN_POINT('Origin',(-2.64072403907939E-14,-130.,67.8999987669288));
#17728=CARTESIAN_POINT('Origin',(1.82133271655267,-129.799987593681,62.6239166318768));
#17729=CARTESIAN_POINT('Ctrl Pts',(0.131621533985847,-131.208400014411,
73.6350008383302));
#17730=CARTESIAN_POINT('Ctrl Pts',(0.10536663478731,-131.19310541555,73.8060888042807));
#17731=CARTESIAN_POINT('Ctrl Pts',(-0.0683714909494516,-131.190968865853,
73.803889849943));
#17732=CARTESIAN_POINT('Ctrl Pts',(0.137951315362272,-130.736132532984,
73.5937533205845));
#17733=CARTESIAN_POINT('Ctrl Pts',(0.111720716402254,-130.721061029134,
73.7646829359601));
#17734=CARTESIAN_POINT('Ctrl Pts',(-0.0618373623579825,-130.71870138441,
73.7626446986905));
#17735=CARTESIAN_POINT('Ctrl Pts',(0.144282464638658,-130.26386584613,73.5524968890273));
#17736=CARTESIAN_POINT('Ctrl Pts',(0.118079422030497,-130.248817188967,
73.7232469356241));
#17737=CARTESIAN_POINT('Ctrl Pts',(-0.0552973804324895,-130.246434697556,
73.7213903716118));
#17738=CARTESIAN_POINT('Ctrl Pts',(0.150615076914626,-129.791600014763,
73.5112309239495));
#17739=CARTESIAN_POINT('Ctrl Pts',(0.124443252512369,-129.776346938586,
73.6817775395862));
#17740=CARTESIAN_POINT('Ctrl Pts',(-0.0487511409774678,-129.774168866204,
73.6801262083239));
#17741=CARTESIAN_POINT('',(0.134408120512226,-131.000498364588,73.6168422684898));
#17742=CARTESIAN_POINT('Ctrl Pts',(-0.0682552706333185,-131.182568851447,
73.803156239566));
#17743=CARTESIAN_POINT('Ctrl Pts',(-0.0678501977089182,-131.182177494807,
73.8031266816645));
#17744=CARTESIAN_POINT('Ctrl Pts',(-0.0674451118665263,-131.181786240178,
73.8030959292278));
#17745=CARTESIAN_POINT('Ctrl Pts',(-0.046261925014725,-131.161332286816,
73.8014253734812));
#17746=CARTESIAN_POINT('Ctrl Pts',(-0.0253513075952884,-131.141441210748,
73.7966361400229));
#17747=CARTESIAN_POINT('Ctrl Pts',(0.0155769932780171,-131.103057396191,
73.7805205229097));
#17748=CARTESIAN_POINT('Ctrl Pts',(0.0358298100491636,-131.084354461157,
73.768964649511));
#17749=CARTESIAN_POINT('Ctrl Pts',(0.0764741381001853,-131.047538134535,
73.7359949958274));
#17750=CARTESIAN_POINT('Ctrl Pts',(0.0949059819449345,-131.031333851473,
73.7142827083127));
#17751=CARTESIAN_POINT('Ctrl Pts',(0.115191975776235,-131.014376927137,
73.6786639897106));
#17752=CARTESIAN_POINT('Ctrl Pts',(0.120824542040916,-131.009844626971,
73.6664372343209));
#17753=CARTESIAN_POINT('Ctrl Pts',(0.129381668065009,-131.003440428607,
73.6417076011955));
#17754=CARTESIAN_POINT('Ctrl Pts',(0.132472424536697,-131.001387039529,
73.6294560776196));
#17755=CARTESIAN_POINT('Ctrl Pts',(0.134408120491206,-131.000498364607,
73.616842268627));
#17756=CARTESIAN_POINT('',(0.147902539045394,-129.993899060932,73.5289069615949));
#17757=CARTESIAN_POINT('Origin',(-3.25175489492256E-14,-131.2,67.8999987669289));
#17758=CARTESIAN_POINT('',(1.84245031096576,-131.000498364588,62.4865209554086));
#17759=CARTESIAN_POINT('Ctrl Pts',(1.70497982196124,-131.182568851447,62.248010556093));
#17760=CARTESIAN_POINT('Ctrl Pts',(1.7053573922042,-131.182177494808,62.2481602172251));
#17761=CARTESIAN_POINT('Ctrl Pts',(1.70573461658855,-131.181786240194,62.2483110217995));
#17762=CARTESIAN_POINT('Ctrl Pts',(1.72544059700168,-131.161333873362,62.2562559852375));
#17763=CARTESIAN_POINT('Ctrl Pts',(1.74395151891832,-131.141444365738,62.2670939027879));
#17764=CARTESIAN_POINT('Ctrl Pts',(1.77816200384461,-131.103063220836,62.2947374877249));
#17765=CARTESIAN_POINT('Ctrl Pts',(1.79401701252398,-131.084361446453,62.3118325570902));
#17766=CARTESIAN_POINT('Ctrl Pts',(1.82290690149552,-131.047543620636,62.355470942225));
#17767=CARTESIAN_POINT('Ctrl Pts',(1.83398174717843,-131.031337428339,62.3817124251338));
#17768=CARTESIAN_POINT('Ctrl Pts',(1.84265535269765,-131.014378494077,62.421777495129));
#17769=CARTESIAN_POINT('Ctrl Pts',(1.84436284613062,-131.009845643257,62.4351314934757));
#17770=CARTESIAN_POINT('Ctrl Pts',(1.84511125799642,-131.003440708686,62.4612908823345));
#17771=CARTESIAN_POINT('Ctrl Pts',(1.844386139211,-131.001387100253,62.4739062843583));
#17772=CARTESIAN_POINT('Ctrl Pts',(1.84245031098685,-131.000498364607,62.4865209552714));
#17773=CARTESIAN_POINT('',(1.84027645656756,-131.,62.5006867049876));
#17774=CARTESIAN_POINT('Origin',(1.84024054027919,-131.200037216123,62.5009088418167));
#17775=CARTESIAN_POINT('',(0.136581974910429,-131.,73.6026765189113));
#17776=CARTESIAN_POINT('Origin',(-3.23118848632705E-14,-131.,67.8999987669289));
#17777=CARTESIAN_POINT('Origin',(0.136614314535985,-131.200036749911,73.6024538526256));
#17778=CARTESIAN_POINT('Ctrl Pts',(1.70508892668061,-131.190968865853,62.2472758537674));
#17779=CARTESIAN_POINT('Ctrl Pts',(1.87149179669075,-131.19310541555,62.2972744196177));
#17780=CARTESIAN_POINT('Ctrl Pts',(1.84523689749221,-131.208400014411,62.4683623855682));
#17781=CARTESIAN_POINT('Ctrl Pts',(1.69895479901237,-130.71870138441,62.2885823885536));
#17782=CARTESIAN_POINT('Ctrl Pts',(1.86513771507563,-130.721061029134,62.3386802879384));
#17783=CARTESIAN_POINT('Ctrl Pts',(1.83890711611577,-130.736132532984,62.509609903314));
#17784=CARTESIAN_POINT('Ctrl Pts',(1.69282350391274,-130.246434697556,62.3298994320914));
#17785=CARTESIAN_POINT('Ctrl Pts',(1.85877900944756,-130.248817188967,62.3801162882743));
#17786=CARTESIAN_POINT('Ctrl Pts',(1.8325759668394,-130.26386584613,62.5508663348711));
#17787=CARTESIAN_POINT('Ctrl Pts',(1.68669522895859,-129.774168866204,62.3712277355762));
#17788=CARTESIAN_POINT('Ctrl Pts',(1.85241517896569,-129.776346938586,62.4215856843121));
#17789=CARTESIAN_POINT('Ctrl Pts',(1.82624335456344,-129.791600014763,62.5921322999489));
#17790=CARTESIAN_POINT('',(1.8424503109605,-131.000498364588,62.4865209554431));
#17791=CARTESIAN_POINT('Ctrl Pts',(5.51656641617256,-128.708400016273,67.7348564293169));
#17792=CARTESIAN_POINT('Ctrl Pts',(5.68668351299887,-128.693179790913,67.7609623404154));
#17793=CARTESIAN_POINT('Ctrl Pts',(5.68546528158096,-128.690968867714,67.9337241076491));
#17794=CARTESIAN_POINT('Ctrl Pts',(5.47528520724869,-128.236132429651,67.7285214777435));
#17795=CARTESIAN_POINT('Ctrl Pts',(5.64523176901316,-128.221152189973,67.75460121879));
#17796=CARTESIAN_POINT('Ctrl Pts',(5.64418538452383,-128.218701281073,67.9271679993641));
#17797=CARTESIAN_POINT('Ctrl Pts',(5.43399395133574,-127.763865739132,67.7221849843744));
#17798=CARTESIAN_POINT('Ctrl Pts',(5.60374700625714,-127.748910404635,67.7482350301555));
#17799=CARTESIAN_POINT('Ctrl Pts',(5.60289510280259,-127.746434590554,67.9206052993482));
#17800=CARTESIAN_POINT('Ctrl Pts',(5.39269191952253,-127.291600016688,67.7158468373521));
#17801=CARTESIAN_POINT('Ctrl Pts',(5.56222552102455,-127.276424285245,67.741863206145));
#17802=CARTESIAN_POINT('Ctrl Pts',(5.5615936555686,-127.274168868129,67.9140355330384));
#17803=CARTESIAN_POINT('',(5.49840110663445,-128.500591734451,67.7320688085268));
#17804=CARTESIAN_POINT('Ctrl Pts',(5.68473105306829,-128.682568851451,67.9336074963097));
#17805=CARTESIAN_POINT('Ctrl Pts',(5.68469933118305,-128.682178985838,67.9332036584117));
#17806=CARTESIAN_POINT('Ctrl Pts',(5.68466642211277,-128.681789221583,67.9327998144325));
#17807=CARTESIAN_POINT('Ctrl Pts',(5.68288572997363,-128.66143891113,67.9117086123254));
#17808=CARTESIAN_POINT('Ctrl Pts',(5.67801549027891,-128.641649304551,67.8909086631787));
#17809=CARTESIAN_POINT('Ctrl Pts',(5.66180261970389,-128.603445572055,67.8502249599436));
#17810=CARTESIAN_POINT('Ctrl Pts',(5.65023306563967,-128.584825138243,67.8301115268187));
#17811=CARTESIAN_POINT('Ctrl Pts',(5.61729520104705,-128.548079277018,67.7897173083386));
#17812=CARTESIAN_POINT('Ctrl Pts',(5.59561738923971,-128.531850409231,67.771386667797));
#17813=CARTESIAN_POINT('Ctrl Pts',(5.56008233362179,-128.514782098198,67.7512067146972));
#17814=CARTESIAN_POINT('Ctrl Pts',(5.54788411546983,-128.510200968143,67.7456011020247));
#17815=CARTESIAN_POINT('Ctrl Pts',(5.52321520414778,-128.503678439036,67.7370814191003));
#17816=CARTESIAN_POINT('Ctrl Pts',(5.51099077268244,-128.501557341209,67.7340007995415));
#17817=CARTESIAN_POINT('Ctrl Pts',(5.49840110680239,-128.500591734476,67.7320688085525));
#17818=CARTESIAN_POINT('',(5.49840110659212,-128.500591734451,67.7320688085202));
#17819=CARTESIAN_POINT('Origin',(-4.27920093858117E-14,-128.7,67.8999987669288));
#17820=CARTESIAN_POINT('',(-5.1950354165937,-128.500591734451,66.0910702938528));
#17821=CARTESIAN_POINT('Ctrl Pts',(-5.43322380765327,-128.682568851451,
66.2274630428381));
#17822=CARTESIAN_POINT('Ctrl Pts',(-5.43307245244259,-128.682178985837,
66.2270872996718));
#17823=CARTESIAN_POINT('Ctrl Pts',(-5.43291996285326,-128.681789221576,
66.2267119066928));
#17824=CARTESIAN_POINT('Ctrl Pts',(-5.4248968967352,-128.661438911213,66.2071251743968));
#17825=CARTESIAN_POINT('Ctrl Pts',(-5.41401378354315,-128.641649304546,
66.1887427108603));
#17826=CARTESIAN_POINT('Ctrl Pts',(-5.386347721523,-128.603445571954,66.1547926018292));
#17827=CARTESIAN_POINT('Ctrl Pts',(-5.36927942102006,-128.584825138249,
66.1390738903747));
#17828=CARTESIAN_POINT('Ctrl Pts',(-5.32574477674705,-128.548079278102,
66.1104150279226));
#17829=CARTESIAN_POINT('Ctrl Pts',(-5.29956793411266,-128.531850409842,
66.0994280894438));
#17830=CARTESIAN_POINT('Ctrl Pts',(-5.25961696566513,-128.514782098194,
66.0908321063272));
#17831=CARTESIAN_POINT('Ctrl Pts',(-5.24629917919583,-128.510200968141,
66.0891421409405));
#17832=CARTESIAN_POINT('Ctrl Pts',(-5.22021074302764,-128.503678439015,
66.0884116033974));
#17833=CARTESIAN_POINT('Ctrl Pts',(-5.20762508259305,-128.501557341205,
66.0891383028446));
#17834=CARTESIAN_POINT('Ctrl Pts',(-5.19503541676156,-128.500591734476,
66.091070293827));
#17835=CARTESIAN_POINT('',(-5.17958160977321,-128.5,66.0934418115574));
#17836=CARTESIAN_POINT('Origin',(-5.17933108663592,-128.700043711348,66.0934826110086));
#17837=CARTESIAN_POINT('',(5.48294729981388,-128.5,67.7296972908221));
#17838=CARTESIAN_POINT('Origin',(-4.25539968680523E-14,-128.5,67.8999987669288));
#17839=CARTESIAN_POINT('Origin',(5.48269605625449,-128.700044075485,67.7296610899254));
#17840=CARTESIAN_POINT('Ctrl Pts',(5.99827011202114,-132.282568851426,68.0350202106734));
#17841=CARTESIAN_POINT('Ctrl Pts',(6.06945341292924,-132.282568851426,64.8727323957122));
#17842=CARTESIAN_POINT('Ctrl Pts',(4.03655461932238,-132.282568851426,62.449417768609));
#17843=CARTESIAN_POINT('Ctrl Pts',(0.910065154569826,-132.282568851426,
61.969631447658));
#17844=CARTESIAN_POINT('Ctrl Pts',(5.99877719608481,-132.288366317026,68.0350316251681));
#17845=CARTESIAN_POINT('Ctrl Pts',(6.06996651471415,-132.288366317026,64.8724764755044));
#17846=CARTESIAN_POINT('Ctrl Pts',(4.0368958631279,-132.288366317026,62.4489569852981));
#17847=CARTESIAN_POINT('Ctrl Pts',(0.910142090007571,-132.288366317026,
61.9691301039867));
#17848=CARTESIAN_POINT('Ctrl Pts',(5.99903097966237,-132.294180389023,68.0350373378527));
#17849=CARTESIAN_POINT('Ctrl Pts',(6.07022331001884,-132.294180389023,64.8723483934948));
#17850=CARTESIAN_POINT('Ctrl Pts',(4.03706664757962,-132.294180389023,62.4487263741519));
#17851=CARTESIAN_POINT('Ctrl Pts',(0.910180594374069,-132.294180389023,
61.9688791933397));
#17852=CARTESIAN_POINT('Ctrl Pts',(5.99903097966238,-132.3,68.0350373378527));
#17853=CARTESIAN_POINT('Ctrl Pts',(6.07022331001884,-132.3,64.8723483934948));
#17854=CARTESIAN_POINT('Ctrl Pts',(4.03706664757962,-132.3,62.4487263741519));
#17855=CARTESIAN_POINT('Ctrl Pts',(0.910180594374069,-132.3,61.9688791933398));
#17856=CARTESIAN_POINT('Ctrl Pts',(5.99903097966238,-132.3002,68.0350373378527));
#17857=CARTESIAN_POINT('Ctrl Pts',(6.07022331001884,-132.3002,64.8723483934948));
#17858=CARTESIAN_POINT('Ctrl Pts',(4.03706664757962,-132.3002,62.4487263741519));
#17859=CARTESIAN_POINT('Ctrl Pts',(0.910180594374069,-132.3002,61.9688791933398));
#17860=CARTESIAN_POINT('Ctrl Pts',(5.99903097966238,-132.3004,68.0350373378527));
#17861=CARTESIAN_POINT('Ctrl Pts',(6.07022331001884,-132.3004,64.8723483934948));
#17862=CARTESIAN_POINT('Ctrl Pts',(4.03706664757962,-132.3004,62.4487263741519));
#17863=CARTESIAN_POINT('Ctrl Pts',(0.910180594374069,-132.3004,61.9688791933398));
#17864=CARTESIAN_POINT('Ctrl Pts',(5.99903097966238,-132.3006,68.0350373378527));
#17865=CARTESIAN_POINT('Ctrl Pts',(6.07022331001884,-132.3006,64.8723483934948));
#17866=CARTESIAN_POINT('Ctrl Pts',(4.03706664757962,-132.3006,62.4487263741519));
#17867=CARTESIAN_POINT('Ctrl Pts',(0.910180594374069,-132.3006,61.9688791933398));
#17868=CARTESIAN_POINT('Origin',(5.80040217471512,-132.315837439942,67.9532336134277));
#17869=CARTESIAN_POINT('Origin',(0.879843952447874,-132.30000002228,62.1665655116897));
#17870=CARTESIAN_POINT('Ctrl Pts',(5.95326956132131,-133.708400012825,67.8018722301763));
#17871=CARTESIAN_POINT('Ctrl Pts',(6.12526021844455,-133.693035881337,67.8282656549901));
#17872=CARTESIAN_POINT('Ctrl Pts',(6.12214379075554,-133.690968864267,68.002906632044));
#17873=CARTESIAN_POINT('Ctrl Pts',(5.91205200243619,-133.236132621061,67.795547046241));
#17874=CARTESIAN_POINT('Ctrl Pts',(6.08389522656349,-133.220976418569,67.8219178462116));
#17875=CARTESIAN_POINT('Ctrl Pts',(6.08092941524686,-133.21870147249,67.9963920641342));
#17876=CARTESIAN_POINT('Ctrl Pts',(5.87082649803778,-132.763865937192,67.7892206429994));
#17877=CARTESIAN_POINT('Ctrl Pts',(6.04250263079411,-132.748730764869,67.8155658013832));
#17878=CARTESIAN_POINT('Ctrl Pts',(6.03970689174382,-132.746434788621,67.9898722748857));
#17879=CARTESIAN_POINT('Ctrl Pts',(5.82959251784358,-132.291600013125,67.7828929390751));
#17880=CARTESIAN_POINT('Ctrl Pts',(6.00107954017284,-132.276274721077,67.8092090768589));
#17881=CARTESIAN_POINT('Ctrl Pts',(5.99847565791691,-132.274168864566,67.9833469178848));
#17882=CARTESIAN_POINT('',(5.93511731923219,-133.500419071322,67.799086614697));
#17883=CARTESIAN_POINT('Ctrl Pts',(6.12141072788153,-133.682568851444,68.0027907597133));
#17884=CARTESIAN_POINT('Ctrl Pts',(6.12138318415249,-133.682176115875,68.0023845578773));
#17885=CARTESIAN_POINT('Ctrl Pts',(6.12135443911947,-133.681783482947,68.0019783367078));
#17886=CARTESIAN_POINT('Ctrl Pts',(6.1197887331587,-133.66126055407,67.9807386154969));
#17887=CARTESIAN_POINT('Ctrl Pts',(6.11508591420719,-133.641302186899,67.9597544141175));
#17888=CARTESIAN_POINT('Ctrl Pts',(6.09910023569046,-133.602797206106,67.9186500884226));
#17889=CARTESIAN_POINT('Ctrl Pts',(6.08758578739382,-133.584037766497,67.8982907634652));
#17890=CARTESIAN_POINT('Ctrl Pts',(6.05462334278931,-133.547131734874,67.8573907539467));
#17891=CARTESIAN_POINT('Ctrl Pts',(6.0328653795982,-133.530918714924,67.8388302598694));
#17892=CARTESIAN_POINT('Ctrl Pts',(5.99713690667525,-133.514032548071,67.8184080033949));
#17893=CARTESIAN_POINT('Ctrl Pts',(5.98487104285367,-133.509536752491,67.8127398169812));
#17894=CARTESIAN_POINT('Ctrl Pts',(5.96005807488618,-133.503230869734,67.8041329658447));
#17895=CARTESIAN_POINT('Ctrl Pts',(5.94776787682058,-133.501237045487,67.8010279500352));
#17896=CARTESIAN_POINT('Ctrl Pts',(5.9351173193455,-133.500419071337,67.7990866147143));
#17897=CARTESIAN_POINT('',(5.93511731920368,-133.500419071323,67.7990866146926));
#17898=CARTESIAN_POINT('Origin',(1.09229497523701E-14,-133.7,67.8999987669288));
#17899=CARTESIAN_POINT('',(-5.63175162919136,-133.500419071322,66.0240524876826));
#17900=CARTESIAN_POINT('Ctrl Pts',(-5.8705544880517,-133.682568851444,66.1625220056395));
#17901=CARTESIAN_POINT('Ctrl Pts',(-5.87040640989903,-133.682176115876,
66.1621427544722));
#17902=CARTESIAN_POINT('Ctrl Pts',(-5.87025717992235,-133.681783482961,
66.1617638450712));
#17903=CARTESIAN_POINT('Ctrl Pts',(-5.86239467304172,-133.661260553895,
66.1419709631243));
#17904=CARTESIAN_POINT('Ctrl Pts',(-5.85161602761356,-133.641302186888,
66.123362523677));
#17905=CARTESIAN_POINT('Ctrl Pts',(-5.82404057739142,-133.602797206037,
66.0889430225276));
#17906=CARTESIAN_POINT('Ctrl Pts',(-5.8069511149196,-133.584037766501,66.0729732102647));
#17907=CARTESIAN_POINT('Ctrl Pts',(-5.76324135703473,-133.547131735599,
66.0438392011106));
#17908=CARTESIAN_POINT('Ctrl Pts',(-5.73691912829597,-133.530918715326,
66.0326570198889));
#17909=CARTESIAN_POINT('Ctrl Pts',(-5.69671098718717,-133.514032548068,
66.0238878804211));
#17910=CARTESIAN_POINT('Ctrl Pts',(-5.68330990470697,-133.50953675249,66.0221585045736));
#17911=CARTESIAN_POINT('Ctrl Pts',(-5.65705790286849,-133.503230869721,
66.0213880060755));
#17912=CARTESIAN_POINT('Ctrl Pts',(-5.64440218674666,-133.501237045484,
66.0221111523489));
#17913=CARTESIAN_POINT('Ctrl Pts',(-5.63175162930445,-133.500419071337,
66.0240524876652));
#17914=CARTESIAN_POINT('',(-5.61877512801607,-133.5,66.0260438418285));
#17915=CARTESIAN_POINT('Origin',(-5.61857725797271,-133.700031140072,66.0260756259254));
#17916=CARTESIAN_POINT('',(5.92214081805698,-133.5,67.7970952605511));
#17917=CARTESIAN_POINT('Origin',(1.11318941785948E-14,-133.5,67.8999987669288));
#17918=CARTESIAN_POINT('Origin',(5.92194253129163,-133.7000308993,67.7970662510358));
#17919=CARTESIAN_POINT('Origin',(5.17844100933473E-10,-137.499999999043,
67.8999987669679));
#17920=CARTESIAN_POINT('Origin',(8.18636544480666E-5,-137.999999999654,
67.9000163784543));
#17921=CARTESIAN_POINT('Origin',(5.17843371736427E-10,-137.499999999031,
73.8543445151211));
#17922=CARTESIAN_POINT('Ctrl Pts',(5.52622682780144,-132.291600013109,69.759751370553));
#17923=CARTESIAN_POINT('Ctrl Pts',(5.69771385013069,-132.276274721061,69.7860675083368));
#17924=CARTESIAN_POINT('Ctrl Pts',(5.74744597780344,-132.274168864551,69.6191618962171));
#17925=CARTESIAN_POINT('Ctrl Pts',(5.56746080808162,-132.763865938157,69.7660790744905));
#17926=CARTESIAN_POINT('Ctrl Pts',(5.73913694083796,-132.748730765835,69.7924242328731));
#17927=CARTESIAN_POINT('Ctrl Pts',(5.78873660545548,-132.746434789586,69.6253002186438));
#17928=CARTESIAN_POINT('Ctrl Pts',(5.60868631241352,-133.236132621268,69.7724054777219));
#17929=CARTESIAN_POINT('Ctrl Pts',(5.78052953654096,-133.220976418776,69.7987762776923));
#17930=CARTESIAN_POINT('Ctrl Pts',(5.83001725391922,-133.218701472697,69.6314412407596));
#17931=CARTESIAN_POINT('Ctrl Pts',(5.64990387128007,-133.70840001282,69.7787306616543));
#17932=CARTESIAN_POINT('Ctrl Pts',(5.82189452840332,-133.693035881332,69.8051240864681));
#17933=CARTESIAN_POINT('Ctrl Pts',(5.87128856372206,-133.690968864261,69.6375848007384));
#17934=CARTESIAN_POINT('',(5.74388310797289,-132.300020121874,69.6362124966581));
#17935=CARTESIAN_POINT('Origin',(5.45233667678643,-132.231049585083,69.543107120352));
#17936=CARTESIAN_POINT('',(5.54391479532806,-132.494191930489,69.7624657391637));
#17937=CARTESIAN_POINT('Ctrl Pts',(5.54391479532806,-132.494191930489,69.7624657391637));
#17938=CARTESIAN_POINT('Ctrl Pts',(5.59706680399846,-132.481137155007,69.7706223656224));
#17939=CARTESIAN_POINT('Ctrl Pts',(5.64418598661542,-132.448529708644,69.7552182801101));
#17940=CARTESIAN_POINT('Ctrl Pts',(5.71081924591903,-132.377874294748,69.7066492661123));
#17941=CARTESIAN_POINT('Ctrl Pts',(5.73264639555044,-132.338768749719,69.6733882877097));
#17942=CARTESIAN_POINT('Ctrl Pts',(5.74388403172126,-132.300020121874,69.6362127758812));
#17943=CARTESIAN_POINT('',(5.54391479531529,-132.494191930495,69.7624657391617));
#17944=CARTESIAN_POINT('Ctrl Pts',(-5.99688813029617,-132.282568851426,
67.7134300671143));
#17945=CARTESIAN_POINT('Ctrl Pts',(-6.29517882555929,-132.282568851426,
77.3014045321739));
#17946=CARTESIAN_POINT('Ctrl Pts',(3.18644050602974,-132.282568851426,78.7564394225989));
#17947=CARTESIAN_POINT('Ctrl Pts',(5.77688275128926,-132.282568851426,69.5202150502977));
#17948=CARTESIAN_POINT('Ctrl Pts',(-5.99739509752934,-132.288366317026,
67.7134142948978));
#17949=CARTESIAN_POINT('Ctrl Pts',(-6.29571100980587,-132.288366317026,
77.3021993118272));
#17950=CARTESIAN_POINT('Ctrl Pts',(3.18670988256168,-132.288366317026,78.7573572085508));
#17951=CARTESIAN_POINT('Ctrl Pts',(5.77737111962315,-132.288366317026,69.5203520207644));
#17952=CARTESIAN_POINT('Ctrl Pts',(-5.997648822636,-132.294180389023,67.7134064012766));
#17953=CARTESIAN_POINT('Ctrl Pts',(-6.29597735543118,-132.294180389023,
77.3025970802412));
#17954=CARTESIAN_POINT('Ctrl Pts',(3.18684469914316,-132.294180389023,78.7578165387073));
#17955=CARTESIAN_POINT('Ctrl Pts',(5.77761553642073,-132.294180389023,69.5204205712427));
#17956=CARTESIAN_POINT('Ctrl Pts',(-5.997648822636,-132.3,67.7134064012766));
#17957=CARTESIAN_POINT('Ctrl Pts',(-6.29597735543118,-132.3,77.3025970802412));
#17958=CARTESIAN_POINT('Ctrl Pts',(3.18684469914316,-132.3,78.7578165387073));
#17959=CARTESIAN_POINT('Ctrl Pts',(5.77761553642074,-132.3,69.5204205712427));
#17960=CARTESIAN_POINT('Ctrl Pts',(-5.997648822636,-132.3002,67.7134064012766));
#17961=CARTESIAN_POINT('Ctrl Pts',(-6.29597735543118,-132.3002,77.3025970802412));
#17962=CARTESIAN_POINT('Ctrl Pts',(3.18684469914316,-132.3002,78.7578165387073));
#17963=CARTESIAN_POINT('Ctrl Pts',(5.77761553642074,-132.3002,69.5204205712427));
#17964=CARTESIAN_POINT('Ctrl Pts',(-5.997648822636,-132.3004,67.7134064012766));
#17965=CARTESIAN_POINT('Ctrl Pts',(-6.29597735543118,-132.3004,77.3025970802412));
#17966=CARTESIAN_POINT('Ctrl Pts',(3.18684469914316,-132.3004,78.7578165387073));
#17967=CARTESIAN_POINT('Ctrl Pts',(5.77761553642074,-132.3004,69.5204205712427));
#17968=CARTESIAN_POINT('Ctrl Pts',(-5.997648822636,-132.3006,67.7134064012766));
#17969=CARTESIAN_POINT('Ctrl Pts',(-6.29597735543118,-132.3006,77.3025970802412));
#17970=CARTESIAN_POINT('Ctrl Pts',(3.18684469914316,-132.3006,78.7578165387073));
#17971=CARTESIAN_POINT('Ctrl Pts',(5.77761553642074,-132.3006,69.5204205712427));
#17972=CARTESIAN_POINT('',(-6.00019063996804,-132.300033225737,67.8339956320093));
#17973=CARTESIAN_POINT('Origin',(-5.80043912892268,-132.315009079027,67.8491774676842));
#17974=CARTESIAN_POINT('Origin',(6.08402217494586E-13,-132.300026674197,
67.8999987669247));
#17975=CARTESIAN_POINT('Ctrl Pts',(5.08932622947971,-127.291600016664,69.6927052688299));
#17976=CARTESIAN_POINT('Ctrl Pts',(5.25885983098172,-127.276424285222,69.7187216376228));
#17977=CARTESIAN_POINT('Ctrl Pts',(5.30988386212516,-127.274168868106,69.5542824158789));
#17978=CARTESIAN_POINT('Ctrl Pts',(5.13062826142159,-127.76386574057,69.699043415872));
#17979=CARTESIAN_POINT('Ctrl Pts',(5.30038131634364,-127.748910406074,69.7250934616538));
#17980=CARTESIAN_POINT('Ctrl Pts',(5.3512547887066,-127.746434591992,69.5603994263909));
#17981=CARTESIAN_POINT('Ctrl Pts',(5.17191951723452,-128.236132429959,69.7053799092257));
#17982=CARTESIAN_POINT('Ctrl Pts',(5.3418660789988,-128.22115219028,69.7314596502728));
#17983=CARTESIAN_POINT('Ctrl Pts',(5.39261294446634,-128.218701281381,69.5665198299646));
#17984=CARTESIAN_POINT('Ctrl Pts',(5.2132007261311,-128.708400016265,69.7117148607949));
#17985=CARTESIAN_POINT('Ctrl Pts',(5.3833178229574,-128.693179790905,69.7378207718934));
#17986=CARTESIAN_POINT('Ctrl Pts',(5.43395921692061,-128.690968867706,69.57264340806));
#17987=CARTESIAN_POINT('',(5.10698924251987,-127.493574278873,69.695415807963));
#17988=CARTESIAN_POINT('Ctrl Pts',(5.31061970729373,-127.282568851422,69.5543912168304));
#17989=CARTESIAN_POINT('Ctrl Pts',(5.31053542898784,-127.282958154518,69.5547762653499));
#17990=CARTESIAN_POINT('Ctrl Pts',(5.31045002100944,-127.283347560067,69.5551609647904));
#17991=CARTESIAN_POINT('Ctrl Pts',(5.30980166528936,-127.286265829045,69.558040586573));
#17992=CARTESIAN_POINT('Ctrl Pts',(5.30919222897214,-127.288798934932,69.5605211503196));
#17993=CARTESIAN_POINT('Ctrl Pts',(5.29975436001511,-127.325243158065,69.5959351454781));
#17994=CARTESIAN_POINT('Ctrl Pts',(5.2827275066118,-127.358901946143,69.6252303631072));
#17995=CARTESIAN_POINT('Ctrl Pts',(5.23975172046733,-127.414294773283,69.6669175273689));
#17996=CARTESIAN_POINT('Ctrl Pts',(5.2165185168035,-127.436322416972,69.6808127604203));
#17997=CARTESIAN_POINT('Ctrl Pts',(5.17776229594229,-127.463273634936,69.6932701967121));
#17998=CARTESIAN_POINT('Ctrl Pts',(5.16356955434195,-127.471577750552,69.6961198561224));
#17999=CARTESIAN_POINT('Ctrl Pts',(5.13512983484693,-127.484796524304,69.6981093454218));
#18000=CARTESIAN_POINT('Ctrl Pts',(5.12119335508496,-127.489905210074,69.6975955494872));
#18001=CARTESIAN_POINT('Ctrl Pts',(5.10698924269866,-127.493574278823,69.6954158079904));
#18002=CARTESIAN_POINT('',(5.10698924250111,-127.493574278882,69.6954158079601));
#18003=CARTESIAN_POINT('Origin',(6.02150589046759E-16,-127.3,67.8999987669288));
#18004=CARTESIAN_POINT('',(-5.4103549325606,-127.493574278873,68.0814401573728));
#18005=CARTESIAN_POINT('Ctrl Pts',(-5.56232826511169,-127.282568851422,
67.8858451480257));
#18006=CARTESIAN_POINT('Ctrl Pts',(-5.56236332382346,-127.282958154513,
67.8862377497042));
#18007=CARTESIAN_POINT('Ctrl Pts',(-5.56239720017232,-127.283347560063,
67.8866303571218));
#18008=CARTESIAN_POINT('Ctrl Pts',(-5.56264119400593,-127.286254448563,
67.8895604138743));
#18009=CARTESIAN_POINT('Ctrl Pts',(-5.56280310409475,-127.288776134084,
67.8920981021456));
#18010=CARTESIAN_POINT('Ctrl Pts',(-5.56442463730645,-127.325210223555,
67.9287028718245));
#18011=CARTESIAN_POINT('Ctrl Pts',(-5.5569708162657,-127.358871773795,67.9617589429347));
#18012=CARTESIAN_POINT('Ctrl Pts',(-5.52847951279208,-127.414271734021,
68.0144222766875));
#18013=CARTESIAN_POINT('Ctrl Pts',(-5.51048372527912,-127.436303215082,
68.034648788729));
#18014=CARTESIAN_POINT('Ctrl Pts',(-5.47724504676621,-127.463262006624,
68.058161745193));
#18015=CARTESIAN_POINT('Ctrl Pts',(-5.46455705349779,-127.471569646512,
68.0651392849827));
#18016=CARTESIAN_POINT('Ctrl Pts',(-5.43801587377985,-127.484793643832,
68.0755695580323));
#18017=CARTESIAN_POINT('Ctrl Pts',(-5.42456306224371,-127.489904172411,
68.0792597993886));
#18018=CARTESIAN_POINT('Ctrl Pts',(-5.41035493273918,-127.493574278823,
68.0814401573454));
#18019=CARTESIAN_POINT('',(-5.3597688394567,-127.5,68.0892030223289));
#18020=CARTESIAN_POINT('Origin',(-5.35951384813516,-127.299982428562,68.0892049803995));
#18021=CARTESIAN_POINT('',(5.05640314941589,-127.5,69.6876529430068));
#18022=CARTESIAN_POINT('Origin',(-1.23240566851029E-14,-127.5,67.8999987669288));
#18023=CARTESIAN_POINT('Origin',(5.05615930479088,-127.299982430669,69.6875783504711));
#18024=CARTESIAN_POINT('Ctrl Pts',(-5.51656641617261,-128.708400016273,
68.0651411045407));
#18025=CARTESIAN_POINT('Ctrl Pts',(-5.68668351299892,-128.693179790913,
68.0390351934422));
#18026=CARTESIAN_POINT('Ctrl Pts',(-5.685465281581,-128.690968867714,67.8662734262085));
#18027=CARTESIAN_POINT('Ctrl Pts',(-5.47528520724845,-128.236132429651,
68.0714760561142));
#18028=CARTESIAN_POINT('Ctrl Pts',(-5.64523176901291,-128.221152189973,
68.0453963150676));
#18029=CARTESIAN_POINT('Ctrl Pts',(-5.64418538452387,-128.218701281073,
67.8728295344935));
#18030=CARTESIAN_POINT('Ctrl Pts',(-5.43399395133571,-127.763865739132,
68.0778125494832));
#18031=CARTESIAN_POINT('Ctrl Pts',(-5.60374700625711,-127.748910404635,
68.0517625037021));
#18032=CARTESIAN_POINT('Ctrl Pts',(-5.60289510280263,-127.746434590554,
67.8793922345095));
#18033=CARTESIAN_POINT('Ctrl Pts',(-5.39269191952257,-127.291600016688,
68.0841506965055));
#18034=CARTESIAN_POINT('Ctrl Pts',(-5.56222552102459,-127.276424285245,
68.0581343277126));
#18035=CARTESIAN_POINT('Ctrl Pts',(-5.56159365556864,-127.274168868129,
67.8859620008192));
#18036=CARTESIAN_POINT('',(-5.49840110659215,-128.500591734451,68.0679287253374));
#18037=CARTESIAN_POINT('Ctrl Pts',(-5.95326956132136,-133.708400012825,
67.9981253036813));
#18038=CARTESIAN_POINT('Ctrl Pts',(-6.12526021844461,-133.693035881337,
67.9717318788675));
#18039=CARTESIAN_POINT('Ctrl Pts',(-6.1221437907556,-133.690968864267,67.7970909018136));
#18040=CARTESIAN_POINT('Ctrl Pts',(-5.91205200243562,-133.236132621061,
68.0044504876167));
#18041=CARTESIAN_POINT('Ctrl Pts',(-6.08389522656295,-133.220976418569,
67.9780796876456));
#18042=CARTESIAN_POINT('Ctrl Pts',(-6.08092941524691,-133.21870147249,67.8036054697235));
#18043=CARTESIAN_POINT('Ctrl Pts',(-5.87082649803853,-132.763865937192,
68.0107768908581));
#18044=CARTESIAN_POINT('Ctrl Pts',(-6.04250263079414,-132.748730764869,
67.984431732475));
#18045=CARTESIAN_POINT('Ctrl Pts',(-6.03970689174388,-132.746434788621,
67.8101252589719));
#18046=CARTESIAN_POINT('Ctrl Pts',(-5.82959251784363,-132.291600013125,
68.0171045947825));
#18047=CARTESIAN_POINT('Ctrl Pts',(-6.00107954017289,-132.276274721077,
67.9907884569987));
#18048=CARTESIAN_POINT('Ctrl Pts',(-5.99847565791697,-132.274168864566,
67.8166506159728));
#18049=CARTESIAN_POINT('',(-5.8472804853689,-132.494191930489,68.0143902261721));
#18050=CARTESIAN_POINT('Ctrl Pts',(-5.8472804853689,-132.494191930489,68.0143902261721));
#18051=CARTESIAN_POINT('Ctrl Pts',(-5.90042970706547,-132.481137839521,
68.006234027398));
#18052=CARTESIAN_POINT('Ctrl Pts',(-5.94076043701026,-132.44853295701,67.9774122708037));
#18053=CARTESIAN_POINT('Ctrl Pts',(-5.98976421317505,-132.377882160553,
67.9111025023231));
#18054=CARTESIAN_POINT('Ctrl Pts',(-6.00061489292813,-132.338778722033,
67.8728292945709));
#18055=CARTESIAN_POINT('Ctrl Pts',(-6.00019063996804,-132.300033225737,
67.8339956320093));
#18056=CARTESIAN_POINT('',(-5.93511731920371,-133.500419071323,68.0009109191651));
#18057=CARTESIAN_POINT('Ctrl Pts',(-5.52622682780149,-132.291600013109,
66.0402461633046));
#18058=CARTESIAN_POINT('Ctrl Pts',(-5.69771385013074,-132.276274721061,
66.0139300255208));
#18059=CARTESIAN_POINT('Ctrl Pts',(-5.74744597780349,-132.274168864551,
66.1808356376406));
#18060=CARTESIAN_POINT('Ctrl Pts',(-5.56746080808168,-132.763865938157,
66.0339184593671));
#18061=CARTESIAN_POINT('Ctrl Pts',(-5.73913694083801,-132.748730765834,
66.0075733009845));
#18062=CARTESIAN_POINT('Ctrl Pts',(-5.78873660545554,-132.746434789586,
66.1746973152138));
#18063=CARTESIAN_POINT('Ctrl Pts',(-5.60868631241246,-133.236132621268,
66.0275920561359));
#18064=CARTESIAN_POINT('Ctrl Pts',(-5.78052953654002,-133.220976418776,
66.0012212561661));
#18065=CARTESIAN_POINT('Ctrl Pts',(-5.83001725391924,-133.218701472697,
66.1685562930979));
#18066=CARTESIAN_POINT('Ctrl Pts',(-5.64990387128013,-133.70840001282,66.0212668722033));
#18067=CARTESIAN_POINT('Ctrl Pts',(-5.82189452840337,-133.693035881332,
65.9948734473895));
#18068=CARTESIAN_POINT('Ctrl Pts',(-5.87128856372212,-133.690968864261,
66.1624127331192));
#18069=CARTESIAN_POINT('',(-5.54391479531533,-132.494191930495,66.0375317946959));
#18070=CARTESIAN_POINT('Origin',(-5.44326292024205,-132.226301708822,66.2624399678176));
#18071=CARTESIAN_POINT('Ctrl Pts',(0.910065154569825,-132.282568851426,
61.969631447658));
#18072=CARTESIAN_POINT('Ctrl Pts',(-2.21642431018273,-132.282568851426,
61.489845126707));
#18073=CARTESIAN_POINT('Ctrl Pts',(-4.88242275774395,-132.282568851426,
63.1920741255733));
#18074=CARTESIAN_POINT('Ctrl Pts',(-5.76274441179853,-132.282568851426,
66.2301927987629));
#18075=CARTESIAN_POINT('Ctrl Pts',(0.91014209000757,-132.288366317026,61.9691301039867));
#18076=CARTESIAN_POINT('Ctrl Pts',(-2.21661168311276,-132.288366317026,
61.4893032226754));
#18077=CARTESIAN_POINT('Ctrl Pts',(-4.8828355098752,-132.288366317026,63.1916761252309));
#18078=CARTESIAN_POINT('Ctrl Pts',(-5.76323158490004,-132.288366317026,
66.2300516360643));
#18079=CARTESIAN_POINT('Ctrl Pts',(0.910180594374067,-132.294180389023,
61.9688791933397));
#18080=CARTESIAN_POINT('Ctrl Pts',(-2.21670545883148,-132.294180389023,
61.4890320125276));
#18081=CARTESIAN_POINT('Ctrl Pts',(-4.88304208255224,-132.294180389023,
63.1914769354752));
#18082=CARTESIAN_POINT('Ctrl Pts',(-5.76347540351209,-132.294180389023,
66.2299809874732));
#18083=CARTESIAN_POINT('Ctrl Pts',(0.910180594374067,-132.3,61.9688791933398));
#18084=CARTESIAN_POINT('Ctrl Pts',(-2.21670545883148,-132.3,61.4890320125276));
#18085=CARTESIAN_POINT('Ctrl Pts',(-4.88304208255224,-132.3,63.1914769354752));
#18086=CARTESIAN_POINT('Ctrl Pts',(-5.76347540351209,-132.3,66.2299809874732));
#18087=CARTESIAN_POINT('Ctrl Pts',(0.910180594374067,-132.3002,61.9688791933398));
#18088=CARTESIAN_POINT('Ctrl Pts',(-2.21670545883148,-132.3002,61.4890320125276));
#18089=CARTESIAN_POINT('Ctrl Pts',(-4.88304208255224,-132.3002,63.1914769354752));
#18090=CARTESIAN_POINT('Ctrl Pts',(-5.76347540351209,-132.3002,66.2299809874732));
#18091=CARTESIAN_POINT('Ctrl Pts',(0.910180594374067,-132.3004,61.9688791933398));
#18092=CARTESIAN_POINT('Ctrl Pts',(-2.21670545883148,-132.3004,61.4890320125276));
#18093=CARTESIAN_POINT('Ctrl Pts',(-4.88304208255224,-132.3004,63.1914769354752));
#18094=CARTESIAN_POINT('Ctrl Pts',(-5.76347540351209,-132.3004,66.2299809874732));
#18095=CARTESIAN_POINT('Ctrl Pts',(0.910180594374067,-132.3006,61.9688791933398));
#18096=CARTESIAN_POINT('Ctrl Pts',(-2.21670545883148,-132.3006,61.4890320125276));
#18097=CARTESIAN_POINT('Ctrl Pts',(-4.88304208255224,-132.3006,63.1914769354752));
#18098=CARTESIAN_POINT('Ctrl Pts',(-5.76347540351209,-132.3006,66.2299809874732));
#18099=CARTESIAN_POINT('Ctrl Pts',(-5.08932622947975,-127.291600016664,
66.1072922650278));
#18100=CARTESIAN_POINT('Ctrl Pts',(-5.25885983098176,-127.276424285222,
66.0812758962348));
#18101=CARTESIAN_POINT('Ctrl Pts',(-5.3098838621252,-127.274168868106,66.2457151179786));
#18102=CARTESIAN_POINT('Ctrl Pts',(-5.13062826142202,-127.76386574057,66.1009541179856));
#18103=CARTESIAN_POINT('Ctrl Pts',(-5.30038131634417,-127.748910406074,
66.0749040722044));
#18104=CARTESIAN_POINT('Ctrl Pts',(-5.35125478870666,-127.746434591992,
66.2395981074667));
#18105=CARTESIAN_POINT('Ctrl Pts',(-5.1719195172344,-128.236132429959,66.094617624632));
#18106=CARTESIAN_POINT('Ctrl Pts',(-5.34186607899864,-128.22115219028,66.0685378835847));
#18107=CARTESIAN_POINT('Ctrl Pts',(-5.39261294446638,-128.218701281381,
66.233477703893));
#18108=CARTESIAN_POINT('Ctrl Pts',(-5.21320072613114,-128.708400016265,
66.0882826730627));
#18109=CARTESIAN_POINT('Ctrl Pts',(-5.38331782295745,-128.693179790905,
66.0621767619642));
#18110=CARTESIAN_POINT('Ctrl Pts',(-5.43395921692065,-128.690968867706,
66.2273541257976));
#18111=CARTESIAN_POINT('',(-5.10698924250117,-127.493574278882,66.1045817258975));
#18112=CARTESIAN_POINT('Origin',(-2.3391775283679E-14,-129.8,67.8999987669288));
#18113=CARTESIAN_POINT('',(-1.82895589244243,-129.993899060909,73.2255412716175));
#18114=CARTESIAN_POINT('Ctrl Pts',(-1.68680423022311,-129.782568851425,
73.4295048854924));
#18115=CARTESIAN_POINT('Ctrl Pts',(-1.68719124597568,-129.782959704844,
73.4294225752871));
#18116=CARTESIAN_POINT('Ctrl Pts',(-1.68757791697659,-129.783350661461,
73.4293391258839));
#18117=CARTESIAN_POINT('Ctrl Pts',(-1.69045070876462,-129.786258657691,
73.4287101095987));
#18118=CARTESIAN_POINT('Ctrl Pts',(-1.69292289972541,-129.788779895302,
73.4281184866796));
#18119=CARTESIAN_POINT('Ctrl Pts',(-1.7284048815492,-129.825239980581,73.4188952382448));
#18120=CARTESIAN_POINT('Ctrl Pts',(-1.75782599205447,-129.858928605968,
73.4020399298199));
#18121=CARTESIAN_POINT('Ctrl Pts',(-1.79977835394811,-129.914321394989,
73.3593276701174));
#18122=CARTESIAN_POINT('Ctrl Pts',(-1.81381197728996,-129.936330085628,
73.3362093603031));
#18123=CARTESIAN_POINT('Ctrl Pts',(-1.8265879803931,-129.963405573099,73.2973711883724));
#18124=CARTESIAN_POINT('Ctrl Pts',(-1.82955664751726,-129.97182098839,73.2829744756676));
#18125=CARTESIAN_POINT('Ctrl Pts',(-1.83166698596292,-129.985152127118,
73.2541039482964));
#18126=CARTESIAN_POINT('Ctrl Pts',(-1.83116838155265,-129.990269945401,
73.239958781228));
#18127=CARTESIAN_POINT('Ctrl Pts',(-1.82895589245778,-129.993899060884,
73.2255412717175));
#18128=CARTESIAN_POINT('',(-0.147902539043075,-129.993899060925,62.2710905722473));
#18129=CARTESIAN_POINT('Ctrl Pts',(0.048867575397884,-129.782568851424,
62.1191373790035));
#18130=CARTESIAN_POINT('Ctrl Pts',(0.0484736871507994,-129.782959704843,
62.119099852868));
#18131=CARTESIAN_POINT('Ctrl Pts',(0.0480797861940917,-129.78335066146,
62.1190635168854));
#18132=CARTESIAN_POINT('Ctrl Pts',(0.0451516993992271,-129.78625753944,
62.1188022668036));
#18133=CARTESIAN_POINT('Ctrl Pts',(0.0426169927948155,-129.788777654894,
62.1186254225981));
#18134=CARTESIAN_POINT('Ctrl Pts',(0.00600303500027685,-129.825236745134,
62.1167842053812));
#18135=CARTESIAN_POINT('Ctrl Pts',(-0.0271187299269748,-129.858925642881,
62.1240413157979));
#18136=CARTESIAN_POINT('Ctrl Pts',(-0.0799489161637786,-129.914319133434,
62.1522078359022));
#18137=CARTESIAN_POINT('Ctrl Pts',(-0.100269327836602,-129.936328200854,
62.1700541130751));
#18138=CARTESIAN_POINT('Ctrl Pts',(-0.124104015711805,-129.963404433434,
62.2032742954706));
#18139=CARTESIAN_POINT('Ctrl Pts',(-0.131253333369585,-129.971820196317,
62.2161186412413));
#18140=CARTESIAN_POINT('Ctrl Pts',(-0.141923999075378,-129.985151847999,
62.2430285379242));
#18141=CARTESIAN_POINT('Ctrl Pts',(-0.145689989393401,-129.990269846111,
62.2566726681327));
#18142=CARTESIAN_POINT('Ctrl Pts',(-0.147902539020629,-129.993899060885,
62.271090572101));
#18143=CARTESIAN_POINT('',(-0.155459521256281,-130.,62.3203350468044));
#18144=CARTESIAN_POINT('Origin',(-0.155461111004054,-129.799987595507,62.3205608557008));
#18145=CARTESIAN_POINT('',(-1.82139891022188,-130.,73.1762967970125));
#18146=CARTESIAN_POINT('Origin',(-2.5240728485916E-14,-130.,67.8999987669288));
#18147=CARTESIAN_POINT('Origin',(-1.82133271672591,-129.799987592677,73.1760809017304));
#18148=CARTESIAN_POINT('Ctrl Pts',(-0.131621533985897,-131.208400014411,
62.1649966955274));
#18149=CARTESIAN_POINT('Ctrl Pts',(-0.10536663478736,-131.19310541555,61.993908729577));
#18150=CARTESIAN_POINT('Ctrl Pts',(0.0683714909494019,-131.190968865853,
61.9961076839146));
#18151=CARTESIAN_POINT('Ctrl Pts',(-0.137951315362341,-130.736132532984,
62.2062442132733));
#18152=CARTESIAN_POINT('Ctrl Pts',(-0.111720716402119,-130.721061029134,
62.0353145978977));
#18153=CARTESIAN_POINT('Ctrl Pts',(0.0618373623579158,-130.71870138441,
62.0373528351671));
#18154=CARTESIAN_POINT('Ctrl Pts',(-0.144282464638706,-130.26386584613,
62.2475006448303));
#18155=CARTESIAN_POINT('Ctrl Pts',(-0.118079422030545,-130.248817188967,
62.0767505982336));
#18156=CARTESIAN_POINT('Ctrl Pts',(0.0552973804324418,-130.246434697556,
62.0786071622458));
#18157=CARTESIAN_POINT('Ctrl Pts',(-0.150615076914672,-129.791600014763,
62.2887666099081));
#18158=CARTESIAN_POINT('Ctrl Pts',(-0.124443252512416,-129.776346938586,
62.1182199942714));
#18159=CARTESIAN_POINT('Ctrl Pts',(0.0487511409774211,-129.774168866204,
62.1198713255337));
#18160=CARTESIAN_POINT('',(-0.134408120517612,-131.000498364588,62.1831552654024));
#18161=CARTESIAN_POINT('Ctrl Pts',(-1.70508892668066,-131.190968865853,
73.5527216800902));
#18162=CARTESIAN_POINT('Ctrl Pts',(-1.8714917966908,-131.19310541555,73.5027231142399));
#18163=CARTESIAN_POINT('Ctrl Pts',(-1.84523689749226,-131.208400014411,
73.3316351482894));
#18164=CARTESIAN_POINT('Ctrl Pts',(-1.69895479901242,-130.71870138441,73.511415145304));
#18165=CARTESIAN_POINT('Ctrl Pts',(-1.86513771507568,-130.721061029134,
73.4613172459192));
#18166=CARTESIAN_POINT('Ctrl Pts',(-1.83890711611582,-130.736132532984,
73.2903876305436));
#18167=CARTESIAN_POINT('Ctrl Pts',(-1.69282350391281,-130.246434697556,
73.4700981017663));
#18168=CARTESIAN_POINT('Ctrl Pts',(-1.85877900944816,-130.248817188967,
73.4198812455828));
#18169=CARTESIAN_POINT('Ctrl Pts',(-1.83257596683946,-130.26386584613,73.2491311989865));
#18170=CARTESIAN_POINT('Ctrl Pts',(-1.68669522895864,-129.774168866204,
73.4287697982814));
#18171=CARTESIAN_POINT('Ctrl Pts',(-1.85241517896574,-129.776346938586,
73.3784118495455));
#18172=CARTESIAN_POINT('Ctrl Pts',(-1.82624335456348,-129.791600014763,
73.2078652339087));
#18173=CARTESIAN_POINT('',(-1.82895589243271,-129.993899060932,73.2255412715541));
#18174=CARTESIAN_POINT('Origin',(-9.42778790031203E-15,-124.8,67.8999987669287));
#18175=CARTESIAN_POINT('',(-1.76184679069727,-124.993212451436,72.7882301386545));
#18176=CARTESIAN_POINT('Ctrl Pts',(-1.62204392762068,-124.782568851419,
72.9914914268747));
#18177=CARTESIAN_POINT('Ctrl Pts',(-1.62242682522281,-124.78295646925,72.9914050351475));
#18178=CARTESIAN_POINT('Ctrl Pts',(-1.62280936924765,-124.783344188765,
72.9913175240814));
#18179=CARTESIAN_POINT('Ctrl Pts',(-1.62567472859173,-124.78625176954,72.9906530439336));
#18180=CARTESIAN_POINT('Ctrl Pts',(-1.62814297075766,-124.788775844974,
72.9900299401103));
#18181=CARTESIAN_POINT('Ctrl Pts',(-1.66346747779394,-124.825183404391,
72.9803762653628));
#18182=CARTESIAN_POINT('Ctrl Pts',(-1.69263385145453,-124.858815135401,
72.9631718019839));
#18183=CARTESIAN_POINT('Ctrl Pts',(-1.73404928580377,-124.914221382178,
72.9199198970377));
#18184=CARTESIAN_POINT('Ctrl Pts',(-1.74780158155927,-124.936276724374,
72.8965640968529));
#18185=CARTESIAN_POINT('Ctrl Pts',(-1.75992811301062,-124.963107653885,
72.8578932273488));
#18186=CARTESIAN_POINT('Ctrl Pts',(-1.76265545965455,-124.971297407447,
72.8439153437105));
#18187=CARTESIAN_POINT('Ctrl Pts',(-1.76452117388276,-124.984401356762,
72.8159278578703));
#18188=CARTESIAN_POINT('Ctrl Pts',(-1.76399217192231,-124.989501310384,
72.8022103450583));
#18189=CARTESIAN_POINT('Ctrl Pts',(-1.76184679072771,-124.993212451384,
72.7882301388528));
#18190=CARTESIAN_POINT('',(-0.2150116407844,-124.993212451448,62.7084017051854));
#18191=CARTESIAN_POINT('Ctrl Pts',(-0.0206928408442479,-124.782568851419,
62.5564142194783));
#18192=CARTESIAN_POINT('Ctrl Pts',(-0.0210840243188428,-124.782956469262,
62.556381821901));
#18193=CARTESIAN_POINT('Ctrl Pts',(-0.0214752060855622,-124.783344188775,
62.5563505981788));
#18194=CARTESIAN_POINT('Ctrl Pts',(-0.0244071769146274,-124.786250990272,
62.5561253686173));
#18195=CARTESIAN_POINT('Ctrl Pts',(-0.0269478970598512,-124.788774283709,
62.5559797138091));
#18196=CARTESIAN_POINT('Ctrl Pts',(-0.0635409836158983,-124.825181148608,
62.5545965054397));
#18197=CARTESIAN_POINT('Ctrl Pts',(-0.0965243358458375,-124.858813067958,
62.5622632458887));
#18198=CARTESIAN_POINT('Ctrl Pts',(-0.14900388931921,-124.914219802607,
62.5911057880211));
#18199=CARTESIAN_POINT('Ctrl Pts',(-0.169127013420438,-124.936275407776,
62.6092630409261));
#18200=CARTESIAN_POINT('Ctrl Pts',(-0.192291722806068,-124.963106855245,
62.6425183405682));
#18201=CARTESIAN_POINT('Ctrl Pts',(-0.19908513430994,-124.971296849213,
62.6550354122088));
#18202=CARTESIAN_POINT('Ctrl Pts',(-0.209257505693642,-124.984401156483,
62.6811760584973));
#18203=CARTESIAN_POINT('Ctrl Pts',(-0.21286621730295,-124.989501237292,
62.6944212234147));
#18204=CARTESIAN_POINT('Ctrl Pts',(-0.215011640750673,-124.993212451384,
62.7084017049656));
#18205=CARTESIAN_POINT('',(-0.222998683677514,-125.,62.7604486360156));
#18206=CARTESIAN_POINT('Origin',(-0.223001099603734,-124.799975561596,62.7607381348459));
#18207=CARTESIAN_POINT('',(-1.75385974780063,-125.,72.7361832078012));
#18208=CARTESIAN_POINT('Origin',(-1.85152696970323E-14,-125.,67.8999987669288));
#18209=CARTESIAN_POINT('Origin',(-1.75377524476924,-124.799975562708,72.7359063060459));
#18210=CARTESIAN_POINT('Ctrl Pts',(-0.0208101673335914,-124.774168870377,
62.5571495837989));
#18211=CARTESIAN_POINT('Ctrl Pts',(-0.19187156988766,-124.776507327596,
62.5576112705417));
#18212=CARTESIAN_POINT('Ctrl Pts',(-0.217719989283587,-124.791600018936,
62.7260504431335));
#18213=CARTESIAN_POINT('Ctrl Pts',(-0.0142137628651609,-125.246434465717,
62.5158056918915));
#18214=CARTESIAN_POINT('Ctrl Pts',(-0.185490709323713,-125.24901125035,
62.5160308993286));
#18215=CARTESIAN_POINT('Ctrl Pts',(-0.211375569089011,-125.263865614301,
62.6847075326917));
#18216=CARTESIAN_POINT('Ctrl Pts',(-0.00762537933702376,-125.71870115938,
62.4744745467662));
#18217=CARTESIAN_POINT('Ctrl Pts',(-0.179116073329661,-125.721250693994,
62.4744910900263));
#18218=CARTESIAN_POINT('Ctrl Pts',(-0.205033028087735,-125.736132307963,
62.6433768678638));
#18219=CARTESIAN_POINT('Ctrl Pts',(-0.00104445572880988,-126.190968869903,
62.4331552178667));
#18220=CARTESIAN_POINT('Ctrl Pts',(-0.172747013171269,-126.193259531245,
62.4329876152167));
#18221=CARTESIAN_POINT('Ctrl Pts',(-0.198692233721433,-126.208400018462,
62.6020575848439));
#18222=CARTESIAN_POINT('',(-0.201480958214255,-126.000701954081,62.6202300865727));
#18223=CARTESIAN_POINT('Ctrl Pts',(-1.75913844219456,-124.791600018936,
72.7705814006833));
#18224=CARTESIAN_POINT('Ctrl Pts',(-1.78498686159048,-124.776507327596,
72.9390205732751));
#18225=CARTESIAN_POINT('Ctrl Pts',(-1.62193535224388,-124.774168870377,
72.9907547196217));
#18226=CARTESIAN_POINT('Ctrl Pts',(-1.76548286238913,-125.263865614301,
72.8119243111252));
#18227=CARTESIAN_POINT('Ctrl Pts',(-1.79136772215372,-125.24901125035,72.9806009444883));
#18228=CARTESIAN_POINT('Ctrl Pts',(-1.62803967761228,-125.246434465717,
73.0321741252398));
#18229=CARTESIAN_POINT('Ctrl Pts',(-1.77182540339035,-125.736132307963,
72.8532549759527));
#18230=CARTESIAN_POINT('Ctrl Pts',(-1.79774235814842,-125.721250693994,
73.0221407537901));
#18231=CARTESIAN_POINT('Ctrl Pts',(-1.63414783264164,-125.71870115938,73.0735789655006));
#18232=CARTESIAN_POINT('Ctrl Pts',(-1.77816619775671,-126.208400018462,
72.8945742589729));
#18233=CARTESIAN_POINT('Ctrl Pts',(-1.80411141830688,-126.193259531245,
73.0636442286002));
#18234=CARTESIAN_POINT('Ctrl Pts',(-1.6402595611594,-126.190968869903,73.1149702963655));
#18235=CARTESIAN_POINT('',(-1.76184679069022,-124.99321245146,72.7882301386085));
#18236=CARTESIAN_POINT('Ctrl Pts',(0.22518329595548,-134.782568851425,61.6855659980321));
#18237=CARTESIAN_POINT('Ctrl Pts',(-9.79873131430099,-134.782568851425,
61.3223440895722));
#18238=CARTESIAN_POINT('Ctrl Pts',(-11.3201850631105,-134.782568851425,
71.236776638071));
#18239=CARTESIAN_POINT('Ctrl Pts',(-1.6486105109856,-134.782568851425,73.8959945590373));
#18240=CARTESIAN_POINT('Ctrl Pts',(0.225201663018267,-134.788366317025,
61.6850591181751));
#18241=CARTESIAN_POINT('Ctrl Pts',(-9.79953054726593,-134.788366317025,
61.3218075835408));
#18242=CARTESIAN_POINT('Ctrl Pts',(-11.3211083933643,-134.788366317025,
71.2370488021691));
#18243=CARTESIAN_POINT('Ctrl Pts',(-1.6487449798086,-134.788366317025,73.8964836220947));
#18244=CARTESIAN_POINT('Ctrl Pts',(0.225210855298675,-134.794180389023,
61.6848054367981));
#18245=CARTESIAN_POINT('Ctrl Pts',(-9.79993054445709,-134.794180389023,
61.3215390749644));
#18246=CARTESIAN_POINT('Ctrl Pts',(-11.3215704983127,-134.794180389023,
71.2371850138616));
#18247=CARTESIAN_POINT('Ctrl Pts',(-1.64881227827332,-134.794180389023,
73.8967283865849));
#18248=CARTESIAN_POINT('Ctrl Pts',(0.225210855298675,-134.8,61.6848054367981));
#18249=CARTESIAN_POINT('Ctrl Pts',(-9.79993054445709,-134.8,61.3215390749645));
#18250=CARTESIAN_POINT('Ctrl Pts',(-11.3215704983127,-134.8,71.2371850138616));
#18251=CARTESIAN_POINT('Ctrl Pts',(-1.64881227827332,-134.8,73.8967283865849));
#18252=CARTESIAN_POINT('Ctrl Pts',(0.225210855298675,-134.8002,61.6848054367981));
#18253=CARTESIAN_POINT('Ctrl Pts',(-9.79993054445709,-134.8002,61.3215390749645));
#18254=CARTESIAN_POINT('Ctrl Pts',(-11.3215704983127,-134.8002,71.2371850138616));
#18255=CARTESIAN_POINT('Ctrl Pts',(-1.64881227827332,-134.8002,73.8967283865849));
#18256=CARTESIAN_POINT('Ctrl Pts',(0.225210855298675,-134.8004,61.6848054367981));
#18257=CARTESIAN_POINT('Ctrl Pts',(-9.79993054445709,-134.8004,61.3215390749645));
#18258=CARTESIAN_POINT('Ctrl Pts',(-11.3215704983127,-134.8004,71.2371850138616));
#18259=CARTESIAN_POINT('Ctrl Pts',(-1.64881227827332,-134.8004,73.8967283865849));
#18260=CARTESIAN_POINT('Ctrl Pts',(0.225210855298675,-134.8006,61.6848054367981));
#18261=CARTESIAN_POINT('Ctrl Pts',(-9.79993054445709,-134.8006,61.3215390749645));
#18262=CARTESIAN_POINT('Ctrl Pts',(-11.3215704983127,-134.8006,71.2371850138616));
#18263=CARTESIAN_POINT('Ctrl Pts',(-1.64881227827332,-134.8006,73.8967283865849));
#18264=CARTESIAN_POINT('',(-1.76875128079588,-134.800020500716,73.8624551695453));
#18265=CARTESIAN_POINT('Origin',(-1.72001537368611,-134.809677950611,73.6718057130217));
#18266=CARTESIAN_POINT('',(0.10050327443062,-134.800033549129,61.6815355470091));
#18267=CARTESIAN_POINT('Origin',(0.0841955019906854,-134.815309750277,61.8815626540398));
#18268=CARTESIAN_POINT('Origin',(3.8790325118665E-12,-134.800027025327,
67.8999987669294));
#18269=CARTESIAN_POINT('Ctrl Pts',(-0.0646545387784276,-136.208400011465,
61.7286115885338));
#18270=CARTESIAN_POINT('Ctrl Pts',(-0.0381319809496934,-136.192970730492,
61.5557794463721));
#18271=CARTESIAN_POINT('Ctrl Pts',(0.13734633137272,-136.190968862906,61.5597559498542));
#18272=CARTESIAN_POINT('Ctrl Pts',(-0.070975616117678,-135.73613269661,
61.7698023871123));
#18273=CARTESIAN_POINT('Ctrl Pts',(-0.0444741759796966,-135.720897675948,
61.5971078567111));
#18274=CARTESIAN_POINT('Ctrl Pts',(0.130849247874973,-135.718701548042,
61.6009429356776));
#18275=CARTESIAN_POINT('Ctrl Pts',(-0.0772977850141916,-135.263866015192,
61.8110002987372));
#18276=CARTESIAN_POINT('Ctrl Pts',(-0.0508202654430582,-135.248650414002,
61.638461644805));
#18277=CARTESIAN_POINT('Ctrl Pts',(0.124347487147162,-135.246434866623,
61.6421371899517));
#18278=CARTESIAN_POINT('Ctrl Pts',(-0.0836211155201306,-134.791600011722,
61.8522057798976));
#18279=CARTESIAN_POINT('Ctrl Pts',(-0.0571706442042435,-134.776207138881,
61.6798433837731));
#18280=CARTESIAN_POINT('Ctrl Pts',(0.117840750579441,-134.774168863163,
61.6833391945325));
#18281=CARTESIAN_POINT('',(-0.0809050640519709,-134.994457142667,61.8345068461637));
#18282=CARTESIAN_POINT('Ctrl Pts',(-0.0809050640519709,-134.994457142667,
61.8345068461637));
#18283=CARTESIAN_POINT('Ctrl Pts',(-0.072709654394812,-134.981642865,61.7811021098602));
#18284=CARTESIAN_POINT('Ctrl Pts',(-0.04364117777017,-134.948987625038,
61.740594647969));
#18285=CARTESIAN_POINT('Ctrl Pts',(0.023104611122351,-134.878135035814,
61.6916105347564));
#18286=CARTESIAN_POINT('Ctrl Pts',(0.0615415901338393,-134.838914315006,
61.6809087966174));
#18287=CARTESIAN_POINT('Ctrl Pts',(0.100503274430626,-134.800033549129,
61.6815355470091));
#18288=CARTESIAN_POINT('',(-0.0674392409182441,-136.000351602575,61.7467578789186));
#18289=CARTESIAN_POINT('Ctrl Pts',(0.137230770105551,-136.182568851458,
61.5604885254661));
#18290=CARTESIAN_POINT('Ctrl Pts',(0.136823532632582,-136.182174836853,
61.5605141899224));
#18291=CARTESIAN_POINT('Ctrl Pts',(0.136416269766584,-136.181780925485,
61.5605410619361));
#18292=CARTESIAN_POINT('Ctrl Pts',(0.115121616805036,-136.161191036827,
61.562009177424));
#18293=CARTESIAN_POINT('Ctrl Pts',(0.0940664100054252,-136.14116729796,
61.5666323805474));
#18294=CARTESIAN_POINT('Ctrl Pts',(0.0527936563769438,-136.102545003946,
61.5825004861727));
#18295=CARTESIAN_POINT('Ctrl Pts',(0.0323329694172424,-136.083731051172,
61.5939789506063));
#18296=CARTESIAN_POINT('Ctrl Pts',(-0.00880223381723882,-136.04674522269,
61.6269375495161));
#18297=CARTESIAN_POINT('Ctrl Pts',(-0.0274786900502074,-136.030528401661,
61.6487360051626));
#18298=CARTESIAN_POINT('Ctrl Pts',(-0.0480236802346687,-136.013713223381,
61.6845626168703));
#18299=CARTESIAN_POINT('Ctrl Pts',(-0.0537238222659315,-136.009252931175,
61.6968633067559));
#18300=CARTESIAN_POINT('Ctrl Pts',(-0.0623752598087602,-136.003040870368,
61.7217505183746));
#18301=CARTESIAN_POINT('Ctrl Pts',(-0.065492949069544,-136.001103327895,
61.7340750226237));
#18302=CARTESIAN_POINT('Ctrl Pts',(-0.067439240903838,-136.000351602587,
61.7467578788246));
#18303=CARTESIAN_POINT('',(-0.0674392409218862,-136.000351602575,61.7467578789422));
#18304=CARTESIAN_POINT('Origin',(-4.06970456209217E-14,-136.2,67.8999987669289));
#18305=CARTESIAN_POINT('',(-1.90941919055989,-136.000351602575,73.7498739648982));
#18306=CARTESIAN_POINT('Ctrl Pts',(-1.77002103819481,-136.182568851458,
73.9889434957157));
#18307=CARTESIAN_POINT('Ctrl Pts',(-1.77040184085722,-136.182174836852,
73.9887968998178));
#18308=CARTESIAN_POINT('Ctrl Pts',(-1.77078230564185,-136.181780925458,
73.9886491443149));
#18309=CARTESIAN_POINT('Ctrl Pts',(-1.79065536139548,-136.161192584323,
73.9808638507138));
#18310=CARTESIAN_POINT('Ctrl Pts',(-1.80935403200608,-136.14117037457,73.9701409274738));
#18311=CARTESIAN_POINT('Ctrl Pts',(-1.84396737181261,-136.102550678138,
73.942630087756));
#18312=CARTESIAN_POINT('Ctrl Pts',(-1.86004390412958,-136.083737852239,
73.9255464830479));
#18313=CARTESIAN_POINT('Ctrl Pts',(-1.8894053493663,-136.046750538493,73.8817714373972));
#18314=CARTESIAN_POINT('Ctrl Pts',(-1.90068768484893,-136.030531850494,
73.8553744481645));
#18315=CARTESIAN_POINT('Ctrl Pts',(-1.90954600683513,-136.013714717701,
73.8150334586683));
#18316=CARTESIAN_POINT('Ctrl Pts',(-1.91129579149113,-136.009253892432,
73.8015886884489));
#18317=CARTESIAN_POINT('Ctrl Pts',(-1.91208691989873,-136.003041126059,
73.7752507375487));
#18318=CARTESIAN_POINT('Ctrl Pts',(-1.91136561107463,-136.001103377591,
73.7625576596327));
#18319=CARTESIAN_POINT('Ctrl Pts',(-1.90941919057433,-136.000351602587,
73.7498739649922));
#18320=CARTESIAN_POINT('',(-1.90759687131311,-136.,73.7379989662212));
#18321=CARTESIAN_POINT('Origin',(-1.90756859634374,-136.200027443422,73.7378218957136));
#18322=CARTESIAN_POINT('',(-0.0692615601650862,-136.,61.7586328775958));
#18323=CARTESIAN_POINT('Origin',(-4.04549729552165E-14,-136.,67.8999987669289));
#18324=CARTESIAN_POINT('Origin',(-0.0692876806280931,-136.200027118318,
61.7588102706106));
#18325=CARTESIAN_POINT('Ctrl Pts',(-1.77013046135676,-136.190968862906,
73.989677013272));
#18326=CARTESIAN_POINT('Ctrl Pts',(-1.93872645052848,-136.192970730492,
73.9408523974448));
#18327=CARTESIAN_POINT('Ctrl Pts',(-1.91220389269974,-136.208400011465,
73.7680202552831));
#18328=CARTESIAN_POINT('Ctrl Pts',(-1.76397843446299,-135.718701548042,
73.9484370755866));
#18329=CARTESIAN_POINT('Ctrl Pts',(-1.93238425549705,-135.720897675948,
73.8995239871059));
#18330=CARTESIAN_POINT('Ctrl Pts',(-1.90588281536049,-135.73613269661,73.7268294567045));
#18331=CARTESIAN_POINT('Ctrl Pts',(-1.75782869008979,-135.246434866623,
73.9071888014178));
#18332=CARTESIAN_POINT('Ctrl Pts',(-1.92603816603511,-135.248650414002,
73.8581701990118));
#18333=CARTESIAN_POINT('Ctrl Pts',(-1.89956064646398,-135.263866015192,
73.6856315450797));
#18334=CARTESIAN_POINT('Ctrl Pts',(-1.75168136861921,-134.774168863163,
73.8659316415424));
#18335=CARTESIAN_POINT('Ctrl Pts',(-1.91968778727392,-134.776207138881,
73.8167884600437));
#18336=CARTESIAN_POINT('Ctrl Pts',(-1.89323731595804,-134.791600011722,
73.6444260639193));
#18337=CARTESIAN_POINT('',(-1.89595336743125,-134.994457142658,73.6621249976861));
#18338=CARTESIAN_POINT('Ctrl Pts',(-1.7687515024213,-134.800020500716,73.862455916644));
#18339=CARTESIAN_POINT('Ctrl Pts',(-1.80607106123109,-134.83886376678,73.8513851900877));
#18340=CARTESIAN_POINT('Ctrl Pts',(-1.83958533473177,-134.878143665198,
73.8296289603138));
#18341=CARTESIAN_POINT('Ctrl Pts',(-1.88857233879122,-134.949001282207,
73.762873373848));
#18342=CARTESIAN_POINT('Ctrl Pts',(-1.90413383963672,-134.981666221066,
73.7154323952718));
#18343=CARTESIAN_POINT('Ctrl Pts',(-1.89595336743125,-134.994457142658,
73.6621249976861));
#18344=CARTESIAN_POINT('',(-1.89595336742456,-134.994457142672,73.6621249976425));
#18345=CARTESIAN_POINT('Origin',(5.16977834599196,-126.,69.7050513283414));
#18346=CARTESIAN_POINT('',(1.44950514633501,-126.,65.0471169203133));
#18347=CARTESIAN_POINT('',(0.836746370718648,-126.,69.0401108276882));
#18348=CARTESIAN_POINT('',(0.527353285143061,-126.,71.0562463035851));
#18349=CARTESIAN_POINT('Origin',(-1.92898278549436E-14,-126.,67.8999987669288));
#18350=CARTESIAN_POINT('',(0.836746370718648,-126.,69.0401108276882));
#18351=CARTESIAN_POINT('Origin',(-2.81697565917107E-14,-134.8,67.8999987669288));
#18352=CARTESIAN_POINT('',(1.88876163877293,-135.000000000001,62.1847368649395));
#18353=CARTESIAN_POINT('Origin',(1.88870876281309,-134.799994460115,62.1849085563134));
#18354=CARTESIAN_POINT('',(0.0880967927051536,-135.,73.9186263589587));
#18355=CARTESIAN_POINT('Origin',(0.0880978323520996,-134.799994465735,73.9184467135548));
#18356=CARTESIAN_POINT('Origin',(-2.83840880123212E-14,-135.,67.8999987669288));
#18357=CARTESIAN_POINT('Origin',(6.0526321206102,-136.,69.8405327266437));
#18358=CARTESIAN_POINT('',(1.449505146335,-136.,65.0471169203133));
#18359=CARTESIAN_POINT('',(0.836746370718637,-136.,69.0401108276882));
#18360=CARTESIAN_POINT('',(0.527353285143051,-136.,71.0562463035851));
#18361=CARTESIAN_POINT('Origin',(-3.00063988854679E-14,-136.,67.8999987669288));
#18362=CARTESIAN_POINT('',(0.836746370718638,-136.,69.0401108276882));
#18363=CARTESIAN_POINT('Origin',(5.61169522138562,-131.,69.7728672203192));
#18364=CARTESIAN_POINT('',(1.449505146335,-131.,65.0471169203133));
#18365=CARTESIAN_POINT('',(0.836746370718643,-131.,69.0401108276882));
#18366=CARTESIAN_POINT('',(0.527353285143056,-131.,71.0562463035851));
#18367=CARTESIAN_POINT('Origin',(-2.46481133702058E-14,-131.,67.8999987669288));
#18368=CARTESIAN_POINT('',(0.836746370718644,-131.,69.0401108276882));
#18369=CARTESIAN_POINT('Origin',(-0.137876882025626,-128.5,62.2057591743447));
#18370=CARTESIAN_POINT('',(-2.85288184661553,-128.5,66.4504936205938));
#18371=CARTESIAN_POINT('',(-0.836746370718689,-128.5,66.7598867061694));
#18372=CARTESIAN_POINT('',(3.15624753665626,-128.5,67.3726454817857));
#18373=CARTESIAN_POINT('Origin',(-2.19689706125747E-14,-128.5,67.8999987669288));
#18374=CARTESIAN_POINT('',(-0.836746370718689,-128.5,66.7598867061694));
#18375=CARTESIAN_POINT('Origin',(-0.0701405041670983,-133.5,61.7643604463955));
#18376=CARTESIAN_POINT('',(-2.85288184661554,-133.5,66.4504936205938));
#18377=CARTESIAN_POINT('',(-0.836746370718695,-133.5,66.7598867061694));
#18378=CARTESIAN_POINT('',(3.15624753665626,-133.5,67.3726454817857));
#18379=CARTESIAN_POINT('Origin',(-2.73272561278368E-14,-133.5,67.8999987669288));
#18380=CARTESIAN_POINT('',(-0.836746370718694,-133.5,66.7598867061694));
#18381=CARTESIAN_POINT('Origin',(-1.14011206075947,-133.5,68.7367451376475));
#18382=CARTESIAN_POINT('',(-1.14011206075947,-133.5,68.7367451376475));
#18383=CARTESIAN_POINT('',(-1.14011206075947,-133.5,68.7367451376475));
#18384=CARTESIAN_POINT('Origin',(1.42530394705973E-14,-132.3,67.8999987669288));
#18385=CARTESIAN_POINT('',(5.49590690874493,-132.5,69.7550985218613));
#18386=CARTESIAN_POINT('Origin',(5.49571481510242,-132.299991496876,69.7550394942611));
#18387=CARTESIAN_POINT('',(-5.79927259878572,-132.5,68.0217574434744));
#18388=CARTESIAN_POINT('Origin',(-5.79907164433488,-132.29999149452,68.0217587324297));
#18389=CARTESIAN_POINT('Origin',(1.40387080499868E-14,-132.5,67.8999987669288));
#18390=CARTESIAN_POINT('Origin',(-1.14011206075946,-128.5,68.7367451376475));
#18391=CARTESIAN_POINT('',(-1.14011206075946,-128.5,68.7367451376475));
#18392=CARTESIAN_POINT('',(-1.14011206075946,-128.5,68.7367451376475));
#18393=CARTESIAN_POINT('Origin',(-0.103989978087736,-131.,61.9849378555024));
#18394=CARTESIAN_POINT('',(-1.44950514633505,-131.,70.7528806135443));
#18395=CARTESIAN_POINT('',(-0.103989978087736,-131.,61.9849378555024));
#18396=CARTESIAN_POINT('',(-0.527353285143104,-131.,64.7437512302725));
#18397=CARTESIAN_POINT('Origin',(-2.46481133702058E-14,-131.,67.8999987669288));
#18398=CARTESIAN_POINT('',(-0.103989978087736,-131.,61.9849378555024));
#18399=CARTESIAN_POINT('Origin',(-0.171805870065501,-126.,62.426854730896));
#18400=CARTESIAN_POINT('',(-1.44950514633505,-126.,70.7528806135443));
#18401=CARTESIAN_POINT('',(-0.171805870065501,-126.,62.426854730896));
#18402=CARTESIAN_POINT('',(-0.527353285143098,-126.,64.7437512302725));
#18403=CARTESIAN_POINT('Origin',(-1.92898278549436E-14,-126.,67.8999987669288));
#18404=CARTESIAN_POINT('',(-0.1718058700655,-126.,62.426854730896));
#18405=CARTESIAN_POINT('Origin',(-3.69601394432899E-14,-134.8,67.8999987669289));
#18406=CARTESIAN_POINT('',(-1.88876163877296,-135.,73.615260668918));
#18407=CARTESIAN_POINT('Origin',(-1.88870876280501,-134.799994459165,73.6150889774869));
#18408=CARTESIAN_POINT('',(-0.0880967927051767,-135.000000000001,61.8813711748987));
#18409=CARTESIAN_POINT('Origin',(-0.088097832436284,-134.799994460786,61.8815508208787));
#18410=CARTESIAN_POINT('Origin',(-3.71349507045876E-14,-135.,67.8999987669289));
#18411=CARTESIAN_POINT('Origin',(-0.0363244717633016,-136.,61.5440009562778));
#18412=CARTESIAN_POINT('',(-1.44950514633506,-136.,70.7528806135443));
#18413=CARTESIAN_POINT('',(-0.0363244717633016,-136.,61.5440009562778));
#18414=CARTESIAN_POINT('',(-0.527353285143109,-136.,64.7437512302725));
#18415=CARTESIAN_POINT('Origin',(-3.00063988854679E-14,-136.,67.8999987669288));
#18416=CARTESIAN_POINT('',(-0.0363244717633016,-136.,61.5440009562778));
#18417=CARTESIAN_POINT('Origin',(4.42989963193928,-125.,73.9359759459991));
#18418=CARTESIAN_POINT('',(0.527353285143062,-125.,71.0562463035851));
#18419=CARTESIAN_POINT('',(0.185390442173518,-125.,73.284620017454));
#18420=CARTESIAN_POINT('',(1.44950514633501,-125.,65.0471169203133));
#18421=CARTESIAN_POINT('Origin',(-1.82181707518912E-14,-125.,67.8999987669288));
#18422=CARTESIAN_POINT('',(0.185390442173518,-125.,73.284620017454));
#18423=CARTESIAN_POINT('Origin',(0.1736622285813,-125.,73.3610459900906));
#18424=CARTESIAN_POINT('',(1.44950514633501,-125.,65.0471169203133));
#18425=CARTESIAN_POINT('Origin',(-8.5186378920499E-15,-115.949033200812,
67.8999987669288));
#18426=CARTESIAN_POINT('',(0.527353285143072,-115.949033200812,71.0562463035851));
#18427=CARTESIAN_POINT('Origin',(0.1736622285813,-125.,73.3610459900906));
#18428=CARTESIAN_POINT('Origin',(5.17761370032976,-135.,74.9547766928005));
#18429=CARTESIAN_POINT('',(0.527353285143051,-135.,71.0562463035851));
#18430=CARTESIAN_POINT('',(0.0498471029680704,-135.,74.1678774250499));
#18431=CARTESIAN_POINT('',(1.449505146335,-135.,65.0471169203133));
#18432=CARTESIAN_POINT('Origin',(-2.89347417824155E-14,-135.,67.8999987669288));
#18433=CARTESIAN_POINT('',(0.0498471029680704,-135.,74.1678774250499));
#18434=CARTESIAN_POINT('Origin',(0.0381808302790799,-135.,74.2438997647089));
#18435=CARTESIAN_POINT('',(1.449505146335,-135.,65.0471169203133));
#18436=CARTESIAN_POINT('Origin',(-8.5186378920499E-15,-115.949033200812,
67.8999987669288));
#18437=CARTESIAN_POINT('',(0.527353285143072,-115.949033200812,71.0562463035851));
#18438=CARTESIAN_POINT('Origin',(0.0381808302790799,-135.,74.2438997647089));
#18439=CARTESIAN_POINT('Origin',(4.80419118768809,-130.,74.4459683784529));
#18440=CARTESIAN_POINT('',(0.527353285143057,-130.,71.0562463035851));
#18441=CARTESIAN_POINT('',(0.117540003821058,-130.,73.7267620115553));
#18442=CARTESIAN_POINT('',(1.44950514633501,-130.,65.0471169203133));
#18443=CARTESIAN_POINT('Origin',(-2.35764562671533E-14,-130.,67.8999987669288));
#18444=CARTESIAN_POINT('',(0.117540003821058,-130.,73.7267620115553));
#18445=CARTESIAN_POINT('Origin',(0.105846336603525,-130.,73.8029628654843));
#18446=CARTESIAN_POINT('',(1.44950514633501,-130.,65.0471169203133));
#18447=CARTESIAN_POINT('Origin',(-8.5186378920499E-15,-115.949033200812,
67.8999987669288));
#18448=CARTESIAN_POINT('',(0.527353285143072,-115.949033200812,71.0562463035851));
#18449=CARTESIAN_POINT('Origin',(0.105846336603525,-130.,73.8029628654843));
#18450=CARTESIAN_POINT('Origin',(-0.836746370718688,-127.5,66.7598867061694));
#18451=CARTESIAN_POINT('',(3.15624753665626,-127.5,67.3726454817857));
#18452=CARTESIAN_POINT('',(-0.836746370718688,-127.5,66.7598867061694));
#18453=CARTESIAN_POINT('',(-2.85288184661553,-127.5,66.4504936205938));
#18454=CARTESIAN_POINT('Origin',(-2.08973135095223E-14,-127.5,67.8999987669288));
#18455=CARTESIAN_POINT('',(-0.836746370718688,-127.5,66.7598867061694));
#18456=CARTESIAN_POINT('Origin',(-2.85288184689808,-128.5,66.4504936205504));
#18457=CARTESIAN_POINT('',(-2.85288184661553,-128.5,66.4504936205938));
#18458=CARTESIAN_POINT('Origin',(-8.5186378920499E-15,-115.949033200812,
67.8999987669288));
#18459=CARTESIAN_POINT('',(3.15624753665628,-115.949033200812,67.3726454817857));
#18460=CARTESIAN_POINT('Origin',(-2.85288184689808,-128.5,66.4504936205504));
#18461=CARTESIAN_POINT('Origin',(-0.836746370718694,-132.5,66.7598867061694));
#18462=CARTESIAN_POINT('',(3.15624753665626,-132.5,67.3726454817857));
#18463=CARTESIAN_POINT('',(-0.836746370718694,-132.5,66.7598867061694));
#18464=CARTESIAN_POINT('',(-2.85288184661554,-132.5,66.4504936205938));
#18465=CARTESIAN_POINT('Origin',(-2.62555990247844E-14,-132.5,67.8999987669288));
#18466=CARTESIAN_POINT('',(-0.836746370718694,-132.5,66.7598867061694));
#18467=CARTESIAN_POINT('Origin',(-2.85288184689809,-133.5,66.4504936205504));
#18468=CARTESIAN_POINT('',(-2.85288184661554,-133.5,66.4504936205938));
#18469=CARTESIAN_POINT('Origin',(-8.5186378920499E-15,-115.949033200812,
67.8999987669288));
#18470=CARTESIAN_POINT('',(3.15624753665628,-115.949033200812,67.3726454817857));
#18471=CARTESIAN_POINT('Origin',(-2.85288184689809,-133.5,66.4504936205504));
#18472=CARTESIAN_POINT('Origin',(-3.37571987461514E-14,-139.5,67.8999987669288));
#18473=CARTESIAN_POINT('Origin',(-3.15624753693886,-132.5,68.4273520520285));
#18474=CARTESIAN_POINT('',(-3.15624753693886,-132.5,68.4273520520285));
#18475=CARTESIAN_POINT('Origin',(-3.15624753693886,-132.5,68.4273520520285));
#18476=CARTESIAN_POINT('',(-3.15624753693886,-132.5,68.4273520520285));
#18477=CARTESIAN_POINT('Origin',(-1.89318236059321,-132.5,73.644067951648));
#18478=CARTESIAN_POINT('Origin',(-3.15624753693886,-127.5,68.4273520520285));
#18479=CARTESIAN_POINT('',(-3.15624753693886,-127.5,68.4273520520285));
#18480=CARTESIAN_POINT('Origin',(-3.15624753693886,-127.5,68.4273520520285));
#18481=CARTESIAN_POINT('',(-3.15624753693886,-127.5,68.4273520520285));
#18482=CARTESIAN_POINT('Origin',(-1.82541529062108,-127.5,73.2024692209775));
#18483=CARTESIAN_POINT('Origin',(-0.836746370718691,-130.,66.7598867061694));
#18484=CARTESIAN_POINT('',(-0.527353285143103,-130.,64.7437512302725));
#18485=CARTESIAN_POINT('',(-0.836746370718691,-130.,66.7598867061694));
#18486=CARTESIAN_POINT('',(-1.44950514633505,-130.,70.7528806135443));
#18487=CARTESIAN_POINT('Origin',(-2.35764562671533E-14,-130.,67.8999987669288));
#18488=CARTESIAN_POINT('',(-0.836746370718691,-130.,66.7598867061694));
#18489=CARTESIAN_POINT('Origin',(-0.527353285099743,-130.,64.74375122999));
#18490=CARTESIAN_POINT('',(-1.44950514633505,-130.,70.7528806135443));
#18491=CARTESIAN_POINT('Origin',(-8.5186378920499E-15,-115.949033200812,
67.8999987669288));
#18492=CARTESIAN_POINT('',(-0.527353285143088,-115.949033200812,64.7437512302725));
#18493=CARTESIAN_POINT('Origin',(-0.527353285099743,-130.,64.74375122999));
#18494=CARTESIAN_POINT('Origin',(-0.836746370718686,-125.,66.7598867061694));
#18495=CARTESIAN_POINT('',(-0.527353285143097,-125.,64.7437512302725));
#18496=CARTESIAN_POINT('',(-0.836746370718686,-125.,66.7598867061694));
#18497=CARTESIAN_POINT('',(-1.44950514633505,-125.,70.7528806135443));
#18498=CARTESIAN_POINT('Origin',(-1.82181707518912E-14,-125.,67.8999987669288));
#18499=CARTESIAN_POINT('',(-0.836746370718685,-125.,66.7598867061694));
#18500=CARTESIAN_POINT('Origin',(-0.527353285099738,-125.,64.74375122999));
#18501=CARTESIAN_POINT('',(-1.44950514633505,-125.,70.7528806135443));
#18502=CARTESIAN_POINT('Origin',(-8.5186378920499E-15,-115.949033200812,
67.8999987669288));
#18503=CARTESIAN_POINT('',(-0.527353285143088,-115.949033200812,64.7437512302725));
#18504=CARTESIAN_POINT('Origin',(-0.527353285099738,-125.,64.74375122999));
#18505=CARTESIAN_POINT('Origin',(-0.836746370718696,-135.,66.7598867061694));
#18506=CARTESIAN_POINT('',(-0.527353285143108,-135.,64.7437512302725));
#18507=CARTESIAN_POINT('',(-0.836746370718696,-135.,66.7598867061694));
#18508=CARTESIAN_POINT('',(-1.44950514633506,-135.,70.7528806135443));
#18509=CARTESIAN_POINT('Origin',(-2.89347417824155E-14,-135.,67.8999987669288));
#18510=CARTESIAN_POINT('',(-0.836746370718696,-135.,66.7598867061694));
#18511=CARTESIAN_POINT('Origin',(-0.527353285099748,-135.,64.74375122999));
#18512=CARTESIAN_POINT('',(-1.44950514633506,-135.,70.7528806135443));
#18513=CARTESIAN_POINT('Origin',(-8.5186378920499E-15,-115.949033200812,
67.8999987669288));
#18514=CARTESIAN_POINT('',(-0.527353285143088,-115.949033200812,64.7437512302725));
#18515=CARTESIAN_POINT('Origin',(-0.527353285099748,-135.,64.74375122999));
#18516=CARTESIAN_POINT('Origin',(6.90294340514817,-142.5,62.8890765618531));
#18517=CARTESIAN_POINT('',(-0.910097070122358,-142.5,73.8305740613631));
#18518=CARTESIAN_POINT('',(5.08274926490353,-142.5,74.7502271507217));
#18519=CARTESIAN_POINT('',(0.910097070122284,-142.5,61.9694234724945));
#18520=CARTESIAN_POINT('',(6.90294340514817,-142.5,62.8890765618531));
#18521=CARTESIAN_POINT('Origin',(-3.69721700553087E-14,-142.5,67.8999987669288));
#18522=CARTESIAN_POINT('Origin',(-0.910097070122358,-142.5,73.8305740613631));
#18523=CARTESIAN_POINT('',(-7.33488697242622,-142.497174642289,72.8446355687306));
#18524=CARTESIAN_POINT('',(-0.910097070122358,-142.5,73.8305740613631));
#18525=CARTESIAN_POINT('Origin',(-3.69721700553087E-14,-142.5,67.8999987669288));
#18526=CARTESIAN_POINT('',(0.910097070122284,-142.5,61.9694234724945));
#18527=CARTESIAN_POINT('Origin',(0.910097070122287,-139.5,61.9694234724945));
#18528=CARTESIAN_POINT('',(-4.52626361644252,-142.497174642289,61.1351678248824));
#18529=CARTESIAN_POINT('',(-5.51469283218157,-142.497174642289,60.983484979862));
#18530=CARTESIAN_POINT('',(-4.52626361644251,-139.5,61.1351678248823));
#18531=CARTESIAN_POINT('Origin',(2.70971944693529,-145.5,71.5921376644922));
#18532=CARTESIAN_POINT('Origin',(-5.51469283218157,-142.497174642289,60.983484979862));
#18533=CARTESIAN_POINT('',(-5.66637567720196,-142.497174642289,61.971914195601));
#18534=CARTESIAN_POINT('',(-5.51469283218157,-142.497174642289,60.983484979862));
#18535=CARTESIAN_POINT('Origin',(-4.6779464614629,-142.497174642289,62.1235970406214));
#18536=CARTESIAN_POINT('Origin',(3.75530451430094,-4.46588881724691E-15,
0.576283322646594));
#18537=CARTESIAN_POINT('',(-5.89389994473253,-138.,63.4545580192096));
#18538=CARTESIAN_POINT('',(-5.74221709978413,-138.,62.4661288039396));
#18539=CARTESIAN_POINT('',(-5.89389994473238,-4.4658888172469E-15,63.4545580192096));
#18540=CARTESIAN_POINT('',(-5.66637567720179,-4.4658888172469E-15,61.971914195601));
#18541=CARTESIAN_POINT('Origin',(-5.74221709978413,-138.,62.4661288039396));
#18542=CARTESIAN_POINT('Origin',(-4.90547072899348,-138.,63.60624086423));
#18543=CARTESIAN_POINT('Origin',(-4.67794646146274,-5.60987743887929E-15,
62.1235970406214));
#18544=CARTESIAN_POINT('Origin',(-4.90547072899332,-5.60987743887929E-15,
63.60624086423));
#18545=CARTESIAN_POINT('Origin',(-3.53646844007301E-14,-105.,67.8999987669288));
#18546=CARTESIAN_POINT('',(0.,0.,0.));
#18547=CARTESIAN_POINT('Origin',(-11.5,11.5,0.));
#18548=CARTESIAN_POINT('',(-12.6,11.5,0.));
#18549=CARTESIAN_POINT('Origin',(-11.5,11.5,0.));
#18550=CARTESIAN_POINT('',(-12.6,11.5,12.));
#18551=CARTESIAN_POINT('',(-12.6,11.5,0.));
#18552=CARTESIAN_POINT('Origin',(-11.5,11.5,12.));
#18553=CARTESIAN_POINT('Origin',(11.5,-11.5,0.));
#18554=CARTESIAN_POINT('',(10.4,-11.5,0.));
#18555=CARTESIAN_POINT('Origin',(11.5,-11.5,0.));
#18556=CARTESIAN_POINT('',(10.4,-11.5,12.));
#18557=CARTESIAN_POINT('',(10.4,-11.5,0.));
#18558=CARTESIAN_POINT('Origin',(11.5,-11.5,12.));
#18559=CARTESIAN_POINT('Origin',(-11.5,-11.5,0.));
#18560=CARTESIAN_POINT('',(-12.6,-11.5,0.));
#18561=CARTESIAN_POINT('Origin',(-11.5,-11.5,0.));
#18562=CARTESIAN_POINT('',(-12.6,-11.5,12.));
#18563=CARTESIAN_POINT('',(-12.6,-11.5,0.));
#18564=CARTESIAN_POINT('Origin',(-11.5,-11.5,12.));
#18565=CARTESIAN_POINT('Origin',(11.5,11.5,0.));
#18566=CARTESIAN_POINT('',(10.4,11.5,0.));
#18567=CARTESIAN_POINT('Origin',(11.5,11.5,0.));
#18568=CARTESIAN_POINT('',(10.4,11.5,12.));
#18569=CARTESIAN_POINT('',(10.4,11.5,0.));
#18570=CARTESIAN_POINT('Origin',(11.5,11.5,12.));
#18571=CARTESIAN_POINT('Origin',(-13.5,-13.5,15.));
#18572=CARTESIAN_POINT('',(-13.5,12.,12.));
#18573=CARTESIAN_POINT('',(-13.5,8.,12.));
#18574=CARTESIAN_POINT('',(-13.5,13.5,12.));
#18575=CARTESIAN_POINT('',(-13.5,12.,0.));
#18576=CARTESIAN_POINT('',(-13.5,12.,15.));
#18577=CARTESIAN_POINT('',(-13.5,-12.,0.));
#18578=CARTESIAN_POINT('',(-13.5,-13.5,0.));
#18579=CARTESIAN_POINT('',(-13.5,-12.,12.));
#18580=CARTESIAN_POINT('',(-13.5,-12.,15.));
#18581=CARTESIAN_POINT('',(-13.5,-8.,12.));
#18582=CARTESIAN_POINT('',(-13.5,-13.5,12.));
#18583=CARTESIAN_POINT('',(-13.5,-8.,15.));
#18584=CARTESIAN_POINT('',(-13.5,-8.,15.));
#18585=CARTESIAN_POINT('',(-13.5,8.,15.));
#18586=CARTESIAN_POINT('',(-13.5,-13.5,15.));
#18587=CARTESIAN_POINT('',(-13.5,8.,15.));
#18588=CARTESIAN_POINT('Origin',(13.5,-13.5,15.));
#18589=CARTESIAN_POINT('',(-12.,-13.5,0.));
#18590=CARTESIAN_POINT('',(12.,-13.5,0.));
#18591=CARTESIAN_POINT('',(13.5,-13.5,0.));
#18592=CARTESIAN_POINT('',(12.,-13.5,12.));
#18593=CARTESIAN_POINT('',(12.,-13.5,15.));
#18594=CARTESIAN_POINT('',(8.,-13.5,12.));
#18595=CARTESIAN_POINT('',(13.5,-13.5,12.));
#18596=CARTESIAN_POINT('',(8.,-13.5,15.));
#18597=CARTESIAN_POINT('',(8.,-13.5,15.));
#18598=CARTESIAN_POINT('',(-8.,-13.5,15.));
#18599=CARTESIAN_POINT('',(13.5,-13.5,15.));
#18600=CARTESIAN_POINT('',(-8.,-13.5,12.));
#18601=CARTESIAN_POINT('',(-8.,-13.5,15.));
#18602=CARTESIAN_POINT('',(-12.,-13.5,12.));
#18603=CARTESIAN_POINT('',(-13.5,-13.5,12.));
#18604=CARTESIAN_POINT('',(-12.,-13.5,15.));
#18605=CARTESIAN_POINT('Origin',(13.5,-13.5,15.));
#18606=CARTESIAN_POINT('',(13.5,-12.,0.));
#18607=CARTESIAN_POINT('',(13.5,12.,0.));
#18608=CARTESIAN_POINT('',(13.5,-13.5,0.));
#18609=CARTESIAN_POINT('',(13.5,12.,12.));
#18610=CARTESIAN_POINT('',(13.5,12.,15.));
#18611=CARTESIAN_POINT('',(13.5,8.,12.));
#18612=CARTESIAN_POINT('',(13.5,13.5,12.));
#18613=CARTESIAN_POINT('',(13.5,8.,15.));
#18614=CARTESIAN_POINT('',(13.5,8.,15.));
#18615=CARTESIAN_POINT('',(13.5,-8.,15.));
#18616=CARTESIAN_POINT('',(13.5,-13.5,15.));
#18617=CARTESIAN_POINT('',(13.5,-8.,12.));
#18618=CARTESIAN_POINT('',(13.5,-8.,15.));
#18619=CARTESIAN_POINT('',(13.5,-12.,12.));
#18620=CARTESIAN_POINT('',(13.5,-13.5,12.));
#18621=CARTESIAN_POINT('',(13.5,-12.,15.));
#18622=CARTESIAN_POINT('Origin',(13.5,13.5,15.));
#18623=CARTESIAN_POINT('',(12.,13.5,0.));
#18624=CARTESIAN_POINT('',(-12.,13.5,0.));
#18625=CARTESIAN_POINT('',(13.5,13.5,0.));
#18626=CARTESIAN_POINT('',(-12.,13.5,12.));
#18627=CARTESIAN_POINT('',(-12.,13.5,15.));
#18628=CARTESIAN_POINT('',(-8.,13.5,12.));
#18629=CARTESIAN_POINT('',(-13.5,13.5,12.));
#18630=CARTESIAN_POINT('',(-8.,13.5,15.));
#18631=CARTESIAN_POINT('',(-8.,13.5,15.));
#18632=CARTESIAN_POINT('',(8.,13.5,15.));
#18633=CARTESIAN_POINT('',(13.5,13.5,15.));
#18634=CARTESIAN_POINT('',(8.,13.5,12.));
#18635=CARTESIAN_POINT('',(8.,13.5,15.));
#18636=CARTESIAN_POINT('',(12.,13.5,12.));
#18637=CARTESIAN_POINT('',(13.5,13.5,12.));
#18638=CARTESIAN_POINT('',(12.,13.5,15.));
#18639=CARTESIAN_POINT('Origin',(0.,0.,15.));
#18640=CARTESIAN_POINT('',(9.5,-12.,15.));
#18641=CARTESIAN_POINT('Origin',(8.,-12.,15.));
#18642=CARTESIAN_POINT('',(9.5,-11.,15.));
#18643=CARTESIAN_POINT('',(9.5,-13.5,15.));
#18644=CARTESIAN_POINT('',(11.,-9.5,15.));
#18645=CARTESIAN_POINT('Origin',(11.,-11.,15.));
#18646=CARTESIAN_POINT('',(12.,-9.5,15.));
#18647=CARTESIAN_POINT('',(13.5,-9.5,15.));
#18648=CARTESIAN_POINT('Origin',(12.,-8.,15.));
#18649=CARTESIAN_POINT('',(12.,9.5,15.));
#18650=CARTESIAN_POINT('Origin',(12.,8.,15.));
#18651=CARTESIAN_POINT('',(11.,9.5,15.));
#18652=CARTESIAN_POINT('',(13.5,9.5,15.));
#18653=CARTESIAN_POINT('',(9.5,11.,15.));
#18654=CARTESIAN_POINT('Origin',(11.,11.,15.));
#18655=CARTESIAN_POINT('',(9.5,12.,15.));
#18656=CARTESIAN_POINT('',(9.5,13.5,15.));
#18657=CARTESIAN_POINT('Origin',(8.,12.,15.));
#18658=CARTESIAN_POINT('',(-9.5,12.,15.));
#18659=CARTESIAN_POINT('Origin',(-8.,12.,15.));
#18660=CARTESIAN_POINT('',(-9.5,11.,15.));
#18661=CARTESIAN_POINT('',(-9.5,13.5,15.));
#18662=CARTESIAN_POINT('',(-11.,9.5,15.));
#18663=CARTESIAN_POINT('Origin',(-11.,11.,15.));
#18664=CARTESIAN_POINT('',(-12.,9.5,15.));
#18665=CARTESIAN_POINT('',(-13.5,9.5,15.));
#18666=CARTESIAN_POINT('Origin',(-12.,8.,15.));
#18667=CARTESIAN_POINT('',(-12.,-9.5,15.));
#18668=CARTESIAN_POINT('Origin',(-12.,-8.,15.));
#18669=CARTESIAN_POINT('',(-11.,-9.5,15.));
#18670=CARTESIAN_POINT('',(-13.5,-9.5,15.));
#18671=CARTESIAN_POINT('',(-9.5,-11.,15.));
#18672=CARTESIAN_POINT('Origin',(-11.,-11.,15.));
#18673=CARTESIAN_POINT('',(-9.5,-12.,15.));
#18674=CARTESIAN_POINT('',(-9.5,-13.5,15.));
#18675=CARTESIAN_POINT('Origin',(-8.,-12.,15.));
#18676=CARTESIAN_POINT('Origin',(0.,0.,0.));
#18677=CARTESIAN_POINT('Origin',(-12.,12.,0.));
#18678=CARTESIAN_POINT('Origin',(12.,12.,0.));
#18679=CARTESIAN_POINT('Origin',(12.,-12.,0.));
#18680=CARTESIAN_POINT('Origin',(-12.,-12.,0.));
#18681=CARTESIAN_POINT('Origin',(-9.5,13.5,12.));
#18682=CARTESIAN_POINT('',(-9.5,11.,12.));
#18683=CARTESIAN_POINT('',(-9.5,12.,12.));
#18684=CARTESIAN_POINT('',(-9.5,13.5,12.));
#18685=CARTESIAN_POINT('',(-9.5,11.,15.));
#18686=CARTESIAN_POINT('',(-9.5,12.,12.));
#18687=CARTESIAN_POINT('Origin',(-13.5,9.5,12.));
#18688=CARTESIAN_POINT('',(-12.,9.5,12.));
#18689=CARTESIAN_POINT('',(-11.,9.5,12.));
#18690=CARTESIAN_POINT('',(-13.5,9.5,12.));
#18691=CARTESIAN_POINT('',(-12.,9.5,12.));
#18692=CARTESIAN_POINT('',(-11.,9.5,12.));
#18693=CARTESIAN_POINT('Origin',(0.,0.,12.));
#18694=CARTESIAN_POINT('Origin',(-12.,12.,12.));
#18695=CARTESIAN_POINT('Origin',(-12.,8.,12.));
#18696=CARTESIAN_POINT('Origin',(-11.,11.,12.));
#18697=CARTESIAN_POINT('Origin',(-8.,12.,12.));
#18698=CARTESIAN_POINT('Origin',(9.5,-13.5,12.));
#18699=CARTESIAN_POINT('',(9.5,-12.,12.));
#18700=CARTESIAN_POINT('',(9.5,-12.,12.));
#18701=CARTESIAN_POINT('',(9.5,-11.,12.));
#18702=CARTESIAN_POINT('',(9.5,-13.5,12.));
#18703=CARTESIAN_POINT('',(9.5,-11.,15.));
#18704=CARTESIAN_POINT('Origin',(13.5,-9.5,12.));
#18705=CARTESIAN_POINT('',(12.,-9.5,12.));
#18706=CARTESIAN_POINT('',(11.,-9.5,12.));
#18707=CARTESIAN_POINT('',(13.5,-9.5,12.));
#18708=CARTESIAN_POINT('',(12.,-9.5,12.));
#18709=CARTESIAN_POINT('',(11.,-9.5,12.));
#18710=CARTESIAN_POINT('Origin',(0.,0.,12.));
#18711=CARTESIAN_POINT('Origin',(12.,-12.,12.));
#18712=CARTESIAN_POINT('Origin',(12.,-8.,12.));
#18713=CARTESIAN_POINT('Origin',(11.,-11.,12.));
#18714=CARTESIAN_POINT('Origin',(8.,-12.,12.));
#18715=CARTESIAN_POINT('Origin',(-13.5,-9.5,12.));
#18716=CARTESIAN_POINT('',(-11.,-9.5,12.));
#18717=CARTESIAN_POINT('',(-12.,-9.5,12.));
#18718=CARTESIAN_POINT('',(-13.5,-9.5,12.));
#18719=CARTESIAN_POINT('',(-11.,-9.5,15.));
#18720=CARTESIAN_POINT('',(-12.,-9.5,12.));
#18721=CARTESIAN_POINT('Origin',(-9.5,-13.5,12.));
#18722=CARTESIAN_POINT('',(-9.5,-12.,12.));
#18723=CARTESIAN_POINT('',(-9.5,-11.,12.));
#18724=CARTESIAN_POINT('',(-9.5,-13.5,12.));
#18725=CARTESIAN_POINT('',(-9.5,-12.,12.));
#18726=CARTESIAN_POINT('',(-9.5,-11.,12.));
#18727=CARTESIAN_POINT('Origin',(0.,0.,12.));
#18728=CARTESIAN_POINT('Origin',(-12.,-12.,12.));
#18729=CARTESIAN_POINT('Origin',(-8.,-12.,12.));
#18730=CARTESIAN_POINT('Origin',(-11.,-11.,12.));
#18731=CARTESIAN_POINT('Origin',(-12.,-8.,12.));
#18732=CARTESIAN_POINT('Origin',(13.5,9.5,12.));
#18733=CARTESIAN_POINT('',(12.,9.5,12.));
#18734=CARTESIAN_POINT('',(12.,9.5,12.));
#18735=CARTESIAN_POINT('',(11.,9.5,12.));
#18736=CARTESIAN_POINT('',(13.5,9.5,12.));
#18737=CARTESIAN_POINT('',(11.,9.5,15.));
#18738=CARTESIAN_POINT('Origin',(9.5,13.5,12.));
#18739=CARTESIAN_POINT('',(9.5,11.,12.));
#18740=CARTESIAN_POINT('',(9.5,11.,12.));
#18741=CARTESIAN_POINT('',(9.5,12.,12.));
#18742=CARTESIAN_POINT('',(9.5,13.5,12.));
#18743=CARTESIAN_POINT('',(9.5,12.,12.));
#18744=CARTESIAN_POINT('Origin',(0.,0.,12.));
#18745=CARTESIAN_POINT('Origin',(12.,12.,12.));
#18746=CARTESIAN_POINT('Origin',(8.,12.,12.));
#18747=CARTESIAN_POINT('Origin',(11.,11.,12.));
#18748=CARTESIAN_POINT('Origin',(12.,8.,12.));
#18749=CARTESIAN_POINT('Origin',(8.,-12.,15.));
#18750=CARTESIAN_POINT('Origin',(12.,-8.,12.));
#18751=CARTESIAN_POINT('Origin',(11.,-11.,12.));
#18752=CARTESIAN_POINT('Origin',(-8.,-12.,12.));
#18753=CARTESIAN_POINT('Origin',(-11.,-11.,12.));
#18754=CARTESIAN_POINT('Origin',(-12.,-8.,15.));
#18755=CARTESIAN_POINT('Origin',(12.,8.,15.));
#18756=CARTESIAN_POINT('Origin',(11.,11.,12.));
#18757=CARTESIAN_POINT('Origin',(8.,12.,12.));
#18758=CARTESIAN_POINT('Origin',(-12.,8.,12.));
#18759=CARTESIAN_POINT('Origin',(-11.,11.,12.));
#18760=CARTESIAN_POINT('Origin',(-8.,12.,15.));
#18761=CARTESIAN_POINT('Origin',(-12.,12.,15.));
#18762=CARTESIAN_POINT('Origin',(12.,12.,15.));
#18763=CARTESIAN_POINT('Origin',(12.,-12.,15.));
#18764=CARTESIAN_POINT('Origin',(-12.,-12.,15.));
#18765=CARTESIAN_POINT('',(0.,0.,0.));
#18766=CARTESIAN_POINT('Origin',(10.,0.,0.));
#18767=CARTESIAN_POINT('',(9.9,-1.22464679914735E-16,-1.));
#18768=CARTESIAN_POINT('Origin',(9.9,0.,0.));
#18769=CARTESIAN_POINT('',(10.,-1.10218211923262E-16,-0.899999999999998));
#18770=CARTESIAN_POINT('',(10.,-1.10218211923262E-16,-0.899999999999998));
#18771=CARTESIAN_POINT('Origin',(10.,0.,0.));
#18772=CARTESIAN_POINT('Origin',(0.25,0.,0.));
#18773=CARTESIAN_POINT('',(0.25,1.95943487863577E-16,-1.6));
#18774=CARTESIAN_POINT('',(0.25,-1.95943487863577E-16,1.6));
#18775=CARTESIAN_POINT('Origin',(0.25,0.,0.));
#18776=CARTESIAN_POINT('Origin',(0.25,0.,0.));
#18777=CARTESIAN_POINT('',(0.,-1.65327317884893E-16,1.35));
#18778=CARTESIAN_POINT('Origin',(0.25,-1.65327317884893E-16,1.35));
#18779=CARTESIAN_POINT('Origin',(0.,0.,0.));
#18780=CARTESIAN_POINT('Origin',(10.,0.,0.));
#18781=CARTESIAN_POINT('',(2.,-1.22464679914735E-16,-1.));
#18782=CARTESIAN_POINT('Origin',(2.,0.,0.));
#18783=CARTESIAN_POINT('',(10.,-1.22464679914735E-16,-1.));
#18784=CARTESIAN_POINT('Origin',(2.,0.,0.));
#18785=CARTESIAN_POINT('',(2.,-1.95943487863577E-16,-1.6));
#18786=CARTESIAN_POINT('',(2.,-1.95943487863577E-16,-1.6));
#18787=CARTESIAN_POINT('Origin',(2.,0.,0.));
#18788=CARTESIAN_POINT('Origin',(2.,0.,0.));
#18789=CARTESIAN_POINT('Origin',(0.,0.,0.));
#18790=CARTESIAN_POINT('Origin',(10.,0.,0.));
#18791=CARTESIAN_POINT('',(0.,0.,0.));
#18792=CARTESIAN_POINT('Origin',(18.,0.,0.));
#18793=CARTESIAN_POINT('',(17.9,-1.22464679914735E-16,-1.));
#18794=CARTESIAN_POINT('Origin',(17.9,0.,0.));
#18795=CARTESIAN_POINT('',(18.,-1.10218211923261E-16,-0.899999999999996));
#18796=CARTESIAN_POINT('',(18.,-1.10218211923261E-16,-0.899999999999996));
#18797=CARTESIAN_POINT('Origin',(18.,0.,0.));
#18798=CARTESIAN_POINT('Origin',(0.25,0.,0.));
#18799=CARTESIAN_POINT('',(0.25,2.32682891837997E-16,-1.9));
#18800=CARTESIAN_POINT('',(0.25,-2.32682891837997E-16,1.9));
#18801=CARTESIAN_POINT('Origin',(0.25,0.,0.));
#18802=CARTESIAN_POINT('Origin',(0.25,0.,0.));
#18803=CARTESIAN_POINT('',(0.,-2.02066721859313E-16,1.65));
#18804=CARTESIAN_POINT('Origin',(0.25,-2.02066721859313E-16,1.65));
#18805=CARTESIAN_POINT('Origin',(0.,0.,0.));
#18806=CARTESIAN_POINT('Origin',(18.,0.,0.));
#18807=CARTESIAN_POINT('',(2.,-1.22464679914735E-16,-1.));
#18808=CARTESIAN_POINT('Origin',(2.,0.,0.));
#18809=CARTESIAN_POINT('',(18.,-1.22464679914735E-16,-1.));
#18810=CARTESIAN_POINT('Origin',(2.,0.,0.));
#18811=CARTESIAN_POINT('',(2.,-2.32682891837997E-16,-1.9));
#18812=CARTESIAN_POINT('',(2.,-2.32682891837997E-16,-1.9));
#18813=CARTESIAN_POINT('Origin',(2.,0.,0.));
#18814=CARTESIAN_POINT('Origin',(2.,0.,0.));
#18815=CARTESIAN_POINT('Origin',(0.,0.,0.));
#18816=CARTESIAN_POINT('Origin',(18.,0.,0.));
#18817=CARTESIAN_POINT('',(0.,0.,0.));
#18818=CARTESIAN_POINT('Origin',(0.,-25.,0.));
#18819=CARTESIAN_POINT('',(-1.53080849893419E-16,0.,-1.25));
#18820=CARTESIAN_POINT('Origin',(0.,0.,0.));
#18821=CARTESIAN_POINT('',(-1.53080849893419E-16,-25.,-1.25));
#18822=CARTESIAN_POINT('',(-1.53080849893419E-16,-25.,-1.25));
#18823=CARTESIAN_POINT('Origin',(0.,-25.,0.));
#18824=CARTESIAN_POINT('Origin',(0.,2.4,0.));
#18825=CARTESIAN_POINT('',(-2.20436423846524E-16,2.5,-1.8));
#18826=CARTESIAN_POINT('Origin',(0.,2.5,0.));
#18827=CARTESIAN_POINT('',(-2.32682891837997E-16,2.4,-1.9));
#18828=CARTESIAN_POINT('Origin',(-2.20436423846524E-16,2.4,-1.8));
#18829=CARTESIAN_POINT('',(2.32682891837997E-16,2.4,1.9));
#18830=CARTESIAN_POINT('Origin',(0.,2.4,0.));
#18831=CARTESIAN_POINT('Origin',(0.,2.4,0.));
#18832=CARTESIAN_POINT('Origin',(0.,2.5,0.));
#18833=CARTESIAN_POINT('',(-2.32682891837997E-16,0.,1.9));
#18834=CARTESIAN_POINT('Origin',(0.,0.,0.));
#18835=CARTESIAN_POINT('',(-2.32682891837997E-16,2.5,1.9));
#18836=CARTESIAN_POINT('Origin',(0.,2.5,0.));
#18837=CARTESIAN_POINT('Origin',(0.,0.,0.));
#18838=CARTESIAN_POINT('Origin',(0.,-25.,0.));
#18839=CARTESIAN_POINT('',(0.,0.,0.));
#18840=CARTESIAN_POINT('Origin',(0.,0.,4.5));
#18841=CARTESIAN_POINT('',(1.,-1.22464679914735E-16,0.5));
#18842=CARTESIAN_POINT('Origin',(0.,0.,0.5));
#18843=CARTESIAN_POINT('',(1.,-1.22464679914735E-16,4.5));
#18844=CARTESIAN_POINT('',(1.,-1.22464679914735E-16,4.5));
#18845=CARTESIAN_POINT('Origin',(0.,0.,4.5));
#18846=CARTESIAN_POINT('Origin',(0.,0.,0.5));
#18847=CARTESIAN_POINT('',(2.,-2.44929359829471E-16,0.));
#18848=CARTESIAN_POINT('Origin',(0.,0.,0.));
#18849=CARTESIAN_POINT('',(2.,-2.44929359829471E-16,0.5));
#18850=CARTESIAN_POINT('',(2.,-2.44929359829471E-16,0.5));
#18851=CARTESIAN_POINT('Origin',(0.,0.,0.5));
#18852=CARTESIAN_POINT('Origin',(0.,0.,0.5));
#18853=CARTESIAN_POINT('Origin',(0.,0.,0.));
#18854=CARTESIAN_POINT('Origin',(0.,0.,4.5));
#18855=CARTESIAN_POINT('',(0.,0.,0.));
#18856=CARTESIAN_POINT('Origin',(-12.,0.,0.));
#18857=CARTESIAN_POINT('',(-13.,-1.22464679914735E-16,0.));
#18858=CARTESIAN_POINT('Origin',(-12.,0.,0.));
#18859=CARTESIAN_POINT('',(-13.,-1.22464679914735E-16,5.8));
#18860=CARTESIAN_POINT('',(-13.,-1.22464679914735E-16,0.));
#18861=CARTESIAN_POINT('Origin',(-12.,0.,5.8));
#18862=CARTESIAN_POINT('Origin',(-8.5,0.,0.));
#18863=CARTESIAN_POINT('',(-9.5,-1.22464679914735E-16,0.));
#18864=CARTESIAN_POINT('Origin',(-8.5,0.,0.));
#18865=CARTESIAN_POINT('',(-9.5,-1.22464679914735E-16,5.8));
#18866=CARTESIAN_POINT('',(-9.5,-1.22464679914735E-16,0.));
#18867=CARTESIAN_POINT('Origin',(-8.5,0.,5.8));
#18868=CARTESIAN_POINT('Origin',(-14.,-1.65,14.));
#18869=CARTESIAN_POINT('',(-6.3,-1.65,14.));
#18870=CARTESIAN_POINT('',(13.8,-1.65,14.));
#18871=CARTESIAN_POINT('',(10.2990381056767,-1.65,14.));
#18872=CARTESIAN_POINT('',(-6.3,-1.65,5.8));
#18873=CARTESIAN_POINT('',(-6.3,-1.65,14.));
#18874=CARTESIAN_POINT('',(-11.5,-1.65,5.8));
#18875=CARTESIAN_POINT('',(-14.,-1.65,5.8));
#18876=CARTESIAN_POINT('',(-11.5,-1.65,0.));
#18877=CARTESIAN_POINT('',(-11.5,-1.65,14.));
#18878=CARTESIAN_POINT('',(13.8,-1.65,0.));
#18879=CARTESIAN_POINT('',(-14.,-1.65,0.));
#18880=CARTESIAN_POINT('',(13.8,-1.65,14.));
#18881=CARTESIAN_POINT('Origin',(14.,-1.65,14.));
#18882=CARTESIAN_POINT('',(14.,1.45,0.));
#18883=CARTESIAN_POINT('',(14.,1.45,14.));
#18884=CARTESIAN_POINT('',(14.,1.45,14.));
#18885=CARTESIAN_POINT('',(14.,-1.45,14.));
#18886=CARTESIAN_POINT('',(14.,-1.45,14.));
#18887=CARTESIAN_POINT('',(14.,-1.45,0.));
#18888=CARTESIAN_POINT('',(14.,-1.45,14.));
#18889=CARTESIAN_POINT('',(14.,-1.65,0.));
#18890=CARTESIAN_POINT('Origin',(-14.,1.65,14.));
#18891=CARTESIAN_POINT('',(-6.30000000000001,1.65,5.8));
#18892=CARTESIAN_POINT('',(-6.30000000000001,1.65,14.));
#18893=CARTESIAN_POINT('',(-6.30000000000001,1.65,14.));
#18894=CARTESIAN_POINT('',(13.8,1.65,14.));
#18895=CARTESIAN_POINT('',(13.8,1.65,14.));
#18896=CARTESIAN_POINT('',(13.8,1.65,0.));
#18897=CARTESIAN_POINT('',(13.8,1.65,14.));
#18898=CARTESIAN_POINT('',(-11.5,1.65,0.));
#18899=CARTESIAN_POINT('',(-14.,1.65,0.));
#18900=CARTESIAN_POINT('',(-11.5,1.65,5.8));
#18901=CARTESIAN_POINT('',(-11.5,1.65,14.));
#18902=CARTESIAN_POINT('',(-14.,1.65,5.8));
#18903=CARTESIAN_POINT('Origin',(-14.,-1.65,14.));
#18904=CARTESIAN_POINT('',(-14.,3.09999999999999,0.));
#18905=CARTESIAN_POINT('',(-14.,-3.1,0.));
#18906=CARTESIAN_POINT('',(-14.,-1.65,0.));
#18907=CARTESIAN_POINT('',(-14.,-3.1,5.8));
#18908=CARTESIAN_POINT('',(-14.,-3.1,2.));
#18909=CARTESIAN_POINT('',(-14.,3.09999999999999,5.8));
#18910=CARTESIAN_POINT('',(-14.,1.65,5.8));
#18911=CARTESIAN_POINT('',(-14.,3.09999999999999,0.));
#18912=CARTESIAN_POINT('Origin',(0.,0.,0.));
#18913=CARTESIAN_POINT('',(-12.,-3.1,0.));
#18914=CARTESIAN_POINT('',(-12.,-2.15,0.));
#18915=CARTESIAN_POINT('',(-12.,-1.65,0.));
#18916=CARTESIAN_POINT('',(-12.2,-3.3,0.));
#18917=CARTESIAN_POINT('',(-4.4499999999999,4.44999999999997,0.));
#18918=CARTESIAN_POINT('',(-13.8,-3.3,0.));
#18919=CARTESIAN_POINT('',(-14.,-3.3,0.));
#18920=CARTESIAN_POINT('',(-8.55,-8.55,0.));
#18921=CARTESIAN_POINT('',(-13.8,3.3,0.));
#18922=CARTESIAN_POINT('',(-8.55000000000001,8.55,0.));
#18923=CARTESIAN_POINT('',(-12.2,3.3,0.));
#18924=CARTESIAN_POINT('',(-14.,3.3,0.));
#18925=CARTESIAN_POINT('',(-12.,3.1,0.));
#18926=CARTESIAN_POINT('',(-4.45,-4.45,0.));
#18927=CARTESIAN_POINT('',(-12.,2.15,0.));
#18928=CARTESIAN_POINT('',(-12.,1.65,0.));
#18929=CARTESIAN_POINT('Origin',(-11.5,2.15,0.));
#18930=CARTESIAN_POINT('',(7.72499999999988,7.72500000000001,0.));
#18931=CARTESIAN_POINT('',(7.72499999999988,-7.72500000000001,0.));
#18932=CARTESIAN_POINT('Origin',(-11.5,-2.15,0.));
#18933=CARTESIAN_POINT('Origin',(-6.5,1.65,14.));
#18934=CARTESIAN_POINT('',(-6.5,-1.45,5.8));
#18935=CARTESIAN_POINT('',(-6.5,-1.45,14.));
#18936=CARTESIAN_POINT('',(-6.5,-1.45,14.));
#18937=CARTESIAN_POINT('',(-6.5,1.45,14.));
#18938=CARTESIAN_POINT('',(-6.5,1.45,14.));
#18939=CARTESIAN_POINT('',(-6.5,1.45,5.8));
#18940=CARTESIAN_POINT('',(-6.5,1.45,14.));
#18941=CARTESIAN_POINT('',(-6.5,1.65,5.8));
#18942=CARTESIAN_POINT('Origin',(-14.,1.65,5.8));
#18943=CARTESIAN_POINT('',(-13.8,-3.3,5.8));
#18944=CARTESIAN_POINT('',(-12.2,-3.3,5.8));
#18945=CARTESIAN_POINT('',(-14.,-3.3,5.8));
#18946=CARTESIAN_POINT('',(-12.,-3.1,5.8));
#18947=CARTESIAN_POINT('',(-12.2,-3.3,5.8));
#18948=CARTESIAN_POINT('',(-12.,-2.15,5.8));
#18949=CARTESIAN_POINT('',(-12.,-1.65,5.8));
#18950=CARTESIAN_POINT('Origin',(-11.5,-2.15,5.8));
#18951=CARTESIAN_POINT('',(-11.8000000000001,3.84999999999997,5.8));
#18952=CARTESIAN_POINT('',(-10.15,-2.2,5.8));
#18953=CARTESIAN_POINT('',(-12.,2.15,5.8));
#18954=CARTESIAN_POINT('Origin',(-11.5,2.15,5.8));
#18955=CARTESIAN_POINT('',(-12.,3.1,5.8));
#18956=CARTESIAN_POINT('',(-12.,1.65,5.8));
#18957=CARTESIAN_POINT('',(-12.2,3.3,5.8));
#18958=CARTESIAN_POINT('',(-12.,3.1,5.8));
#18959=CARTESIAN_POINT('',(-13.8,3.3,5.8));
#18960=CARTESIAN_POINT('',(-14.,3.3,5.8));
#18961=CARTESIAN_POINT('',(-13.8,3.3,5.8));
#18962=CARTESIAN_POINT('',(-14.,-3.1,5.8));
#18963=CARTESIAN_POINT('Origin',(-12.,1.65,-2.59277843249283));
#18964=CARTESIAN_POINT('',(-12.,2.15,-2.59277843249283));
#18965=CARTESIAN_POINT('',(-12.,3.1,-2.59277843249283));
#18966=CARTESIAN_POINT('Origin',(-14.,3.3,-2.59277843249283));
#18967=CARTESIAN_POINT('',(-13.8,3.3,2.));
#18968=CARTESIAN_POINT('',(-12.2,3.3,-2.59277843249283));
#18969=CARTESIAN_POINT('Origin',(-14.,-3.3,-2.59277843249283));
#18970=CARTESIAN_POINT('',(-12.2,-3.3,-2.59277843249283));
#18971=CARTESIAN_POINT('',(-13.8,-3.3,0.));
#18972=CARTESIAN_POINT('Origin',(-12.,-1.65,-2.59277843249283));
#18973=CARTESIAN_POINT('',(-12.,-2.15,-2.59277843249283));
#18974=CARTESIAN_POINT('',(-12.,-3.1,-2.59277843249283));
#18975=CARTESIAN_POINT('Origin',(-6.30000000000001,1.65,14.));
#18976=CARTESIAN_POINT('',(-6.30000000000001,1.65,14.));
#18977=CARTESIAN_POINT('Origin',(-6.5,-1.45,14.));
#18978=CARTESIAN_POINT('',(-6.5,-1.45,14.));
#18979=CARTESIAN_POINT('Origin',(-12.2,-3.3,-2.59277843249283));
#18980=CARTESIAN_POINT('Origin',(-14.,-3.1,14.));
#18981=CARTESIAN_POINT('Origin',(-13.8,3.3,-2.59277843249283));
#18982=CARTESIAN_POINT('Origin',(-12.,3.1,-2.59277843249283));
#18983=CARTESIAN_POINT('Origin',(14.,-1.45,14.));
#18984=CARTESIAN_POINT('',(13.8,-1.65,14.));
#18985=CARTESIAN_POINT('Origin',(13.8,1.65,14.));
#18986=CARTESIAN_POINT('',(14.,1.45,14.));
#18987=CARTESIAN_POINT('Origin',(-11.5,-2.15,-2.59277843249283));
#18988=CARTESIAN_POINT('Origin',(-11.5,2.15,14.));
#18989=CARTESIAN_POINT('Origin',(9.,0.,14.));
#18990=CARTESIAN_POINT('',(36.8999999999374,60.5154834118367,-325.659427639534));
#18991=CARTESIAN_POINT('',(31.3999999999373,51.8154834118367,-325.659427639534));
#18992=CARTESIAN_POINT('',(-6.36837560484012E-11,-70.2845165881655,-325.639427639536));
#18993=CARTESIAN_POINT('',(-6.36845060179542E-11,-71.9845165881655,-325.639427639536));
#18994=CARTESIAN_POINT('',(-23.6000000000637,5.81548341183445,-325.639427639536));
#18995=CARTESIAN_POINT('',(-41.5000000000637,-45.9845165881655,-337.139427639536));
#18996=CARTESIAN_POINT('',(-8.50000000006226,57.0154834118323,-313.139427639535));
#18997=CARTESIAN_POINT('',(-24.0000000000635,-71.7845165881666,-316.139427639536));
#18998=CARTESIAN_POINT('',(-23.500735010215,94.0154834118347,-258.525085109658));
#18999=CARTESIAN_POINT('',(-27.5000000000637,-57.4845165881655,-325.639427639536));
#19000=CARTESIAN_POINT('',(22.8999999999333,44.0154834118382,-325.659427639535));
#19001=CARTESIAN_POINT('',(34.8999999999344,51.8154834118351,-325.659427639534));
#19002=CARTESIAN_POINT('',(-31.4000000000626,51.8154834118367,-325.659427639534));
#19003=CARTESIAN_POINT('',(-34.9000000000627,51.8154834118367,-325.659427639535));
#19004=CARTESIAN_POINT('',(-41.5000000000637,-45.9845165881655,-314.139427639536));
#19005=CARTESIAN_POINT('',(-41.5000000000637,-68.9845165881655,-314.139427639536));
#19006=CARTESIAN_POINT('',(-41.5000000000637,-68.9845165881655,-337.139427639536));
#19007=CARTESIAN_POINT('',(8.49999999993633,57.0154834118344,-313.139427639536));
#19008=CARTESIAN_POINT('',(8.49999999993785,57.0154834118321,-338.139427639535));
#19009=CARTESIAN_POINT('',(-8.5000000000852,57.0154834118344,-338.139427639504));
#19010=CARTESIAN_POINT('',(23.9999999999363,-71.7845165881655,-335.139427639536));
#19011=CARTESIAN_POINT('',(-24.0000000000634,-71.7845165881667,-335.139427639536));
#19012=CARTESIAN_POINT('',(23.9999999999366,-71.7845165881666,-316.139427639536));
#19013=CARTESIAN_POINT('',(-22.9000000000626,44.0154834118367,-325.659427639535));
#19014=UNCERTAINTY_MEASURE_WITH_UNIT(LENGTH_MEASURE(0.01),#19040,
'DISTANCE_ACCURACY_VALUE',
'Maximum model space distance between geometric entities at asserted c
onnectivities');
#19015=UNCERTAINTY_MEASURE_WITH_UNIT(LENGTH_MEASURE(0.01),#19040,
'DISTANCE_ACCURACY_VALUE',
'Maximum model space distance between geometric entities at asserted c
onnectivities');
#19016=UNCERTAINTY_MEASURE_WITH_UNIT(LENGTH_MEASURE(0.01),#19040,
'DISTANCE_ACCURACY_VALUE',
'Maximum model space distance between geometric entities at asserted c
onnectivities');
#19017=UNCERTAINTY_MEASURE_WITH_UNIT(LENGTH_MEASURE(0.01),#19040,
'DISTANCE_ACCURACY_VALUE',
'Maximum model space distance between geometric entities at asserted c
onnectivities');
#19018=UNCERTAINTY_MEASURE_WITH_UNIT(LENGTH_MEASURE(0.01),#19040,
'DISTANCE_ACCURACY_VALUE',
'Maximum model space distance between geometric entities at asserted c
onnectivities');
#19019=UNCERTAINTY_MEASURE_WITH_UNIT(LENGTH_MEASURE(0.01),#19040,
'DISTANCE_ACCURACY_VALUE',
'Maximum model space distance between geometric entities at asserted c
onnectivities');
#19020=UNCERTAINTY_MEASURE_WITH_UNIT(LENGTH_MEASURE(0.01),#19040,
'DISTANCE_ACCURACY_VALUE',
'Maximum model space distance between geometric entities at asserted c
onnectivities');
#19021=UNCERTAINTY_MEASURE_WITH_UNIT(LENGTH_MEASURE(0.01),#19040,
'DISTANCE_ACCURACY_VALUE',
'Maximum model space distance between geometric entities at asserted c
onnectivities');
#19022=UNCERTAINTY_MEASURE_WITH_UNIT(LENGTH_MEASURE(0.01),#19040,
'DISTANCE_ACCURACY_VALUE',
'Maximum model space distance between geometric entities at asserted c
onnectivities');
#19023=UNCERTAINTY_MEASURE_WITH_UNIT(LENGTH_MEASURE(0.01),#19040,
'DISTANCE_ACCURACY_VALUE',
'Maximum model space distance between geometric entities at asserted c
onnectivities');
#19024=UNCERTAINTY_MEASURE_WITH_UNIT(LENGTH_MEASURE(0.01),#19040,
'DISTANCE_ACCURACY_VALUE',
'Maximum model space distance between geometric entities at asserted c
onnectivities');
#19025=UNCERTAINTY_MEASURE_WITH_UNIT(LENGTH_MEASURE(0.01),#19040,
'DISTANCE_ACCURACY_VALUE',
'Maximum model space distance between geometric entities at asserted c
onnectivities');
#19026=UNCERTAINTY_MEASURE_WITH_UNIT(LENGTH_MEASURE(0.01),#19040,
'DISTANCE_ACCURACY_VALUE',
'Maximum model space distance between geometric entities at asserted c
onnectivities');
#19027=(
GEOMETRIC_REPRESENTATION_CONTEXT(3)
GLOBAL_UNCERTAINTY_ASSIGNED_CONTEXT((#19014))
GLOBAL_UNIT_ASSIGNED_CONTEXT((#19040,#19042,#19043))
REPRESENTATION_CONTEXT('','3D')
);
#19028=(
GEOMETRIC_REPRESENTATION_CONTEXT(3)
GLOBAL_UNCERTAINTY_ASSIGNED_CONTEXT((#19015))
GLOBAL_UNIT_ASSIGNED_CONTEXT((#19040,#19042,#19043))
REPRESENTATION_CONTEXT('','3D')
);
#19029=(
GEOMETRIC_REPRESENTATION_CONTEXT(3)
GLOBAL_UNCERTAINTY_ASSIGNED_CONTEXT((#19016))
GLOBAL_UNIT_ASSIGNED_CONTEXT((#19040,#19042,#19043))
REPRESENTATION_CONTEXT('','3D')
);
#19030=(
GEOMETRIC_REPRESENTATION_CONTEXT(3)
GLOBAL_UNCERTAINTY_ASSIGNED_CONTEXT((#19017))
GLOBAL_UNIT_ASSIGNED_CONTEXT((#19040,#19042,#19043))
REPRESENTATION_CONTEXT('','3D')
);
#19031=(
GEOMETRIC_REPRESENTATION_CONTEXT(3)
GLOBAL_UNCERTAINTY_ASSIGNED_CONTEXT((#19018))
GLOBAL_UNIT_ASSIGNED_CONTEXT((#19040,#19042,#19043))
REPRESENTATION_CONTEXT('','3D')
);
#19032=(
GEOMETRIC_REPRESENTATION_CONTEXT(3)
GLOBAL_UNCERTAINTY_ASSIGNED_CONTEXT((#19019))
GLOBAL_UNIT_ASSIGNED_CONTEXT((#19040,#19042,#19043))
REPRESENTATION_CONTEXT('','3D')
);
#19033=(
GEOMETRIC_REPRESENTATION_CONTEXT(3)
GLOBAL_UNCERTAINTY_ASSIGNED_CONTEXT((#19020))
GLOBAL_UNIT_ASSIGNED_CONTEXT((#19040,#19042,#19043))
REPRESENTATION_CONTEXT('','3D')
);
#19034=(
GEOMETRIC_REPRESENTATION_CONTEXT(3)
GLOBAL_UNCERTAINTY_ASSIGNED_CONTEXT((#19021))
GLOBAL_UNIT_ASSIGNED_CONTEXT((#19040,#19042,#19043))
REPRESENTATION_CONTEXT('','3D')
);
#19035=(
GEOMETRIC_REPRESENTATION_CONTEXT(3)
GLOBAL_UNCERTAINTY_ASSIGNED_CONTEXT((#19022))
GLOBAL_UNIT_ASSIGNED_CONTEXT((#19040,#19042,#19043))
REPRESENTATION_CONTEXT('','3D')
);
#19036=(
GEOMETRIC_REPRESENTATION_CONTEXT(3)
GLOBAL_UNCERTAINTY_ASSIGNED_CONTEXT((#19023))
GLOBAL_UNIT_ASSIGNED_CONTEXT((#19040,#19042,#19043))
REPRESENTATION_CONTEXT('','3D')
);
#19037=(
GEOMETRIC_REPRESENTATION_CONTEXT(3)
GLOBAL_UNCERTAINTY_ASSIGNED_CONTEXT((#19024))
GLOBAL_UNIT_ASSIGNED_CONTEXT((#19040,#19042,#19043))
REPRESENTATION_CONTEXT('','3D')
);
#19038=(
GEOMETRIC_REPRESENTATION_CONTEXT(3)
GLOBAL_UNCERTAINTY_ASSIGNED_CONTEXT((#19025))
GLOBAL_UNIT_ASSIGNED_CONTEXT((#19040,#19042,#19043))
REPRESENTATION_CONTEXT('','3D')
);
#19039=(
GEOMETRIC_REPRESENTATION_CONTEXT(3)
GLOBAL_UNCERTAINTY_ASSIGNED_CONTEXT((#19026))
GLOBAL_UNIT_ASSIGNED_CONTEXT((#19040,#19042,#19043))
REPRESENTATION_CONTEXT('','3D')
);
#19040=(
LENGTH_UNIT()
NAMED_UNIT(*)
SI_UNIT(.MILLI.,.METRE.)
);
#19041=(
LENGTH_UNIT()
NAMED_UNIT(*)
SI_UNIT($,.METRE.)
);
#19042=(
NAMED_UNIT(*)
PLANE_ANGLE_UNIT()
SI_UNIT($,.RADIAN.)
);
#19043=(
NAMED_UNIT(*)
SI_UNIT($,.STERADIAN.)
SOLID_ANGLE_UNIT()
);
#19044=SHAPE_DEFINITION_REPRESENTATION(#19056,#19092);
#19045=SHAPE_DEFINITION_REPRESENTATION(#19057,#19093);
#19046=SHAPE_DEFINITION_REPRESENTATION(#19058,#19094);
#19047=SHAPE_DEFINITION_REPRESENTATION(#19059,#19095);
#19048=SHAPE_DEFINITION_REPRESENTATION(#19060,#19096);
#19049=SHAPE_DEFINITION_REPRESENTATION(#19061,#19097);
#19050=SHAPE_DEFINITION_REPRESENTATION(#19062,#19098);
#19051=SHAPE_DEFINITION_REPRESENTATION(#19063,#19099);
#19052=SHAPE_DEFINITION_REPRESENTATION(#19064,#19100);
#19053=SHAPE_DEFINITION_REPRESENTATION(#19065,#19101);
#19054=SHAPE_DEFINITION_REPRESENTATION(#19066,#19102);
#19055=SHAPE_DEFINITION_REPRESENTATION(#19067,#19103);
#19056=PRODUCT_DEFINITION_SHAPE('',$,#19105);
#19057=PRODUCT_DEFINITION_SHAPE('',$,#19106);
#19058=PRODUCT_DEFINITION_SHAPE('',$,#19107);
#19059=PRODUCT_DEFINITION_SHAPE('',$,#19108);
#19060=PRODUCT_DEFINITION_SHAPE('',$,#19109);
#19061=PRODUCT_DEFINITION_SHAPE('',$,#19110);
#19062=PRODUCT_DEFINITION_SHAPE('',$,#19111);
#19063=PRODUCT_DEFINITION_SHAPE('',$,#19112);
#19064=PRODUCT_DEFINITION_SHAPE('',$,#19113);
#19065=PRODUCT_DEFINITION_SHAPE('',$,#19114);
#19066=PRODUCT_DEFINITION_SHAPE('',$,#19115);
#19067=PRODUCT_DEFINITION_SHAPE('',$,#19116);
#19068=PRODUCT_DEFINITION_SHAPE($,$,#83);
#19069=PRODUCT_DEFINITION_SHAPE($,$,#84);
#19070=PRODUCT_DEFINITION_SHAPE($,$,#85);
#19071=PRODUCT_DEFINITION_SHAPE($,$,#86);
#19072=PRODUCT_DEFINITION_SHAPE($,$,#87);
#19073=PRODUCT_DEFINITION_SHAPE($,$,#88);
#19074=PRODUCT_DEFINITION_SHAPE($,$,#89);
#19075=PRODUCT_DEFINITION_SHAPE($,$,#90);
#19076=PRODUCT_DEFINITION_SHAPE($,$,#91);
#19077=PRODUCT_DEFINITION_SHAPE($,$,#92);
#19078=PRODUCT_DEFINITION_SHAPE($,$,#93);
#19079=PRODUCT_DEFINITION_SHAPE($,$,#94);
#19080=PRODUCT_DEFINITION_SHAPE($,$,#95);
#19081=PRODUCT_DEFINITION_SHAPE($,$,#96);
#19082=PRODUCT_DEFINITION_SHAPE($,$,#97);
#19083=PRODUCT_DEFINITION_SHAPE($,$,#98);
#19084=PRODUCT_DEFINITION_SHAPE($,$,#99);
#19085=PRODUCT_DEFINITION_SHAPE($,$,#100);
#19086=PRODUCT_DEFINITION_SHAPE($,$,#101);
#19087=PRODUCT_DEFINITION_SHAPE($,$,#102);
#19088=PRODUCT_DEFINITION_SHAPE($,$,#103);
#19089=PRODUCT_DEFINITION_SHAPE($,$,#104);
#19090=PRODUCT_DEFINITION_SHAPE($,$,#105);
#19091=PRODUCT_DEFINITION_SHAPE($,$,#106);
#19092=SHAPE_REPRESENTATION('',(#10700,#11849,#11850,#11851,#11852,#11853,
#11854,#11855,#11856,#11857,#11858,#11859,#11860,#11861,#11862,#11863,#11864,
#11865,#11866,#11867,#11868,#11869,#11870,#11871,#11872),#19027);
#19093=SHAPE_REPRESENTATION('',(#10701),#19028);
#19094=SHAPE_REPRESENTATION('',(#10798),#19029);
#19095=SHAPE_REPRESENTATION('',(#11015),#19030);
#19096=SHAPE_REPRESENTATION('',(#11396),#19031);
#19097=SHAPE_REPRESENTATION('',(#11408),#19032);
#19098=SHAPE_REPRESENTATION('',(#11681),#19033);
#19099=SHAPE_REPRESENTATION('',(#11760),#19034);
#19100=SHAPE_REPRESENTATION('',(#11776),#19035);
#19101=SHAPE_REPRESENTATION('',(#11792),#19036);
#19102=SHAPE_REPRESENTATION('',(#11806),#19037);
#19103=SHAPE_REPRESENTATION('',(#11816),#19038);
#19104=PRODUCT_DEFINITION_CONTEXT('part definition',#19142,'design');
#19105=PRODUCT_DEFINITION('2026-04-03-17-40-48-721',
'\X\B5\X\E7\X\D7\X\A6\X\D6\X\F7\X\CC\X\E5^PGEA-100-40-W-\X\D0\X\E9\X\C4
\X\E2\X\D7\X\E9\X\BC\X\FE',#19117,#19104);
#19106=PRODUCT_DEFINITION('2026-04-03-17-40-48-721_1',
'\X\B8\X\B4\X\BC\X\FE \X\B8\X\B4\X\BC\X\FE \X\B8\X\B4\X\BC\X\FE PGE-50
U\X\BC\X\FE\X\C1\X\AC\X\BD\X\D3\X\B0\X\E5^\X\B5\X\E7\X\D7\X\A6\X\D6\X\F7
\X\CC\X\E5_PGEA-100-40-W-\X\D0\X\E9\X\C4\X\E2\X\D7\X\E9\X\BC\X\FE',#19118,
#19104);
#19107=PRODUCT_DEFINITION('2026-04-03-17-40-48-721_2','PGEA\X\B5\X\D7\X\B8
\X\C7',#19119,#19104);
#19108=PRODUCT_DEFINITION('2026-04-03-17-40-48-721_3',
'PGE50_Main cover',#19120,#19104);
#19109=PRODUCT_DEFINITION('2026-04-03-17-40-48-720','LIGHT-PIPE',#19121,
#19104);
#19110=PRODUCT_DEFINITION('2026-04-03-17-40-48-721_4',
'\X\B8\X\B4\X\BC\X\FE M12-PGEA-\X\C6\X\D5\X\CD\X\A8\X\CD\X\F8\X\CE\X\B2
V2-20241122^\X\B5\X\E7\X\D7\X\A6\X\D6\X\F7\X\CC\X\E5_PGEA-100-40-W-\X\D0
\X\E9\X\C4\X\E2\X\D7\X\E9\X\BC\X\FE',#19122,#19104);
#19111=PRODUCT_DEFINITION('2026-04-03-17-40-48-721_5',
'\X\B8\X\B4\X\BC\X\FE \X\CD\X\F8\X\CE\X\B2\X\B0\X\B2\X\D7\X\B0\X\BC\X\FE
A-20241119^\X\B5\X\E7\X\D7\X\A6\X\D6\X\F7\X\CC\X\E5_PGEA-100-40-W-\X\D0
\X\E9\X\C4\X\E2\X\D7\X\E9\X\BC\X\FE',#19123,#19104);
#19112=PRODUCT_DEFINITION('2026-04-03-17-40-48-720_1',
'hexagon socket head cap screws gb._GB_FASTENER_SCREWS_HSHCS M2X8-N',#19124,
#19104);
#19113=PRODUCT_DEFINITION('2026-04-03-17-40-48-721_6',
'hexagon socket head cap screws gb._GB_FASTENER_SCREWS_HSHCS M2X16-N',#19125,
#19104);
#19114=PRODUCT_DEFINITION('2026-04-03-17-40-48-720_2',
'\X\B8\X\B4\X\BC\X\FE M2.5x25 \X\CD\X\B7\X\BE\X\B63.8\X\BF\X\ED\X\B6\X\C8
2.5\X\D0\X\A1\X\D4\X\B2\X\D6\X\F9\X\CD\X\B7^\X\B5\X\E7\X\D7\X\A6\X\D6\X\F7
\X\CC\X\E5_PGEA-100-40-W-\X\D0\X\E9\X\C4\X\E2\X\D7\X\E9\X\BC\X\FE',#19126,
#19104);
#19115=PRODUCT_DEFINITION('2026-04-03-17-40-48-720_3',
'\X\B8\X\B4\X\BC\X\FE M2-4-4\X\CD\X\B7-0.5\X\BA\X\F1^\X\B5\X\E7\X\D7\X\A6
\X\D6\X\F7\X\CC\X\E5_PGEA-100-40-W-\X\D0\X\E9\X\C4\X\E2\X\D7\X\E9\X\BC
\X\FE',#19127,#19104);
#19116=PRODUCT_DEFINITION('2026-04-03-17-40-48-721_7',
'\X\B8\X\B4\X\BC\X\FE \X\B5\X\B2\X\C6\X\AC\X\D3\X\C5\X\BB\X\AF^\X\B5\X\E7
\X\D7\X\A6\X\D6\X\F7\X\CC\X\E5_PGEA-100-40-W-\X\D0\X\E9\X\C4\X\E2\X\D7
\X\E9\X\BC\X\FE',#19128,#19104);
#19117=PRODUCT_DEFINITION_FORMATION('',$,#19144);
#19118=PRODUCT_DEFINITION_FORMATION('',$,#19145);
#19119=PRODUCT_DEFINITION_FORMATION('',$,#19146);
#19120=PRODUCT_DEFINITION_FORMATION('',$,#19147);
#19121=PRODUCT_DEFINITION_FORMATION('',$,#19148);
#19122=PRODUCT_DEFINITION_FORMATION('',$,#19149);
#19123=PRODUCT_DEFINITION_FORMATION('',$,#19150);
#19124=PRODUCT_DEFINITION_FORMATION('',$,#19151);
#19125=PRODUCT_DEFINITION_FORMATION('',$,#19152);
#19126=PRODUCT_DEFINITION_FORMATION('',$,#19153);
#19127=PRODUCT_DEFINITION_FORMATION('',$,#19154);
#19128=PRODUCT_DEFINITION_FORMATION('',$,#19155);
#19129=PRODUCT_RELATED_PRODUCT_CATEGORY(
'\X\B5\X\E7\X\D7\X\A6\X\D6\X\F7\X\CC\X\E5^PGEA-100-40-W-\X\D0\X\E9\X\C4
\X\E2\X\D7\X\E9\X\BC\X\FE',
'\X\B5\X\E7\X\D7\X\A6\X\D6\X\F7\X\CC\X\E5^PGEA-100-40-W-\X\D0\X\E9\X\C4
\X\E2\X\D7\X\E9\X\BC\X\FE',(#19144));
#19130=PRODUCT_RELATED_PRODUCT_CATEGORY(
'\X\B8\X\B4\X\BC\X\FE \X\B8\X\B4\X\BC\X\FE \X\B8\X\B4\X\BC\X\FE PGE-50
U\X\BC\X\FE\X\C1\X\AC\X\BD\X\D3\X\B0\X\E5^\X\B5\X\E7\X\D7\X\A6\X\D6\X\F7
\X\CC\X\E5_PGEA-100-40-W-\X\D0\X\E9\X\C4\X\E2\X\D7\X\E9\X\BC\X\FE',
'\X\B8\X\B4\X\BC\X\FE \X\B8\X\B4\X\BC\X\FE \X\B8\X\B4\X\BC\X\FE PGE-50
U\X\BC\X\FE\X\C1\X\AC\X\BD\X\D3\X\B0\X\E5^\X\B5\X\E7\X\D7\X\A6\X\D6\X\F7
\X\CC\X\E5_PGEA-100-40-W-\X\D0\X\E9\X\C4\X\E2\X\D7\X\E9\X\BC\X\FE',(#19145));
#19131=PRODUCT_RELATED_PRODUCT_CATEGORY('PGEA\X\B5\X\D7\X\B8\X\C7',
'PGEA\X\B5\X\D7\X\B8\X\C7',(#19146));
#19132=PRODUCT_RELATED_PRODUCT_CATEGORY('PGE50_Main cover',
'PGE50_Main cover',(#19147));
#19133=PRODUCT_RELATED_PRODUCT_CATEGORY('LIGHT-PIPE','LIGHT-PIPE',(#19148));
#19134=PRODUCT_RELATED_PRODUCT_CATEGORY(
'\X\B8\X\B4\X\BC\X\FE M12-PGEA-\X\C6\X\D5\X\CD\X\A8\X\CD\X\F8\X\CE\X\B2
V2-20241122^\X\B5\X\E7\X\D7\X\A6\X\D6\X\F7\X\CC\X\E5_PGEA-100-40-W-\X\D0
\X\E9\X\C4\X\E2\X\D7\X\E9\X\BC\X\FE',
'\X\B8\X\B4\X\BC\X\FE M12-PGEA-\X\C6\X\D5\X\CD\X\A8\X\CD\X\F8\X\CE\X\B2
V2-20241122^\X\B5\X\E7\X\D7\X\A6\X\D6\X\F7\X\CC\X\E5_PGEA-100-40-W-\X\D0
\X\E9\X\C4\X\E2\X\D7\X\E9\X\BC\X\FE',(#19149));
#19135=PRODUCT_RELATED_PRODUCT_CATEGORY(
'\X\B8\X\B4\X\BC\X\FE \X\CD\X\F8\X\CE\X\B2\X\B0\X\B2\X\D7\X\B0\X\BC\X\FE
A-20241119^\X\B5\X\E7\X\D7\X\A6\X\D6\X\F7\X\CC\X\E5_PGEA-100-40-W-\X\D0
\X\E9\X\C4\X\E2\X\D7\X\E9\X\BC\X\FE',
'\X\B8\X\B4\X\BC\X\FE \X\CD\X\F8\X\CE\X\B2\X\B0\X\B2\X\D7\X\B0\X\BC\X\FE
A-20241119^\X\B5\X\E7\X\D7\X\A6\X\D6\X\F7\X\CC\X\E5_PGEA-100-40-W-\X\D0
\X\E9\X\C4\X\E2\X\D7\X\E9\X\BC\X\FE',(#19150));
#19136=PRODUCT_RELATED_PRODUCT_CATEGORY(
'hexagon socket head cap screws gb._GB_FASTENER_SCREWS_HSHCS M2X8-N',
'hexagon socket head cap screws gb._GB_FASTENER_SCREWS_HSHCS M2X8-N',(#19151));
#19137=PRODUCT_RELATED_PRODUCT_CATEGORY(
'hexagon socket head cap screws gb._GB_FASTENER_SCREWS_HSHCS M2X16-N',
'hexagon socket head cap screws gb._GB_FASTENER_SCREWS_HSHCS M2X16-N',(#19152));
#19138=PRODUCT_RELATED_PRODUCT_CATEGORY(
'\X\B8\X\B4\X\BC\X\FE M2.5x25 \X\CD\X\B7\X\BE\X\B63.8\X\BF\X\ED\X\B6\X\C8
2.5\X\D0\X\A1\X\D4\X\B2\X\D6\X\F9\X\CD\X\B7^\X\B5\X\E7\X\D7\X\A6\X\D6\X\F7
\X\CC\X\E5_PGEA-100-40-W-\X\D0\X\E9\X\C4\X\E2\X\D7\X\E9\X\BC\X\FE',
'\X\B8\X\B4\X\BC\X\FE M2.5x25 \X\CD\X\B7\X\BE\X\B63.8\X\BF\X\ED\X\B6\X\C8
2.5\X\D0\X\A1\X\D4\X\B2\X\D6\X\F9\X\CD\X\B7^\X\B5\X\E7\X\D7\X\A6\X\D6\X\F7
\X\CC\X\E5_PGEA-100-40-W-\X\D0\X\E9\X\C4\X\E2\X\D7\X\E9\X\BC\X\FE',(#19153));
#19139=PRODUCT_RELATED_PRODUCT_CATEGORY(
'\X\B8\X\B4\X\BC\X\FE M2-4-4\X\CD\X\B7-0.5\X\BA\X\F1^\X\B5\X\E7\X\D7\X\A6
\X\D6\X\F7\X\CC\X\E5_PGEA-100-40-W-\X\D0\X\E9\X\C4\X\E2\X\D7\X\E9\X\BC
\X\FE',
'\X\B8\X\B4\X\BC\X\FE M2-4-4\X\CD\X\B7-0.5\X\BA\X\F1^\X\B5\X\E7\X\D7\X\A6
\X\D6\X\F7\X\CC\X\E5_PGEA-100-40-W-\X\D0\X\E9\X\C4\X\E2\X\D7\X\E9\X\BC
\X\FE',(#19154));
#19140=PRODUCT_RELATED_PRODUCT_CATEGORY(
'\X\B8\X\B4\X\BC\X\FE \X\B5\X\B2\X\C6\X\AC\X\D3\X\C5\X\BB\X\AF^\X\B5\X\E7
\X\D7\X\A6\X\D6\X\F7\X\CC\X\E5_PGEA-100-40-W-\X\D0\X\E9\X\C4\X\E2\X\D7
\X\E9\X\BC\X\FE',
'\X\B8\X\B4\X\BC\X\FE \X\B5\X\B2\X\C6\X\AC\X\D3\X\C5\X\BB\X\AF^\X\B5\X\E7
\X\D7\X\A6\X\D6\X\F7\X\CC\X\E5_PGEA-100-40-W-\X\D0\X\E9\X\C4\X\E2\X\D7
\X\E9\X\BC\X\FE',(#19155));
#19141=APPLICATION_PROTOCOL_DEFINITION('international standard',
'automotive_design',2009,#19142);
#19142=APPLICATION_CONTEXT(
'Core Data for Automotive Mechanical Design Process');
#19143=PRODUCT_CONTEXT('part definition',#19142,'mechanical');
#19144=PRODUCT('2026-04-03-17-40-48-721',
'\X\B5\X\E7\X\D7\X\A6\X\D6\X\F7\X\CC\X\E5^PGEA-100-40-W-\X\D0\X\E9\X\C4
\X\E2\X\D7\X\E9\X\BC\X\FE',$,(#19143));
#19145=PRODUCT('2026-04-03-17-40-48-721_1',
'\X\B8\X\B4\X\BC\X\FE \X\B8\X\B4\X\BC\X\FE \X\B8\X\B4\X\BC\X\FE PGE-50
U\X\BC\X\FE\X\C1\X\AC\X\BD\X\D3\X\B0\X\E5^\X\B5\X\E7\X\D7\X\A6\X\D6\X\F7
\X\CC\X\E5_PGEA-100-40-W-\X\D0\X\E9\X\C4\X\E2\X\D7\X\E9\X\BC\X\FE',$,(#19143));
#19146=PRODUCT('2026-04-03-17-40-48-721_2','PGEA\X\B5\X\D7\X\B8\X\C7',$,
(#19143));
#19147=PRODUCT('2026-04-03-17-40-48-721_3','PGE50_Main cover',$,(#19143));
#19148=PRODUCT('2026-04-03-17-40-48-720','LIGHT-PIPE',$,(#19143));
#19149=PRODUCT('2026-04-03-17-40-48-721_4',
'\X\B8\X\B4\X\BC\X\FE M12-PGEA-\X\C6\X\D5\X\CD\X\A8\X\CD\X\F8\X\CE\X\B2
V2-20241122^\X\B5\X\E7\X\D7\X\A6\X\D6\X\F7\X\CC\X\E5_PGEA-100-40-W-\X\D0
\X\E9\X\C4\X\E2\X\D7\X\E9\X\BC\X\FE',$,(#19143));
#19150=PRODUCT('2026-04-03-17-40-48-721_5',
'\X\B8\X\B4\X\BC\X\FE \X\CD\X\F8\X\CE\X\B2\X\B0\X\B2\X\D7\X\B0\X\BC\X\FE
A-20241119^\X\B5\X\E7\X\D7\X\A6\X\D6\X\F7\X\CC\X\E5_PGEA-100-40-W-\X\D0
\X\E9\X\C4\X\E2\X\D7\X\E9\X\BC\X\FE',$,(#19143));
#19151=PRODUCT('2026-04-03-17-40-48-720_1',
'hexagon socket head cap screws gb._GB_FASTENER_SCREWS_HSHCS M2X8-N',$,
(#19143));
#19152=PRODUCT('2026-04-03-17-40-48-721_6',
'hexagon socket head cap screws gb._GB_FASTENER_SCREWS_HSHCS M2X16-N',$,
(#19143));
#19153=PRODUCT('2026-04-03-17-40-48-720_2',
'\X\B8\X\B4\X\BC\X\FE M2.5x25 \X\CD\X\B7\X\BE\X\B63.8\X\BF\X\ED\X\B6\X\C8
2.5\X\D0\X\A1\X\D4\X\B2\X\D6\X\F9\X\CD\X\B7^\X\B5\X\E7\X\D7\X\A6\X\D6\X\F7
\X\CC\X\E5_PGEA-100-40-W-\X\D0\X\E9\X\C4\X\E2\X\D7\X\E9\X\BC\X\FE',$,(#19143));
#19154=PRODUCT('2026-04-03-17-40-48-720_3',
'\X\B8\X\B4\X\BC\X\FE M2-4-4\X\CD\X\B7-0.5\X\BA\X\F1^\X\B5\X\E7\X\D7\X\A6
\X\D6\X\F7\X\CC\X\E5_PGEA-100-40-W-\X\D0\X\E9\X\C4\X\E2\X\D7\X\E9\X\BC
\X\FE',$,(#19143));
#19155=PRODUCT('2026-04-03-17-40-48-721_7',
'\X\B8\X\B4\X\BC\X\FE \X\B5\X\B2\X\C6\X\AC\X\D3\X\C5\X\BB\X\AF^\X\B5\X\E7
\X\D7\X\A6\X\D6\X\F7\X\CC\X\E5_PGEA-100-40-W-\X\D0\X\E9\X\C4\X\E2\X\D7
\X\E9\X\BC\X\FE',$,(#19143));
#19156=PRESENTATION_STYLE_ASSIGNMENT((#19157));
#19157=SURFACE_STYLE_USAGE(.BOTH.,#19158);
#19158=SURFACE_SIDE_STYLE('',(#19159));
#19159=SURFACE_STYLE_FILL_AREA(#19160);
#19160=FILL_AREA_STYLE('\X2\AC15CCA0\X0\ - \X2\C0C8D2F4\X0\',(#19161));
#19161=FILL_AREA_STYLE_COLOUR('\X2\AC15CCA0\X0\ - \X2\C0C8D2F4\X0\',#19162);
#19162=COLOUR_RGB('\X2\AC15CCA0\X0\ - \X2\C0C8D2F4\X0\',0.627450980392157,
0.627450980392157,0.627450980392157);
ENDSEC;
END-ISO-10303-21;
